1860;03;11;7;-10.4;60.6185;15.6574
1860;03;11;13;-4.4;60.6185;15.6574
1860;03;11;20;-6.5;60.6185;15.6574
1860;04;12;7;3.8;60.6185;15.6574
1860;04;12;13;7.0;60.6185;15.6574
1860;04;12;20;2.0;60.6185;15.6574
1860;11;06;7;-2.6;60.6185;15.6574
1860;11;06;13;-0.4;60.6185;15.6574
1860;11;06;20;-1.9;60.6185;15.6574
1861;03;11;7;-1.8;60.6185;15.6574
1861;03;11;13;1.0;60.6185;15.6574
1861;03;11;20;-3.4;60.6185;15.6574
1861;04;12;7;6.2;60.6185;15.6574
1861;04;12;13;11.0;60.6185;15.6574
1861;04;12;20;4.0;60.6185;15.6574
1861;11;06;7;-5.6;60.6185;15.6574
1861;11;06;13;0.0;60.6185;15.6574
1861;11;06;20;-0.4;60.6185;15.6574
1862;03;11;7;1.4;60.6185;15.6574
1862;03;11;13;2.8;60.6185;15.6574
1862;03;11;20;0.8;60.6185;15.6574
1862;04;12;7;-0.6;60.6185;15.6574
1862;04;12;13;1.2;60.6185;15.6574
1862;04;12;20;-1.8;60.6185;15.6574
1862;11;06;7;0.6;60.6185;15.6574
1862;11;06;13;2.8;60.6185;15.6574
1862;11;06;20;0.8;60.6185;15.6574
1863;03;11;7;-7.7;60.6185;15.6574
1863;03;11;13;-4.7;60.6185;15.6574
1863;03;11;20;-5.6;60.6185;15.6574
1863;04;12;7;2.8;60.6185;15.6574
1863;04;12;13;10.4;60.6185;15.6574
1863;04;12;20;3.0;60.6185;15.6574
1863;11;06;7;-0.7;60.6185;15.6574
1863;11;06;13;2.0;60.6185;15.6574
1863;11;06;20;1.4;60.6185;15.6574
1864;03;11;7;-6.6;60.6185;15.6574
1864;03;11;13;-0.8;60.6185;15.6574
1864;03;11;20;-1.6;60.6185;15.6574
1864;04;12;7;2.9;60.6185;15.6574
1864;04;12;13;7.1;60.6185;15.6574
1864;04;12;20;1.1;60.6185;15.6574
1864;11;06;7;-9.5;60.6185;15.6574
1864;11;06;13;-5.1;60.6185;15.6574
1864;11;06;20;-6.5;60.6185;15.6574
1865;03;11;7;-2.4;60.6185;15.6574
1865;03;11;13;0.6;60.6185;15.6574
1865;03;11;20;-0.2;60.6185;15.6574
1865;04;12;7;5.3;60.6185;15.6574
1865;04;12;13;10.2;60.6185;15.6574
1865;04;12;20;-2.0;60.6185;15.6574
1865;11;06;7;-0.1;60.6185;15.6574
1865;11;06;13;1.7;60.6185;15.6574
1865;11;06;20;0.4;60.6185;15.6574
1866;03;11;7;-2.9;60.6185;15.6574
1866;03;11;13;-2.4;60.6185;15.6574
1866;03;11;20;-8.0;60.6185;15.6574
1866;04;12;7;1.9;60.6185;15.6574
1866;04;12;13;12.1;60.6185;15.6574
1866;04;12;20;4.1;60.6185;15.6574
1866;11;06;7;2.1;60.6185;15.6574
1866;11;06;13;0.8;60.6185;15.6574
1866;11;06;20;1.0;60.6185;15.6574
1867;03;11;7;-11.2;60.6185;15.6574
1867;03;11;13;-11.4;60.6185;15.6574
1867;03;11;20;-18.4;60.6185;15.6574
1867;04;12;7;-4.0;60.6185;15.6574
1867;04;12;13;1.6;60.6185;15.6574
1867;04;12;20;-3.6;60.6185;15.6574
1867;11;06;7;-7.8;60.6185;15.6574
1867;11;06;13;-1.8;60.6185;15.6574
1867;11;06;20;-1.0;60.6185;15.6574
1868;03;11;7;-11.6;60.6185;15.6574
1868;03;11;13;1.6;60.6185;15.6574
1868;03;11;20;-5.6;60.6185;15.6574
1868;04;12;7;-0.8;60.6185;15.6574
1868;04;12;13;0.2;60.6185;15.6574
1868;04;12;20;1.6;60.6185;15.6574
1868;11;06;7;-2.5;60.6185;15.6574
1868;11;06;13;4.0;60.6185;15.6574
1868;11;06;20;1.4;60.6185;15.6574
1869;03;11;7;-5.4;60.6185;15.6574
1869;03;11;13;-1.8;60.6185;15.6574
1869;03;11;20;-4.2;60.6185;15.6574
1869;04;12;7;-2.0;60.6185;15.6574
1869;04;12;13;2.6;60.6185;15.6574
1869;04;12;20;-3.6;60.6185;15.6574
1869;11;06;7;-11.4;60.6185;15.6574
1869;11;06;13;-5.6;60.6185;15.6574
1869;11;06;20;-13.6;60.6185;15.6574
1870;03;11;7;-11.0;60.6185;15.6574
1870;03;11;13;-4.2;60.6185;15.6574
1870;03;11;20;-9.0;60.6185;15.6574
1870;04;12;7;2.2;60.6185;15.6574
1870;04;12;13;7.8;60.6185;15.6574
1870;04;12;20;-0.7;60.6185;15.6574
1870;11;06;7;0.0;60.6185;15.6574
1870;11;06;13;-0.2;60.6185;15.6574
1870;11;06;20;0.0;60.6185;15.6574
1871;03;11;7;-2.4;60.6185;15.6574
1871;03;11;13;0.4;60.6185;15.6574
1871;03;11;20;2.4;60.6185;15.6574
1871;04;12;7;0.4;60.6185;15.6574
1871;04;12;13;2.0;60.6185;15.6574
1871;04;12;20;2.6;60.6185;15.6574
1871;11;06;7;-11.4;60.6185;15.6574
1871;11;06;13;-5.6;60.6185;15.6574
1871;11;06;20;-4.0;60.6185;15.6574
1872;03;11;7;-0.6;60.6185;15.6574
1872;03;11;13;1.6;60.6185;15.6574
1872;03;11;20;-6.6;60.6185;15.6574
1872;04;12;7;7.6;60.6185;15.6574
1872;04;12;13;8.8;60.6185;15.6574
1872;04;12;20;4.4;60.6185;15.6574
1872;11;06;7;1.4;60.6185;15.6574
1872;11;06;13;4.6;60.6185;15.6574
1872;11;06;20;6.4;60.6185;15.6574
1873;03;11;7;0.8;60.6185;15.6574
1873;03;11;13;2.4;60.6185;15.6574
1873;03;11;20;1.0;60.6185;15.6574
1873;04;12;7;-0.8;60.6185;15.6574
1873;04;12;13;2.8;60.6185;15.6574
1873;04;12;20;-0.2;60.6185;15.6574
1873;11;06;7;3.4;60.6185;15.6574
1873;11;06;13;5.4;60.6185;15.6574
1873;11;06;20;4.6;60.6185;15.6574
1874;03;11;7;-5.6;60.6185;15.6574
1874;03;11;13;-4.6;60.6185;15.6574
1874;03;11;20;-8.4;60.6185;15.6574
1874;04;12;7;3.0;60.6185;15.6574
1874;04;12;13;4.8;60.6185;15.6574
1874;04;12;20;-1.4;60.6185;15.6574
1874;11;06;7;9.4;60.6185;15.6574
1874;11;06;13;9.4;60.6185;15.6574
1874;11;06;20;7.0;60.6185;15.6574
1875;03;11;7;-2.4;60.6185;15.6574
1875;03;11;13;6.4;60.6185;15.6574
1875;03;11;20;-3.2;60.6185;15.6574
1875;04;12;7;2.8;60.6185;15.6574
1875;04;12;13;2.2;60.6185;15.6574
1875;04;12;20;-3.0;60.6185;15.6574
1875;11;06;7;0.8;60.6185;15.6574
1875;11;06;13;2.6;60.6185;15.6574
1875;11;06;20;3.0;60.6185;15.6574
1876;03;11;7;-3.0;60.6185;15.6574
1876;03;11;13;-0.7;60.6185;15.6574
1876;03;11;20;0.6;60.6185;15.6574
1876;04;12;7;-6.1;60.6185;15.6574
1876;04;12;13;1.6;60.6185;15.6574
1876;04;12;20;-3.6;60.6185;15.6574
1876;11;06;7;-3.9;60.6185;15.6574
1876;11;06;13;-0.7;60.6185;15.6574
1876;11;06;20;-1.6;60.6185;15.6574
1877;03;11;7;-6.5;60.6185;15.6574
1877;03;11;13;-2.9;60.6185;15.6574
1877;03;11;20;-3.4;60.6185;15.6574
1877;04;12;7;-5.7;60.6185;15.6574
1877;04;12;13;-2.3;60.6185;15.6574
1877;04;12;20;-7.7;60.6185;15.6574
1877;11;06;7;4.8;60.6185;15.6574
1877;11;06;13;8.0;60.6185;15.6574
1877;11;06;20;8.0;60.6185;15.6574
1878;03;11;7;-2.2;60.6185;15.6574
1878;03;11;13;1.0;60.6185;15.6574
1878;03;11;20;-0.8;60.6185;15.6574
1878;04;12;7;0.8;60.6185;15.6574
1878;04;12;13;11.0;60.6185;15.6574
1878;04;12;20;3.2;60.6185;15.6574
1878;11;06;7;-0.8;60.6185;15.6574
1878;11;06;13;0.4;60.6185;15.6574
1878;11;06;20;-0.5;60.6185;15.6574
1879;03;11;7;-0.2;60.6185;15.6574
1879;03;11;13;-0.5;60.6185;15.6574
1879;03;11;20;-5.4;60.6185;15.6574
1879;04;12;7;-5.6;60.6185;15.6574
1879;04;12;13;3.4;60.6185;15.6574
1879;04;12;20;-3.2;60.6185;15.6574
1879;11;06;7;-2.6;60.6185;15.6574
1879;11;06;13;-0.1;60.6185;15.6574
1879;11;06;20;-1.6;60.6185;15.6574
1880;03;11;7;-6.4;60.6185;15.6574
1880;03;11;13;3.0;60.6185;15.6574
1880;03;11;20;-0.5;60.6185;15.6574
1880;04;12;7;7.0;60.6185;15.6574
1880;04;12;13;11.7;60.6185;15.6574
1880;04;12;20;2.8;60.6185;15.6574
1880;11;06;7;-2.8;60.6185;15.6574
1880;11;06;13;-1.2;60.6185;15.6574
1880;11;06;20;3.1;60.6185;15.6574
1881;03;11;7;-7.0;60.6185;15.6574
1881;03;11;13;-0.4;60.6185;15.6574
1881;03;11;20;-5.8;60.6185;15.6574
1881;04;12;7;-5.0;60.6185;15.6574
1881;04;12;13;8.6;60.6185;15.6574
1881;04;12;20;-1.5;60.6185;15.6574
1881;11;06;7;-5.8;60.6185;15.6574
1881;11;06;13;-1.6;60.6185;15.6574
1881;11;06;20;-3.6;60.6185;15.6574
1882;03;11;7;-1.0;60.6185;15.6574
1882;03;11;13;6.8;60.6185;15.6574
1882;03;11;20;0.4;60.6185;15.6574
1882;04;12;7;-4.9;60.6185;15.6574
1882;04;12;13;-3.0;60.6185;15.6574
1882;04;12;20;-7.5;60.6185;15.6574
1882;11;06;7;3.4;60.6185;15.6574
1882;11;06;13;5.5;60.6185;15.6574
1882;11;06;20;3.6;60.6185;15.6574
1883;03;11;7;-11.0;60.6185;15.6574
1883;03;11;13;-5.0;60.6185;15.6574
1883;03;11;20;-7.9;60.6185;15.6574
1883;04;12;7;3.2;60.6185;15.6574
1883;04;12;13;7.9;60.6185;15.6574
1883;04;12;20;-0.8;60.6185;15.6574
1883;11;06;7;4.2;60.6185;15.6574
1883;11;06;13;5.9;60.6185;15.6574
1883;11;06;20;4.7;60.6185;15.6574
1884;03;11;7;-4.2;60.6185;15.6574
1884;03;11;13;-2.7;60.6185;15.6574
1884;03;11;20;-2.6;60.6185;15.6574
1884;04;12;7;3.5;60.6185;15.6574
1884;04;12;13;10.1;60.6185;15.6574
1884;04;12;20;4.7;60.6185;15.6574
1884;11;06;7;7.2;60.6185;15.6574
1884;11;06;13;8.0;60.6185;15.6574
1884;11;06;20;4.6;60.6185;15.6574
1885;03;11;7;-7.4;60.6185;15.6574
1885;03;11;13;4.2;60.6185;15.6574
1885;03;11;20;1.4;60.6185;15.6574
1885;04;12;7;-1.1;60.6185;15.6574
1885;04;12;13;5.3;60.6185;15.6574
1885;04;12;20;0.8;60.6185;15.6574
1885;11;06;7;4.5;60.6185;15.6574
1885;11;06;13;4.8;60.6185;15.6574
1885;11;06;20;2.0;60.6185;15.6574
1886;03;11;7;2.0;60.6185;15.6574
1886;03;11;13;5.5;60.6185;15.6574
1886;03;11;20;2.2;60.6185;15.6574
1886;04;12;7;3.8;60.6185;15.6574
1886;04;12;13;12.7;60.6185;15.6574
1886;04;12;20;7.6;60.6185;15.6574
1886;11;06;7;3.6;60.6185;15.6574
1886;11;06;13;4.2;60.6185;15.6574
1886;11;06;20;5.2;60.6185;15.6574
1887;03;11;7;-6.6;60.6185;15.6574
1887;03;11;13;-0.6;60.6185;15.6574
1887;03;11;20;-6.8;60.6185;15.6574
1887;04;12;7;3.2;60.6185;15.6574
1887;04;12;13;12.6;60.6185;15.6574
1887;04;12;20;3.2;60.6185;15.6574
1887;11;06;7;5.8;60.6185;15.6574
1887;11;06;13;7.9;60.6185;15.6574
1887;11;06;20;0.6;60.6185;15.6574
1888;03;11;7;-15.0;60.6185;15.6574
1888;03;11;13;-12.1;60.6185;15.6574
1888;03;11;20;-17.5;60.6185;15.6574
1888;04;12;7;-6.3;60.6185;15.6574
1888;04;12;13;5.6;60.6185;15.6574
1888;04;12;20;-0.4;60.6185;15.6574
1888;11;06;7;-7.0;60.6185;15.6574
1888;11;06;13;-5.2;60.6185;15.6574
1888;11;06;20;-6.5;60.6185;15.6574
1889;03;11;7;0.5;60.6185;15.6574
1889;03;11;13;3.2;60.6185;15.6574
1889;03;11;20;0.2;60.6185;15.6574
1889;04;12;7;-1.6;60.6185;15.6574
1889;04;12;13;2.2;60.6185;15.6574
1889;04;12;20;-3.4;60.6185;15.6574
1889;11;06;7;5.6;60.6185;15.6574
1889;11;06;13;5.4;60.6185;15.6574
1889;11;06;20;1.5;60.6185;15.6574
1890;03;11;7;0.4;60.6185;15.6574
1890;03;11;13;7.0;60.6185;15.6574
1890;03;11;20;3.6;60.6185;15.6574
1890;04;12;7;0.0;60.6185;15.6574
1890;04;12;13;2.0;60.6185;15.6574
1890;04;12;20;0.7;60.6185;15.6574
1890;11;06;7;5.2;60.6185;15.6574
1890;11;06;13;6.0;60.6185;15.6574
1890;11;06;20;4.7;60.6185;15.6574
1891;03;11;7;-4.0;60.6185;15.6574
1891;03;11;13;-1.2;60.6185;15.6574
1891;03;11;20;-2.9;60.6185;15.6574
1891;04;12;7;1.1;60.6185;15.6574
1891;04;12;13;6.1;60.6185;15.6574
1891;04;12;20;1.2;60.6185;15.6574
1891;11;06;7;3.2;60.6185;15.6574
1891;11;06;13;2.8;60.6185;15.6574
1891;11;06;20;-0.2;60.6185;15.6574
1892;03;11;7;-3.6;60.6185;15.6574
1892;03;11;13;-1.2;60.6185;15.6574
1892;03;11;20;-3.5;60.6185;15.6574
1892;04;12;7;-0.3;60.6185;15.6574
1892;04;12;13;2.5;60.6185;15.6574
1892;04;12;20;-3.4;60.6185;15.6574
1892;11;06;7;5.4;60.6185;15.6574
1892;11;06;13;6.0;60.6185;15.6574
1892;11;06;20;5.2;60.6185;15.6574
1893;03;11;7;-3.3;60.6185;15.6574
1893;03;11;13;0.4;60.6185;15.6574
1893;03;11;20;-2.0;60.6185;15.6574
1893;04;12;7;0.6;60.6185;15.6574
1893;04;12;13;4.8;60.6185;15.6574
1893;04;12;20;0.4;60.6185;15.6574
1893;11;06;7;-6.2;60.6185;15.6574
1893;11;06;13;-2.2;60.6185;15.6574
1893;11;06;20;-3.8;60.6185;15.6574
1894;03;11;7;0.0;60.6185;15.6574
1894;03;11;13;1.8;60.6185;15.6574
1894;03;11;20;0.4;60.6185;15.6574
1894;04;12;7;1.0;60.6185;15.6574
1894;04;12;13;11.2;60.6185;15.6574
1894;04;12;20;4.6;60.6185;15.6574
1894;11;06;7;1.0;60.6185;15.6574
1894;11;06;13;-0.6;60.6185;15.6574
1894;11;06;20;-1.4;60.6185;15.6574
1895;03;11;7;-6.8;60.6185;15.6574
1895;03;11;13;-1.2;60.6185;15.6574
1895;03;11;20;-2.2;60.6185;15.6574
1895;04;12;7;2.0;60.6185;15.6574
1895;04;12;13;3.8;60.6185;15.6574
1895;04;12;20;0.8;60.6185;15.6574
1895;11;06;7;-0.6;60.6185;15.6574
1895;11;06;13;2.9;60.6185;15.6574
1895;11;06;20;2.6;60.6185;15.6574
1896;03;11;7;0.4;60.6185;15.6574
1896;03;11;13;1.2;60.6185;15.6574
1896;03;11;20;0.0;60.6185;15.6574
1896;04;12;7;1.0;60.6185;15.6574
1896;04;12;13;3.7;60.6185;15.6574
1896;04;12;20;1.2;60.6185;15.6574
1896;11;06;7;5.8;60.6185;15.6574
1896;11;06;13;6.6;60.6185;15.6574
1896;11;06;20;7.0;60.6185;15.6574
1897;03;11;7;-7.5;60.6185;15.6574
1897;03;11;13;-6.2;60.6185;15.6574
1897;03;11;20;-6.5;60.6185;15.6574
1897;04;12;7;2.6;60.6185;15.6574
1897;04;12;13;4.6;60.6185;15.6574
1897;04;12;20;2.6;60.6185;15.6574
1897;11;06;7;-2.6;60.6185;15.6574
1897;11;06;13;4.8;60.6185;15.6574
1897;11;06;20;1.4;60.6185;15.6574
1898;03;11;7;-4.2;60.6185;15.6574
1898;03;11;13;2.0;60.6185;15.6574
1898;03;11;20;-1.4;60.6185;15.6574
1898;04;12;7;-1.8;60.6185;15.6574
1898;04;12;13;1.2;60.6185;15.6574
1898;04;12;20;-1.0;60.6185;15.6574
1898;11;06;7;1.0;60.6185;15.6574
1898;11;06;13;0.2;60.6185;15.6574
1898;11;06;20;0.0;60.6185;15.6574
1899;03;11;7;-2.2;60.6185;15.6574
1899;03;11;13;3.6;60.6185;15.6574
1899;03;11;20;-0.2;60.6185;15.6574
1899;04;12;7;0.6;60.6185;15.6574
1899;04;12;13;2.4;60.6185;15.6574
1899;04;12;20;-0.2;60.6185;15.6574
1899;11;06;7;8.8;60.6185;15.6574
1899;11;06;13;10.0;60.6185;15.6574
1899;11;06;20;11.0;60.6185;15.6574
1900;03;11;7;-0.4;60.6185;15.6574
1900;03;11;20;-0.6;60.6185;15.6574
1900;04;12;7;4.0;60.6185;15.6574
1900;04;12;13;5.0;60.6185;15.6574
1900;04;12;20;2.2;60.6185;15.6574
1900;11;06;7;3.8;60.6185;15.6574
1900;11;06;13;4.2;60.6185;15.6574
1900;11;06;20;2.2;60.6185;15.6574
1901;03;11;7;0.4;60.6185;15.6574
1901;03;11;13;6.2;60.6185;15.6574
1901;03;11;20;3.0;60.6185;15.6574
1901;04;12;7;-1.2;60.6185;15.6574
1901;04;12;13;8.4;60.6185;15.6574
1901;04;12;20;2.0;60.6185;15.6574
1901;11;06;7;4.2;60.6185;15.6574
1901;11;06;13;6.0;60.6185;15.6574
1901;11;06;20;4.0;60.6185;15.6574
1902;03;11;7;-2.0;60.6185;15.6574
1902;03;11;13;-4.4;60.6185;15.6574
1902;03;11;20;-8.0;60.6185;15.6574
1902;04;12;7;-8.2;60.6185;15.6574
1902;04;12;13;5.2;60.6185;15.6574
1902;04;12;20;-2.6;60.6185;15.6574
1902;11;06;7;-5.7;60.6185;15.6574
1902;11;06;13;2.6;60.6185;15.6574
1902;11;06;20;-2.4;60.6185;15.6574
1903;03;11;7;0.0;60.6185;15.6574
1903;03;11;13;1.8;60.6185;15.6574
1903;03;11;20;-0.3;60.6185;15.6574
1903;04;12;7;3.4;60.6185;15.6574
1903;04;12;13;5.0;60.6185;15.6574
1903;04;12;20;1.6;60.6185;15.6574
1903;11;06;7;3.0;60.6185;15.6574
1903;11;06;13;7.4;60.6185;15.6574
1903;11;06;20;2.2;60.6185;15.6574
1904;03;11;7;-4.3;60.6185;15.6574
1904;03;11;13;-1.7;60.6185;15.6574
1904;03;11;20;-2.9;60.6185;15.6574
1904;04;12;7;4.7;60.6185;15.6574
1904;04;12;13;7.4;60.6185;15.6574
1904;04;12;20;1.9;60.6185;15.6574
1904;11;06;7;2.0;60.6185;15.6574
1904;11;06;13;2.4;60.6185;15.6574
1904;11;06;20;-2.2;60.6185;15.6574
1905;03;11;7;-7.0;60.6185;15.6574
1905;03;11;13;0.1;60.6185;15.6574
1905;03;11;20;-1.0;60.6185;15.6574
1905;04;12;7;-1.7;60.6185;15.6574
1905;04;12;13;2.0;60.6185;15.6574
1905;04;12;20;0.4;60.6185;15.6574
1905;11;06;7;4.5;60.6185;15.6574
1905;11;06;13;5.4;60.6185;15.6574
1905;11;06;20;5.0;60.6185;15.6574
1906;03;11;7;-14.0;60.6185;15.6574
1906;03;11;13;0.7;60.6185;15.6574
1906;03;11;20;-1.6;60.6185;15.6574
1906;04;12;7;4.6;60.6185;15.6574
1906;04;12;13;10.2;60.6185;15.6574
1906;04;12;20;7.3;60.6185;15.6574
1906;11;06;7;3.4;60.6185;15.6574
1906;11;06;13;4.3;60.6185;15.6574
1906;11;06;20;4.1;60.6185;15.6574
1907;03;11;7;-6.4;60.6185;15.6574
1907;03;11;13;-0.8;60.6185;15.6574
1907;03;11;20;-7.1;60.6185;15.6574
1907;04;12;7;3.4;60.6185;15.6574
1907;04;12;13;7.9;60.6185;15.6574
1907;04;12;20;1.0;60.6185;15.6574
1907;11;06;7;2.0;60.6185;15.6574
1907;11;06;13;5.0;60.6185;15.6574
1907;11;06;20;4.8;60.6185;15.6574
1908;03;11;7;-10.6;60.6185;15.6574
1908;03;11;13;-9.6;60.6185;15.6574
1908;03;11;20;-7.8;60.6185;15.6574
1908;04;12;7;5.0;60.6185;15.6574
1908;04;12;13;6.2;60.6185;15.6574
1908;04;12;20;-0.6;60.6185;15.6574
1908;11;06;7;-4.8;60.6185;15.6574
1908;11;06;13;-0.5;60.6185;15.6574
1908;11;06;20;-2.0;60.6185;15.6574
1909;03;11;7;-5.6;60.6185;15.6574
1909;03;11;13;-4.0;60.6185;15.6574
1909;03;11;20;-5.6;60.6185;15.6574
1909;04;12;7;-5.6;60.6185;15.6574
1909;04;12;13;-2.9;60.6185;15.6574
1909;04;12;20;-4.6;60.6185;15.6574
1909;11;06;7;6.0;60.6185;15.6574
1909;11;06;13;8.0;60.6185;15.6574
1909;11;06;20;8.9;60.6185;15.6574
1910;03;11;7;3.2;60.6185;15.6574
1910;03;11;13;4.6;60.6185;15.6574
1910;03;11;20;0.7;60.6185;15.6574
1910;04;12;7;5.3;60.6185;15.6574
1910;04;12;13;7.0;60.6185;15.6574
1910;04;12;20;6.0;60.6185;15.6574
1910;11;06;7;-9.0;60.6185;15.6574
1910;11;06;13;-1.8;60.6185;15.6574
1910;11;06;20;-9.0;60.6185;15.6574
1911;03;11;7;1.6;60.6185;15.6574
1911;03;11;13;1.6;60.6185;15.6574
1911;03;11;20;1.0;60.6185;15.6574
1911;04;12;7;5.4;60.6185;15.6574
1911;04;12;13;6.0;60.6185;15.6574
1911;04;12;20;2.6;60.6185;15.6574
1911;11;06;7;5.6;60.6185;15.6574
1911;11;06;13;7.6;60.6185;15.6574
1911;11;06;20;3.3;60.6185;15.6574
1912;03;11;7;-1.8;60.6185;15.6574
1912;03;11;13;-0.3;60.6185;15.6574
1912;03;11;20;-2.9;60.6185;15.6574
1912;04;12;7;-3.4;60.6185;15.6574
1912;04;12;13;-0.7;60.6185;15.6574
1912;04;12;20;-1.6;60.6185;15.6574
1912;11;06;7;-15.3;60.6185;15.6574
1912;11;06;13;-7.6;60.6185;15.6574
1912;11;06;20;-3.4;60.6185;15.6574
1913;03;11;7;1.2;60.6185;15.6574
1913;03;11;13;5.6;60.6185;15.6574
1913;03;11;20;0.4;60.6185;15.6574
1913;04;12;7;-3.8;60.6185;15.6574
1913;04;12;13;-0.6;60.6185;15.6574
1913;04;12;20;-2.6;60.6185;15.6574
1913;11;06;7;-3.0;60.6185;15.6574
1913;11;06;13;1.6;60.6185;15.6574
1913;11;06;20;2.5;60.6185;15.6574
1914;03;11;7;-10.0;60.6185;15.6574
1914;03;11;13;-4.2;60.6185;15.6574
1914;03;11;20;-10.8;60.6185;15.6574
1914;04;12;7;5.6;60.6185;15.6574
1914;04;12;13;10.3;60.6185;15.6574
1914;04;12;20;7.0;60.6185;15.6574
1914;11;06;7;-0.3;60.6185;15.6574
1914;11;06;13;2.3;60.6185;15.6574
1914;11;06;20;2.0;60.6185;15.6574
1915;03;11;7;-1.0;60.6185;15.6574
1915;03;11;13;4.6;60.6185;15.6574
1915;03;11;20;0.8;60.6185;15.6574
1915;04;12;7;3.0;60.6185;15.6574
1915;04;12;13;9.0;60.6185;15.6574
1915;04;12;20;2.5;60.6185;15.6574
1915;11;06;7;-3.0;60.6185;15.6574
1915;11;06;13;-2.0;60.6185;15.6574
1915;11;06;20;-2.2;60.6185;15.6574
1916;03;11;7;-8.0;60.6185;15.6574
1916;03;11;13;-6.9;60.6185;15.6574
1916;03;11;20;-8.6;60.6185;15.6574
1916;04;12;7;0.2;60.6185;15.6574
1916;04;12;13;0.7;60.6185;15.6574
1916;04;12;20;-0.4;60.6185;15.6574
1916;11;06;7;6.5;60.6185;15.6574
1916;11;06;13;7.6;60.6185;15.6574
1916;11;06;20;7.6;60.6185;15.6574
1917;03;11;7;-22.4;60.6185;15.6574
1917;03;11;13;-7.0;60.6185;15.6574
1917;03;11;20;-15.0;60.6185;15.6574
1917;04;12;7;-1.4;60.6185;15.6574
1917;04;12;13;5.3;60.6185;15.6574
1917;04;12;20;-1.6;60.6185;15.6574
1917;11;06;7;3.4;60.6185;15.6574
1917;11;06;13;5.1;60.6185;15.6574
1917;11;06;20;6.0;60.6185;15.6574
1918;03;11;7;0.4;60.6185;15.6574
1918;03;11;13;6.0;60.6185;15.6574
1918;03;11;20;-1.8;60.6185;15.6574
1918;04;12;7;2.7;60.6185;15.6574
1918;04;12;13;11.9;60.6185;15.6574
1918;04;12;20;5.7;60.6185;15.6574
1918;11;06;7;5.0;60.6185;15.6574
1918;11;06;13;7.8;60.6185;15.6574
1918;11;06;20;5.0;60.6185;15.6574
1919;03;11;7;0.1;60.6185;15.6574
1919;03;11;13;5.3;60.6185;15.6574
1919;03;11;20;2.2;60.6185;15.6574
1919;04;12;7;6.2;60.6185;15.6574
1919;04;12;13;9.7;60.6185;15.6574
1919;04;12;20;4.6;60.6185;15.6574
1919;11;06;7;-5.3;60.6185;15.6574
1919;11;06;13;-4.1;60.6185;15.6574
1919;11;06;20;-7.4;60.6185;15.6574
1920;03;11;7;1.6;60.6185;15.6574
1920;03;11;13;3.1;60.6185;15.6574
1920;03;11;20;1.5;60.6185;15.6574
1920;04;12;7;3.1;60.6185;15.6574
1920;04;12;13;4.1;60.6185;15.6574
1920;04;12;20;1.9;60.6185;15.6574
1920;11;06;7;0.6;60.6185;15.6574
1920;11;06;13;0.2;60.6185;15.6574
1920;11;06;20;-1.0;60.6185;15.6574
1921;03;11;7;3.0;60.6185;15.6574
1921;03;11;13;7.5;60.6185;15.6574
1921;03;11;20;4.1;60.6185;15.6574
1921;04;12;7;6.0;60.6185;15.6574
1921;04;12;13;14.2;60.6185;15.6574
1921;04;12;20;9.2;60.6185;15.6574
1921;11;06;7;-7.1;60.6185;15.6574
1921;11;06;13;-2.8;60.6185;15.6574
1921;11;06;20;-11.6;60.6185;15.6574
1922;03;11;7;-11.0;60.6185;15.6574
1922;03;11;13;2.4;60.6185;15.6574
1922;03;11;20;2.1;60.6185;15.6574
1922;04;12;7;0.5;60.6185;15.6574
1922;04;12;13;8.4;60.6185;15.6574
1922;04;12;20;2.6;60.6185;15.6574
1922;11;06;7;-6.5;60.6185;15.6574
1922;11;06;13;-0.4;60.6185;15.6574
1922;11;06;20;-4.6;60.6185;15.6574
1923;03;11;7;-8.0;60.6185;15.6574
1923;03;11;13;-6.7;60.6185;15.6574
1923;03;11;20;-6.8;60.6185;15.6574
1923;04;12;7;2.1;60.6185;15.6574
1923;04;12;13;6.5;60.6185;15.6574
1923;04;12;20;2.6;60.6185;15.6574
1923;11;06;7;-3.7;60.6185;15.6574
1923;11;06;13;2.7;60.6185;15.6574
1923;11;06;20;-1.2;60.6185;15.6574
1924;03;11;7;-9.9;60.6185;15.6574
1924;03;11;13;-0.8;60.6185;15.6574
1924;03;11;20;-10.3;60.6185;15.6574
1924;04;12;7;0.2;60.6185;15.6574
1924;04;12;13;3.6;60.6185;15.6574
1924;04;12;20;-0.2;60.6185;15.6574
1924;11;06;7;0.1;60.6185;15.6574
1924;11;06;13;4.9;60.6185;15.6574
1924;11;06;20;3.0;60.6185;15.6574
1925;03;11;7;-15.0;60.6185;15.6574
1925;03;11;13;-8.9;60.6185;15.6574
1925;03;11;20;-8.2;60.6185;15.6574
1925;04;12;7;6.0;60.6185;15.6574
1925;04;12;13;16.4;60.6185;15.6574
1925;04;12;20;6.6;60.6185;15.6574
1925;11;06;7;-3.2;60.6185;15.6574
1925;11;06;13;-1.2;60.6185;15.6574
1925;11;06;20;-3.0;60.6185;15.6574
1926;03;11;7;-2.9;60.6185;15.6574
1926;03;11;13;0.4;60.6185;15.6574
1926;03;11;20;2.5;60.6185;15.6574
1926;04;12;7;4.4;60.6185;15.6574
1926;04;12;13;7.5;60.6185;15.6574
1926;04;12;20;6.0;60.6185;15.6574
1926;11;06;7;4.2;60.6185;15.6574
1926;11;06;13;5.5;60.6185;15.6574
1926;11;06;20;4.4;60.6185;15.6574
1927;03;11;7;1.0;60.6185;15.6574
1927;03;11;13;2.4;60.6185;15.6574
1927;03;11;20;1.0;60.6185;15.6574
1927;04;12;7;2.8;60.6185;15.6574
1927;04;12;13;7.0;60.6185;15.6574
1927;04;12;20;2.5;60.6185;15.6574
1927;11;06;7;-2.8;60.6185;15.6574
1927;11;06;13;0.8;60.6185;15.6574
1927;11;06;20;0.4;60.6185;15.6574
1928;03;11;7;-18.0;60.6185;15.6574
1928;03;11;13;-1.6;60.6185;15.6574
1928;03;11;20;-2.2;60.6185;15.6574
1928;04;12;7;-2.1;60.6185;15.6574
1928;04;12;13;-1.2;60.6185;15.6574
1928;04;12;20;-3.7;60.6185;15.6574
1928;11;06;7;-5.6;60.6185;15.6574
1928;11;06;13;-0.1;60.6185;15.6574
1928;11;06;20;-6.0;60.6185;15.6574
1929;03;11;7;2.3;60.6185;15.6574
1929;03;11;13;7.9;60.6185;15.6574
1929;03;11;20;1.8;60.6185;15.6574
1929;04;12;7;5.9;60.6185;15.6574
1929;04;12;13;12.0;60.6185;15.6574
1929;04;12;20;4.0;60.6185;15.6574
1929;11;06;7;8.0;60.6185;15.6574
1929;11;06;13;8.5;60.6185;15.6574
1929;11;06;20;6.1;60.6185;15.6574
1930;03;11;7;-7.4;60.6185;15.6574
1930;03;11;13;1.9;60.6185;15.6574
1930;03;11;20;-2.6;60.6185;15.6574
1930;04;12;7;2.3;60.6185;15.6574
1930;04;12;13;7.5;60.6185;15.6574
1930;04;12;20;6.2;60.6185;15.6574
1930;11;06;7;2.1;60.6185;15.6574
1930;11;06;13;4.0;60.6185;15.6574
1930;11;06;20;1.0;60.6185;15.6574
1931;03;11;7;-5.6;60.6185;15.6574
1931;03;11;13;-4.5;60.6185;15.6574
1931;03;11;20;-5.1;60.6185;15.6574
1931;04;12;7;-3.8;60.6185;15.6574
1931;04;12;13;4.7;60.6185;15.6574
1931;04;12;20;1.1;60.6185;15.6574
1931;11;06;7;1.6;60.6185;15.6574
1931;11;06;13;2.8;60.6185;15.6574
1931;11;06;20;1.3;60.6185;15.6574
1932;03;11;7;-13.2;60.6185;15.6574
1932;03;11;13;-6.3;60.6185;15.6574
1932;03;11;20;-13.8;60.6185;15.6574
1932;04;12;7;4.1;60.6185;15.6574
1932;04;12;13;6.9;60.6185;15.6574
1932;04;12;20;2.0;60.6185;15.6574
1932;11;06;7;-5.5;60.6185;15.6574
1932;11;06;13;0.9;60.6185;15.6574
1932;11;06;20;-2.2;60.6185;15.6574
1933;03;11;7;1.7;60.6185;15.6574
1933;03;11;13;4.4;60.6185;15.6574
1933;03;11;20;1.0;60.6185;15.6574
1933;04;12;7;7.6;60.6185;15.6574
1933;04;12;13;8.5;60.6185;15.6574
1933;04;12;20;6.0;60.6185;15.6574
1933;11;06;7;-0.5;60.6185;15.6574
1933;11;06;13;3.0;60.6185;15.6574
1933;11;06;20;1.4;60.6185;15.6574
1934;03;11;7;-4.5;60.6185;15.6574
1934;03;11;13;-1.6;60.6185;15.6574
1934;03;11;20;-5.2;60.6185;15.6574
1934;04;12;7;-0.7;60.6185;15.6574
1934;04;12;13;4.2;60.6185;15.6574
1934;04;12;20;-0.6;60.6185;15.6574
1934;11;06;7;3.0;60.6185;15.6574
1934;11;06;13;3.5;60.6185;15.6574
1934;11;06;20;2.4;60.6185;15.6574
1935;03;11;7;-0.5;60.6185;15.6574
1935;03;11;13;7.4;60.6185;15.6574
1935;03;11;20;-0.4;60.6185;15.6574
1935;04;12;7;4.2;60.6185;15.6574
1935;04;12;13;6.3;60.6185;15.6574
1935;04;12;20;3.4;60.6185;15.6574
1935;11;06;7;3.6;60.6185;15.6574
1935;11;06;13;4.0;60.6185;15.6574
1935;11;06;20;4.0;60.6185;15.6574
1936;03;11;7;-2.1;60.6185;15.6574
1936;03;11;13;2.3;60.6185;15.6574
1936;03;11;20;-3.0;60.6185;15.6574
1936;04;12;7;1.2;60.6185;15.6574
1936;04;12;13;4.0;60.6185;15.6574
1936;04;12;20;0.6;60.6185;15.6574
1936;11;06;7;6.5;60.6185;15.6574
1936;11;06;13;6.8;60.6185;15.6574
1936;11;06;20;5.0;60.6185;15.6574
1937;03;11;7;-17.1;60.6185;15.6574
1937;03;11;13;-15.0;60.6185;15.6574
1937;03;11;20;-15.2;60.6185;15.6574
1937;04;12;7;2.0;60.6185;15.6574
1937;04;12;13;10.1;60.6185;15.6574
1937;04;12;20;2.8;60.6185;15.6574
1937;11;06;7;2.0;60.6185;15.6574
1937;11;06;13;5.9;60.6185;15.6574
1937;11;06;20;-0.4;60.6185;15.6574
1938;03;11;7;-0.8;60.6185;15.6574
1938;03;11;13;3.7;60.6185;15.6574
1938;03;11;20;0.4;60.6185;15.6574
1938;04;12;7;8.5;60.6185;15.6574
1938;04;12;13;12.5;60.6185;15.6574
1938;04;12;20;8.2;60.6185;15.6574
1938;11;06;7;-2.2;60.6185;15.6574
1938;11;06;13;1.4;60.6185;15.6574
1938;11;06;20;1.4;60.6185;15.6574
1939;03;11;7;-6.6;60.6185;15.6574
1939;03;11;13;0.9;60.6185;15.6574
1939;03;11;20;-4.6;60.6185;15.6574
1939;04;12;7;1.3;60.6185;15.6574
1939;04;12;13;5.1;60.6185;15.6574
1939;04;12;20;2.8;60.6185;15.6574
1939;11;06;7;1.8;60.6185;15.6574
1939;11;06;13;5.0;60.6185;15.6574
1939;11;06;20;5.6;60.6185;15.6574
1940;03;11;7;-6.4;60.6185;15.6574
1940;03;11;13;-0.7;60.6185;15.6574
1940;03;11;20;-0.8;60.6185;15.6574
1940;04;12;7;-5.8;60.6185;15.6574
1940;04;12;13;3.6;60.6185;15.6574
1940;04;12;20;-2.1;60.6185;15.6574
1940;11;06;7;-6.7;60.6185;15.6574
1940;11;06;13;-2.1;60.6185;15.6574
1940;11;06;20;-2.5;60.6185;15.6574
1941;03;11;7;-1.3;60.6185;15.6574
1941;03;11;13;2.7;60.6185;15.6574
1941;03;11;18;-2.0;60.6185;15.6574
1941;04;12;7;1.0;60.6185;15.6574
1941;04;12;13;3.5;60.6185;15.6574
1941;04;12;18;2.6;60.6185;15.6574
1941;11;06;7;-0.3;60.6185;15.6574
1941;11;06;13;0.6;60.6185;15.6574
1941;11;06;18;1.5;60.6185;15.6574
1942;03;11;7;-23.6;60.6185;15.6574
1942;03;11;13;-7.7;60.6185;15.6574
1942;03;11;18;-13.4;60.6185;15.6574
1942;04;12;7;1.9;60.6185;15.6574
1942;04;12;13;7.2;60.6185;15.6574
1942;04;12;18;3.9;60.6185;15.6574
1942;11;06;7;-0.2;60.6185;15.6574
1942;11;06;13;1.0;60.6185;15.6574
1942;11;06;18;-1.2;60.6185;15.6574
1943;03;11;7;5.1;60.6185;15.6574
1943;03;11;13;7.0;60.6185;15.6574
1943;03;11;18;5.0;60.6185;15.6574
1943;04;12;7;1.6;60.6185;15.6574
1943;04;12;13;6.0;60.6185;15.6574
1943;04;12;18;5.0;60.6185;15.6574
1943;11;06;7;4.8;60.6185;15.6574
1943;11;06;13;3.4;60.6185;15.6574
1943;11;06;18;3.0;60.6185;15.6574
1944;03;11;7;0.3;60.6185;15.6574
1944;03;11;13;2.0;60.6185;15.6574
1944;03;11;18;1.2;60.6185;15.6574
1944;04;12;7;0.1;60.6185;15.6574
1944;04;12;13;1.4;60.6185;15.6574
1944;04;12;18;-1.6;60.6185;15.6574
1944;11;06;7;4.0;60.6185;15.6574
1944;11;06;13;7.3;60.6185;15.6574
1944;11;06;18;5.6;60.6185;15.6574
1945;03;11;7;-4.2;60.6185;15.6574
1945;03;11;13;3.2;60.6185;15.6574
1945;03;11;18;4.0;60.6185;15.6574
1945;04;12;7;2.7;60.6185;15.6574
1945;04;12;13;5.8;60.6185;15.6574
1945;04;12;18;4.0;60.6185;15.6574
1945;11;06;7;-4.4;60.6185;15.6574
1945;11;06;13;0.6;60.6185;15.6574
1945;11;06;18;-0.6;60.6185;15.6574
1946;03;11;7;-5.2;60.6185;15.6574
1946;03;11;13;-1.8;60.6185;15.6574
1946;03;11;18;-2.4;60.6185;15.6574
1946;04;12;7;-0.8;60.6185;15.6574
1946;04;12;13;2.0;60.6185;15.6574
1946;04;12;18;-0.4;60.6185;15.6574
1946;11;06;7;6.3;60.6185;15.6574
1946;11;06;13;8.4;60.6185;15.6574
1946;11;06;18;7.2;60.6185;15.6574
1947;03;11;6;-20.0;60.6185;15.6574
1947;03;11;12;-3.4;60.6185;15.6574
1947;03;11;18;-7.0;60.6185;15.6574
1947;04;12;6;3.4;60.6185;15.6574
1947;04;12;12;8.9;60.6185;15.6574
1947;04;12;18;5.6;60.6185;15.6574
1947;11;06;6;3.3;60.6185;15.6574
1947;11;06;12;3.4;60.6185;15.6574
1947;11;06;18;-0.4;60.6185;15.6574
1948;03;11;6;-4.8;60.6185;15.6574
1948;03;11;12;-0.3;60.6185;15.6574
1948;03;11;18;0.0;60.6185;15.6574
1948;04;12;6;-2.4;60.6185;15.6574
1948;04;12;12;11.2;60.6185;15.6574
1948;04;12;18;9.0;60.6185;15.6574
1948;11;06;6;1.8;60.6185;15.6574
1948;11;06;12;1.2;60.6185;15.6574
1948;11;06;18;-0.6;60.6185;15.6574
1961;03;11;6;4.2;60.6185;15.6574
1961;03;11;12;8.1;60.6185;15.6574
1961;03;11;18;5.6;60.6185;15.6574
1961;04;12;6;-2.1;60.6185;15.6574
1961;04;12;12;4.0;60.6185;15.6574
1961;04;12;18;1.2;60.6185;15.6574
1961;11;06;6;-4.8;60.6185;15.6574
1961;11;06;12;5.6;60.6185;15.6574
1961;11;06;18;1.6;60.6185;15.6574
1962;03;11;6;-7.8;60.6185;15.6574
1962;03;11;12;-5.6;60.6185;15.6574
1962;03;11;18;-8.6;60.6185;15.6574
1962;04;12;6;1.8;60.6185;15.6574
1962;04;12;12;3.6;60.6185;15.6574
1962;04;12;18;2.4;60.6185;15.6574
1962;11;06;6;7.0;60.6185;15.6574
1962;11;06;12;6.8;60.6185;15.6574
1962;11;06;18;5.4;60.6185;15.6574
1963;03;11;6;-7.1;60.6185;15.6574
1963;03;11;12;-1.8;60.6185;15.6574
1963;03;11;18;-1.9;60.6185;15.6574
1963;04;12;6;1.8;60.6185;15.6574
1963;04;12;12;2.6;60.6185;15.6574
1963;04;12;18;3.0;60.6185;15.6574
1963;11;06;6;2.5;60.6185;15.6574
1963;11;06;12;4.1;60.6185;15.6574
1963;11;06;18;4.0;60.6185;15.6574
1964;03;11;6;1.0;60.6185;15.6574
1964;03;11;12;5.2;60.6185;15.6574
1964;03;11;18;0.3;60.6185;15.6574
1964;04;12;6;2.6;60.6185;15.6574
1964;04;12;12;4.9;60.6185;15.6574
1964;04;12;18;4.5;60.6185;15.6574
1964;11;06;6;1.1;60.6185;15.6574
1964;11;06;12;5.6;60.6185;15.6574
1964;11;06;18;-0.2;60.6185;15.6574
1965;03;11;6;-10.7;60.6185;15.6574
1965;03;11;12;5.2;60.6185;15.6574
1965;03;11;18;-1.1;60.6185;15.6574
1965;04;12;6;1.6;60.6185;15.6574
1965;04;12;12;5.0;60.6185;15.6574
1965;04;12;18;5.0;60.6185;15.6574
1965;11;06;6;-1.7;60.6185;15.6574
1965;11;06;12;6.6;60.6185;15.6574
1965;11;06;18;-1.5;60.6185;15.6574
1966;03;11;6;-1.0;60.6185;15.6574
1966;03;11;12;-1.9;60.6185;15.6574
1966;03;11;18;-6.4;60.6185;15.6574
1966;04;12;6;-5.2;60.6185;15.6574
1966;04;12;12;-3.2;60.6185;15.6574
1966;04;12;18;-5.6;60.6185;15.6574
1966;11;06;6;3.8;60.6185;15.6574
1966;11;06;12;5.4;60.6185;15.6574
1966;11;06;18;4.8;60.6185;15.6574
1967;03;11;6;2.5;60.6185;15.6574
1967;03;11;12;5.2;60.6185;15.6574
1967;03;11;18;3.0;60.6185;15.6574
1967;04;12;6;2.0;60.6185;15.6574
1967;04;12;12;7.0;60.6185;15.6574
1967;04;12;18;5.2;60.6185;15.6574
1967;11;06;6;9.0;60.6185;15.6574
1967;11;06;12;9.2;60.6185;15.6574
1967;11;06;18;8.0;60.6185;15.6574
1968;03;11;6;-9.4;60.6185;15.6574
1968;03;11;12;-1.8;60.6185;15.6574
1968;03;11;18;-5.2;60.6185;15.6574
1968;04;12;6;4.2;60.6185;15.6574
1968;04;12;12;8.8;60.6185;15.6574
1968;04;12;18;6.8;60.6185;15.6574
1968;11;06;6;-6.2;60.6185;15.6574
1968;11;06;12;-0.5;60.6185;15.6574
1968;11;06;18;-9.4;60.6185;15.6574
1969;03;11;6;-12.0;60.6185;15.6574
1969;03;11;12;-1.2;60.6185;15.6574
1969;03;11;18;-4.2;60.6185;15.6574
1969;04;12;6;-4.0;60.6185;15.6574
1969;04;12;12;7.0;60.6185;15.6574
1969;04;12;18;1.4;60.6185;15.6574
1969;11;06;6;-14.2;60.6185;15.6574
1969;11;06;12;-0.7;60.6185;15.6574
1969;11;06;18;1.4;60.6185;15.6574
1970;03;11;6;-3.2;60.6185;15.6574
1970;03;11;12;-1.9;60.6185;15.6574
1970;03;11;18;-2.2;60.6185;15.6574
1970;04;12;6;-1.0;60.6185;15.6574
1970;04;12;12;6.2;60.6185;15.6574
1970;04;12;18;4.3;60.6185;15.6574
1970;11;06;6;-9.8;60.6185;15.6574
1970;11;06;12;-5.0;60.6185;15.6574
1970;11;06;18;-11.0;60.6185;15.6574
1971;03;11;6;-8.5;60.6185;15.6574
1971;03;11;12;-3.5;60.6185;15.6574
1971;03;11;18;-3.6;60.6185;15.6574
1971;04;12;6;0.9;60.6185;15.6574
1971;04;12;12;7.9;60.6185;15.6574
1971;04;12;18;4.0;60.6185;15.6574
1971;11;06;6;-2.0;60.6185;15.6574
1971;11;06;12;-1.0;60.6185;15.6574
1971;11;06;18;-3.3;60.6185;15.6574
1972;03;11;6;-19.2;60.6185;15.6574
1972;03;11;12;-4.6;60.6185;15.6574
1972;03;11;18;-3.4;60.6185;15.6574
1972;04;12;6;2.0;60.6185;15.6574
1972;04;12;12;4.1;60.6185;15.6574
1972;04;12;18;4.1;60.6185;15.6574
1972;11;06;6;-0.8;60.6185;15.6574
1972;11;06;12;4.0;60.6185;15.6574
1972;11;06;18;2.7;60.6185;15.6574
1973;03;11;6;-3.0;60.6185;15.6574
1973;03;11;12;4.0;60.6185;15.6574
1973;03;11;18;2.6;60.6185;15.6574
1973;04;12;6;-1.0;60.6185;15.6574
1973;04;12;12;3.8;60.6185;15.6574
1973;04;12;18;2.6;60.6185;15.6574
1973;11;06;6;4.0;60.6185;15.6574
1973;11;06;12;4.1;60.6185;15.6574
1973;11;06;18;2.6;60.6185;15.6574
1974;03;11;6;-11.1;60.6185;15.6574
1974;03;11;12;4.9;60.6185;15.6574
1974;03;11;18;0.8;60.6185;15.6574
1974;04;12;6;-6.2;60.6185;15.6574
1974;04;12;12;5.8;60.6185;15.6574
1974;04;12;18;2.5;60.6185;15.6574
1974;11;06;6;-3.0;60.6185;15.6574
1974;11;06;12;-1.4;60.6185;15.6574
1974;11;06;18;-1.4;60.6185;15.6574
1975;03;11;6;0.4;60.6185;15.6574
1975;03;11;12;3.4;60.6185;15.6574
1975;03;11;18;-0.5;60.6185;15.6574
1975;04;12;6;-6.0;60.6185;15.6574
1975;04;12;12;4.6;60.6185;15.6574
1975;04;12;18;1.8;60.6185;15.6574
1975;11;06;6;3.3;60.6185;15.6574
1975;11;06;12;5.6;60.6185;15.6574
1975;11;06;18;1.4;60.6185;15.6574
1976;03;11;6;-16.2;60.6185;15.6574
1976;03;11;12;-5.0;60.6185;15.6574
1976;03;11;18;-9.4;60.6185;15.6574
1976;04;12;6;0.8;60.6185;15.6574
1976;04;12;12;9.9;60.6185;15.6574
1976;04;12;18;8.3;60.6185;15.6574
1976;11;06;6;4.8;60.6185;15.6574
1976;11;06;12;6.4;60.6185;15.6574
1976;11;06;18;1.4;60.6185;15.6574
1977;03;11;6;2.5;60.6185;15.6574
1977;03;11;12;5.6;60.6185;15.6574
1977;03;11;18;3.6;60.6185;15.6574
1977;04;12;6;-0.9;60.6185;15.6574
1977;04;12;12;2.1;60.6185;15.6574
1977;04;12;18;1.6;60.6185;15.6574
1977;11;06;6;0.9;60.6185;15.6574
1977;11;06;12;5.5;60.6185;15.6574
1977;11;06;18;7.3;60.6185;15.6574
1978;03;11;6;1.7;60.6185;15.6574
1978;03;11;12;4.5;60.6185;15.6574
1978;03;11;18;-1.1;60.6185;15.6574
1978;04;12;6;-0.3;60.6185;15.6574
1978;04;12;12;2.7;60.6185;15.6574
1978;04;12;18;1.0;60.6185;15.6574
1978;11;06;6;0.3;60.6185;15.6574
1978;11;06;12;4.0;60.6185;15.6574
1978;11;06;18;1.9;60.6185;15.6574
1979;03;11;6;0.5;60.6185;15.6574
1979;03;11;12;0.5;60.6185;15.6574
1979;03;11;18;-0.3;60.6185;15.6574
1979;04;12;6;-3.4;60.6185;15.6574
1979;04;12;12;16.6;60.6185;15.6574
1979;04;12;18;12.0;60.6185;15.6574
1979;11;06;6;3.7;60.6185;15.6574
1979;11;06;12;3.5;60.6185;15.6574
1979;11;06;18;2.8;60.6185;15.6574
1980;03;11;6;-4.2;60.6185;15.6574
1980;03;11;12;-0.8;60.6185;15.6574
1980;03;11;18;-3.2;60.6185;15.6574
1980;04;12;6;1.4;60.6185;15.6574
1980;04;12;12;13.4;60.6185;15.6574
1980;04;12;18;8.2;60.6185;15.6574
1980;11;06;6;1.4;60.6185;15.6574
1980;11;06;12;5.7;60.6185;15.6574
1980;11;06;18;2.4;60.6185;15.6574
1981;03;11;6;-10.5;60.6185;15.6574
1981;03;11;12;-2.2;60.6185;15.6574
1981;03;11;18;-8.0;60.6185;15.6574
1981;04;12;6;-0.8;60.6185;15.6574
1981;04;12;12;13.3;60.6185;15.6574
1981;04;12;18;10.8;60.6185;15.6574
1981;11;06;6;1.0;60.6185;15.6574
1981;11;06;12;2.8;60.6185;15.6574
1981;11;06;18;0.5;60.6185;15.6574
1982;03;11;6;0.9;60.6185;15.6574
1982;03;11;12;1.0;60.6185;15.6574
1982;03;11;18;0.0;60.6185;15.6574
1982;04;12;6;-3.8;60.6185;15.6574
1982;04;12;12;1.0;60.6185;15.6574
1982;04;12;18;-0.7;60.6185;15.6574
1982;11;06;6;-6.9;60.6185;15.6574
1982;11;06;12;3.4;60.6185;15.6574
1982;11;06;18;1.0;60.6185;15.6574
1983;03;11;6;-9.5;60.6185;15.6574
1983;03;11;12;-1.2;60.6185;15.6574
1983;03;11;18;-6.6;60.6185;15.6574
1983;04;12;6;-2.7;60.6185;15.6574
1983;04;12;12;0.9;60.6185;15.6574
1983;04;12;18;-0.2;60.6185;15.6574
1983;11;06;6;5.2;60.6185;15.6574
1983;11;06;12;10.4;60.6185;15.6574
1983;11;06;18;9.0;60.6185;15.6574
1984;03;11;6;-3.0;60.6185;15.6574
1984;03;11;12;0.0;60.6185;15.6574
1984;03;11;18;-1.9;60.6185;15.6574
1984;04;12;6;1.4;60.6185;15.6574
1984;04;12;12;4.1;60.6185;15.6574
1984;04;12;18;5.0;60.6185;15.6574
1984;11;06;6;1.4;60.6185;15.6574
1984;11;06;12;5.2;60.6185;15.6574
1984;11;06;18;-0.2;60.6185;15.6574
1985;03;11;6;-2.9;60.6185;15.6574
1985;03;11;12;3.4;60.6185;15.6574
1985;03;11;18;0.2;60.6185;15.6574
1985;04;12;6;-5.6;60.6185;15.6574
1985;04;12;12;5.1;60.6185;15.6574
1985;04;12;18;2.2;60.6185;15.6574
1985;11;06;6;5.4;60.6185;15.6574
1985;11;06;12;4.9;60.6185;15.6574
1985;11;06;18;2.8;60.6185;15.6574
1986;03;11;6;-2.0;60.6185;15.6574
1986;03;11;12;1.2;60.6185;15.6574
1986;03;11;18;-1.0;60.6185;15.6574
1986;04;12;6;-7.8;60.6185;15.6574
1986;04;12;12;5.0;60.6185;15.6574
1986;04;12;18;2.8;60.6185;15.6574
1986;11;06;6;1.4;60.6185;15.6574
1986;11;06;12;1.8;60.6185;15.6574
1986;11;06;18;0.0;60.6185;15.6574
1987;03;11;6;-16.9;60.6185;15.6574
1987;03;11;12;-1.2;60.6185;15.6574
1987;03;11;18;-5.7;60.6185;15.6574
1987;04;12;6;0.5;60.6185;15.6574
1987;04;12;12;2.3;60.6185;15.6574
1987;04;12;18;2.4;60.6185;15.6574
1987;11;06;6;6.3;60.6185;15.6574
1987;11;06;12;8.9;60.6185;15.6574
1987;11;06;18;5.8;60.6185;15.6574
1988;03;11;6;-5.2;60.6185;15.6574
1988;03;11;12;1.2;60.6185;15.6574
1988;03;11;18;-2.2;60.6185;15.6574
1988;04;12;6;-9.2;60.6185;15.6574
1988;04;12;12;2.6;60.6185;15.6574
1988;04;12;18;-0.1;60.6185;15.6574
1988;11;06;6;-4.0;60.6185;15.6574
1988;11;06;12;2.2;60.6185;15.6574
1988;11;06;18;0.3;60.6185;15.6574
1989;03;11;6;3.7;60.6185;15.6574
1989;03;11;12;5.2;60.6185;15.6574
1989;03;11;18;2.7;60.6185;15.6574
1989;04;12;6;6.3;60.6185;15.6574
1989;04;12;12;16.5;60.6185;15.6574
1989;04;12;18;15.6;60.6185;15.6574
1989;11;06;6;1.4;60.6185;15.6574
1989;11;06;12;4.6;60.6185;15.6574
1989;11;06;18;4.4;60.6185;15.6574
1990;03;11;6;-9.7;60.6185;15.6574
1990;03;11;12;-2.1;60.6185;15.6574
1990;03;11;18;-3.2;60.6185;15.6574
1990;04;12;6;2.7;60.6185;15.6574
1990;04;12;12;6.4;60.6185;15.6574
1990;04;12;18;5.4;60.6185;15.6574
1990;11;06;6;-1.0;60.6185;15.6574
1990;11;06;12;7.6;60.6185;15.6574
1990;11;06;18;0.1;60.6185;15.6574
1991;03;11;6;1.0;60.6185;15.6574
1991;03;11;12;4.2;60.6185;15.6574
1991;03;11;18;2.5;60.6185;15.6574
1991;04;12;6;6.1;60.6185;15.6574
1991;04;12;12;14.8;60.6185;15.6574
1991;04;12;18;12.6;60.6185;15.6574
1991;11;06;6;3.0;60.6185;15.6574
1991;11;06;12;3.9;60.6185;15.6574
1991;11;06;18;-2.2;60.6185;15.6574
1992;03;11;6;3.7;60.6185;15.6574
1992;03;11;12;6.3;60.6185;15.6574
1992;03;11;18;2.7;60.6185;15.6574
1992;04;12;6;4.3;60.6185;15.6574
1992;04;12;12;7.2;60.6185;15.6574
1992;04;12;18;4.1;60.6185;15.6574
1992;11;06;6;-1.0;60.6185;15.6574
1992;11;06;12;0.4;60.6185;15.6574
1992;11;06;18;1.5;60.6185;15.6574
1993;03;11;6;-10.2;60.6185;15.6574
1993;03;11;12;1.2;60.6185;15.6574
1993;03;11;18;0.0;60.6185;15.6574
1993;04;12;6;-5.0;60.6185;15.6574
1993;04;12;12;6.1;60.6185;15.6574
1993;04;12;18;3.4;60.6185;15.6574
1993;11;06;6;-0.8;60.6185;15.6574
1993;11;06;12;-0.6;60.6185;15.6574
1993;11;06;18;-1.1;60.6185;15.6574
1994;03;11;6;1.0;60.6185;15.6574
1994;03;11;12;6.0;60.6185;15.6574
1994;03;11;18;3.3;60.6185;15.6574
1994;04;12;6;-2.0;60.6185;15.6574
1994;04;12;12;13.2;60.6185;15.6574
1994;04;12;18;9.0;60.6185;15.6574
1994;11;06;6;0.7;60.6185;15.6574
1994;11;06;12;7.4;60.6185;15.6574
1994;11;06;18;4.9;60.6185;15.6574
1995;03;11;6;-8.7;60.6185;15.6574
1995;03;11;12;-1.0;60.6185;15.6574
1995;03;11;18;-0.4;60.6185;15.6574
1995;04;12;6;1.0;60.6185;15.6574
1995;04;12;12;8.4;60.6185;15.6574
1995;04;12;18;5.7;60.6185;15.6574
1995;11;06;6;-1.0;60.6185;15.6574
1995;11;06;12;2.6;60.6185;15.6574
1995;11;06;18;-1.3;60.6185;15.6574
1996;03;11;6;-6.6;60.6185;15.6574
1996;03;11;12;-0.2;60.6185;15.6574
1996;03;11;18;-2.8;60.6185;15.6574
1996;04;12;6;-3.5;60.6185;15.6574
1996;04;12;12;2.7;60.6185;15.6574
1996;04;12;18;1.0;60.6185;15.6574
1996;11;06;6;5.2;60.6185;15.6574
1996;11;06;12;2.8;60.6185;15.6574
1996;11;06;18;5.8;60.6185;15.6574
1997;03;11;6;-1.6;60.6185;15.6574
1997;03;11;12;10.0;60.6185;15.6574
1997;03;11;18;4.5;60.6185;15.6574
1997;04;12;6;-3.2;60.6185;15.6574
1997;04;12;12;3.0;60.6185;15.6574
1997;04;12;18;2.2;60.6185;15.6574
1997;11;06;6;0.2;60.6185;15.6574
1997;11;06;12;1.0;60.6185;15.6574
1997;11;06;18;0.3;60.6185;15.6574
1998;03;11;6;-9.2;60.6185;15.6574
1998;03;11;18;-1.4;60.6185;15.6574
1998;04;12;6;-0.9;60.6185;15.6574
1998;04;12;18;-1.0;60.6185;15.6574
1998;11;06;6;-1.0;60.6185;15.6574
1998;11;06;18;-0.6;60.6185;15.6574
1999;03;11;6;-9.0;60.6185;15.6574
1999;03;11;18;-5.7;60.6185;15.6574
1999;04;12;6;-3.2;60.6185;15.6574
1999;04;12;18;0.2;60.6185;15.6574
1999;11;06;6;5.0;60.6185;15.6574
1999;11;06;18;6.0;60.6185;15.6574
2000;03;11;6;-8.0;60.6185;15.6574
2000;03;11;18;-2.6;60.6185;15.6574
2000;04;12;6;-0.1;60.6185;15.6574
2000;04;12;18;5.5;60.6185;15.6574
2000;11;06;6;3.4;60.6185;15.6574
2000;11;06;18;2.5;60.6185;15.6574
2001;03;11;6;2.0;60.6185;15.6574
2001;03;11;18;3.4;60.6185;15.6574
2001;04;12;6;0.4;60.6185;15.6574
2001;04;12;18;0.0;60.6185;15.6574
2001;11;06;6;-4.8;60.6185;15.6574
2001;11;06;18;-5.0;60.6185;15.6574
2002;03;11;6;-1.9;60.6185;15.6574
2002;03;11;18;4.4;60.6185;15.6574
2002;04;12;6;2.6;60.6185;15.6574
2002;04;12;18;9.4;60.6185;15.6574
2002;11;06;6;0.4;60.6185;15.6574
2002;11;06;18;1.2;60.6185;15.6574
2003;03;11;6;3.6;60.6185;15.6574
2003;03;11;18;1.8;60.6185;15.6574
2003;04;12;6;0.7;60.6185;15.6574
2003;04;12;18;1.3;60.6185;15.6574
2003;11;06;6;9.8;60.6185;15.6574
2003;11;06;18;3.3;60.6185;15.6574
2004;03;11;6;-11.0;60.6185;15.6574
2004;03;11;18;-2.6;60.6185;15.6574
2004;04;12;6;0.2;60.6185;15.6574
2004;04;12;18;4.8;60.6185;15.6574
2004;11;06;6;3.4;60.6185;15.6574
2004;11;06;18;3.8;60.6185;15.6574
2005;03;11;6;-0.8;60.6185;15.6574
2005;03;11;18;-3.6;60.6185;15.6574
2005;04;12;6;6.3;60.6185;15.6574
2005;04;12;18;7.0;60.6185;15.6574
2005;11;06;6;6.0;60.6185;15.6574
2005;11;06;18;7.2;60.6185;15.6574
2006;11;06;6;2.8;60.6185;15.6574
2006;11;06;18;2.6;60.6185;15.6574
2007;03;11;6;1.9;60.6185;15.6574
2007;03;11;18;1.9;60.6185;15.6574
2007;04;12;6;5.9;60.6185;15.6574
2007;04;12;18;10.5;60.6185;15.6574
2007;11;06;6;4.9;60.6185;15.6574
2007;11;06;18;0.3;60.6185;15.6574
2008;03;11;6;2.7;60.6185;15.6574
2008;03;11;18;4.3;60.6185;15.6574
2008;04;12;6;2.7;60.6185;15.6574
2008;04;12;18;1.5;60.6185;15.6574
2008;11;06;6;-4.4;60.6185;15.6574
2008;11;06;18;-1.1;60.6185;15.6574
2009;03;11;6;-5.5;60.6185;15.6574
2009;03;11;18;-6.3;60.6185;15.6574
2009;04;12;6;-0.7;60.6185;15.6574
2009;04;12;18;14.8;60.6185;15.6574
2009;11;06;6;3.4;60.6185;15.6574
2009;11;06;18;4.1;60.6185;15.6574
2010;03;11;6;-1.1;60.6185;15.6574
2010;03;11;18;3.2;60.6185;15.6574
2010;04;12;6;-0.5;60.6185;15.6574
2010;04;12;18;12.5;60.6185;15.6574
2010;11;06;6;-1.4;60.6185;15.6574
2010;11;06;18;-1.0;60.6185;15.6574
2011;03;11;6;-2.8;60.6185;15.6574
2011;03;11;18;-1.5;60.6185;15.6574
2011;04;12;6;3.8;60.6185;15.6574
2011;04;12;18;4.9;60.6185;15.6574
2011;11;06;6;4.9;60.6185;15.6574
2011;11;06;18;6.1;60.6185;15.6574
2012;03;11;6;0.5;60.6185;15.6574
2012;03;11;18;4.2;60.6185;15.6574
2012;04;12;6;3.5;60.6185;15.6574
2012;04;12;18;6.9;60.6185;15.6574
2012;11;06;6;-2.3;60.6185;15.6574
2012;11;06;18;1.0;60.6185;15.6574
2013;03;11;6;-11.9;60.6185;15.6574
2013;03;11;18;-4.9;60.6185;15.6574
2013;04;12;6;0.0;60.6185;15.6574
2013;04;12;18;2.0;60.6185;15.6574
2013;11;06;6;2.0;60.6185;15.6574
2013;11;06;18;1.8;60.6185;15.6574
2014;03;11;6;1.9;60.6185;15.6574
2014;03;11;18;5.6;60.6185;15.6574
2014;04;12;6;-0.4;60.6185;15.6574
2014;11;06;6;-1.5;60.6185;15.6574
2014;11;06;18;-0.9;60.6185;15.6574
2015;03;11;6;1.9;60.6185;15.6574
2015;03;11;18;1.8;60.6185;15.6574
2015;04;12;6;6.0;60.6185;15.6574
2015;04;12;18;8.4;60.6185;15.6574
2015;11;06;6;5.0;60.6185;15.6574
2015;11;06;18;7.0;60.6185;15.6574
2016;03;11;6;-7.6;60.6185;15.6574
2016;03;11;18;-1.8;60.6185;15.6574
2016;04;12;6;3.2;60.6185;15.6574
2016;04;12;18;10.7;60.6185;15.6574
2016;11;06;6;-3.2;60.6185;15.6574
2016;11;06;18;-4.0;60.6185;15.6574
2017;03;11;6;-4.0;60.6185;15.6574
2017;03;11;18;-1.0;60.6185;15.6574
2017;04;12;6;0.9;60.6185;15.6574
2017;04;12;18;2.0;60.6185;15.6574
2017;11;06;6;4.8;60.6185;15.6574
2017;11;06;18;-1.3;60.6185;15.6574
2018;03;11;6;-4.3;60.6185;15.6574
2018;03;11;18;-1.9;60.6185;15.6574
2018;04;12;6;-1.1;60.6185;15.6574
2018;04;12;18;7.0;60.6185;15.6574
2018;11;06;6;4.4;60.6185;15.6574
2018;11;06;18;6.9;60.6185;15.6574
2019;03;11;6;-9.1;60.6185;15.6574
2019;03;11;18;-4.5;60.6185;15.6574
2019;04;12;6;-6.9;60.6185;15.6574
2019;04;12;18;2.2;60.6185;15.6574
2019;11;06;6;-3.6;60.6185;15.6574
2019;11;06;18;-3.4;60.6185;15.6574
2020;03;11;6;0.8;60.6185;15.6574
2020;03;11;18;4.7;60.6185;15.6574
2020;04;12;6;5.3;60.6185;15.6574
2020;04;12;18;11.2;60.6185;15.6574
2020;11;06;6;6.4;60.6185;15.6574
2020;11;06;18;6.3;60.6185;15.6574
2021;03;11;6;-3.0;60.6185;15.6574
2021;03;11;18;-0.2;60.6185;15.6574
2021;04;12;6;0.4;60.6185;15.6574
2021;04;12;18;2.2;60.6185;15.6574
2021;11;06;6;-2.4;60.6185;15.6574
2021;11;06;18;-0.1;60.6185;15.6574
2022;03;11;6;0.9;60.6185;15.6574
2022;03;11;18;1.6;60.6185;15.6574
2022;04;12;6;-0.9;60.6185;15.6574
2022;04;12;18;8.5;60.6185;15.6574
2022;11;06;6;6.9;60.6185;15.6574
2022;11;06;18;8.0;60.6185;15.6574
2023;03;11;6;-11.1;60.6185;15.6574
2023;03;11;18;-5.0;60.6185;15.6574
2023;04;12;6;4.7;60.6185;15.6574
2023;04;12;18;10.5;60.6185;15.6574
