1942;11;06;7;-0.4;59.4446;13.3374
1942;11;06;13;1.4;59.4446;13.3374
1942;11;06;18;0.0;59.4446;13.3374
1943;03;11;7;4.4;59.4446;13.3374
1943;03;11;13;7.2;59.4446;13.3374
1943;03;11;18;3.8;59.4446;13.3374
1943;04;12;7;2.4;59.4446;13.3374
1943;04;12;13;8.5;59.4446;13.3374
1943;04;12;18;5.4;59.4446;13.3374
1943;11;06;7;5.2;59.4446;13.3374
1943;11;06;13;4.8;59.4446;13.3374
1943;11;06;18;4.2;59.4446;13.3374
1944;03;11;7;1.8;59.4446;13.3374
1944;03;11;13;3.8;59.4446;13.3374
1944;03;11;18;1.8;59.4446;13.3374
1944;04;12;7;2.4;59.4446;13.3374
1944;04;12;13;2.8;59.4446;13.3374
1944;04;12;18;2.2;59.4446;13.3374
1944;11;06;7;6.6;59.4446;13.3374
1944;11;06;13;6.5;59.4446;13.3374
1944;11;06;18;6.8;59.4446;13.3374
1945;03;11;7;-1.1;59.4446;13.3374
1945;03;11;13;1.6;59.4446;13.3374
1945;03;11;18;1.0;59.4446;13.3374
1945;04;12;7;2.3;59.4446;13.3374
1945;04;12;13;7.6;59.4446;13.3374
1945;04;12;18;3.8;59.4446;13.3374
1945;11;06;7;-0.5;59.4446;13.3374
1945;11;06;13;1.3;59.4446;13.3374
1945;11;06;18;-2.0;59.4446;13.3374
1946;03;11;7;-3.0;59.4446;13.3374
1946;03;11;13;-2.2;59.4446;13.3374
1946;03;11;18;-1.8;59.4446;13.3374
1946;04;12;7;0.4;59.4446;13.3374
1946;04;12;13;4.2;59.4446;13.3374
1946;04;12;18;1.4;59.4446;13.3374
1946;11;06;7;6.0;59.4446;13.3374
1946;11;06;13;7.0;59.4446;13.3374
1946;11;06;18;7.2;59.4446;13.3374
1947;03;11;6;-21.1;59.4446;13.3374
1947;03;11;12;-9.8;59.4446;13.3374
1947;03;11;18;-12.2;59.4446;13.3374
1947;04;12;6;2.4;59.4446;13.3374
1947;04;12;12;7.0;59.4446;13.3374
1947;04;12;18;7.4;59.4446;13.3374
1947;11;06;6;2.6;59.4446;13.3374
1947;11;06;12;5.2;59.4446;13.3374
1947;11;06;18;1.4;59.4446;13.3374
1948;03;11;6;-1.0;59.4446;13.3374
1948;03;11;12;2.2;59.4446;13.3374
1948;03;11;18;0.6;59.4446;13.3374
1948;04;12;6;0.2;59.4446;13.3374
1948;04;12;12;10.0;59.4446;13.3374
1948;04;12;18;8.2;59.4446;13.3374
1948;11;06;6;3.0;59.4446;13.3374
1948;11;06;12;1.8;59.4446;13.3374
1948;11;06;18;-0.1;59.4446;13.3374
1949;03;11;6;-6.9;59.4446;13.3374
1949;03;11;12;1.1;59.4446;13.3374
1949;03;11;18;0.5;59.4446;13.3374
1949;04;12;6;2.7;59.4446;13.3374
1949;04;12;12;4.6;59.4446;13.3374
1949;04;12;18;4.1;59.4446;13.3374
1949;11;06;6;3.8;59.4446;13.3374
1949;11;06;12;5.0;59.4446;13.3374
1949;11;06;18;4.0;59.4446;13.3374
1950;03;11;6;-2.6;59.4446;13.3374
1950;03;11;12;3.4;59.4446;13.3374
1950;03;11;18;0.1;59.4446;13.3374
1950;04;12;6;2.0;59.4446;13.3374
1950;04;12;12;6.9;59.4446;13.3374
1950;04;12;18;4.6;59.4446;13.3374
1950;11;06;6;-1.8;59.4446;13.3374
1950;11;06;12;1.4;59.4446;13.3374
1950;11;06;18;0.5;59.4446;13.3374
1960;11;06;0;6.0;59.4446;13.3374
1961;03;11;6;4.8;59.4446;13.3374
1961;03;11;12;8.4;59.4446;13.3374
1961;03;11;18;5.5;59.4446;13.3374
1961;04;12;6;2.8;59.4446;13.3374
1961;04;12;12;3.5;59.4446;13.3374
1961;04;12;18;6.4;59.4446;13.3374
1961;11;06;6;5.2;59.4446;13.3374
1961;11;06;12;7.0;59.4446;13.3374
1961;11;06;18;5.5;59.4446;13.3374
1962;03;11;6;-6.4;59.4446;13.3374
1962;03;11;12;-5.0;59.4446;13.3374
1962;03;11;18;-10.0;59.4446;13.3374
1962;04;12;6;2.2;59.4446;13.3374
1962;04;12;12;3.8;59.4446;13.3374
1962;04;12;18;4.6;59.4446;13.3374
1962;11;06;6;8.0;59.4446;13.3374
1962;11;06;12;8.6;59.4446;13.3374
1962;11;06;18;5.5;59.4446;13.3374
1963;03;11;6;-3.6;59.4446;13.3374
1963;03;11;12;-0.8;59.4446;13.3374
1963;03;11;18;-0.9;59.4446;13.3374
1963;04;12;6;2.1;59.4446;13.3374
1963;04;12;12;3.1;59.4446;13.3374
1963;04;12;18;3.1;59.4446;13.3374
1963;11;06;6;4.7;59.4446;13.3374
1963;11;06;12;5.3;59.4446;13.3374
1963;11;06;18;5.4;59.4446;13.3374
1964;03;11;6;0.0;59.4446;13.3374
1964;03;11;12;7.0;59.4446;13.3374
1964;03;11;18;2.5;59.4446;13.3374
1964;04;12;6;3.5;59.4446;13.3374
1964;04;12;12;4.0;59.4446;13.3374
1964;04;12;18;4.1;59.4446;13.3374
1964;11;06;6;4.3;59.4446;13.3374
1964;11;06;12;8.1;59.4446;13.3374
1964;11;06;18;3.0;59.4446;13.3374
1965;03;11;0;-8.0;59.4446;13.3374
1965;03;11;6;-9.0;59.4446;13.3374
1965;03;11;12;0.0;59.4446;13.3374
1965;03;11;18;0.6;59.4446;13.3374
1965;04;12;0;2.8;59.4446;13.3374
1965;04;12;6;3.5;59.4446;13.3374
1965;04;12;12;5.0;59.4446;13.3374
1965;04;12;18;5.2;59.4446;13.3374
1965;11;06;0;6.7;59.4446;13.3374
1965;11;06;6;-0.3;59.4446;13.3374
1965;11;06;12;8.0;59.4446;13.3374
1965;11;06;18;0.6;59.4446;13.3374
1966;03;11;0;0.4;59.4446;13.3374
1966;03;11;6;0.3;59.4446;13.3374
1966;03;11;12;-0.4;59.4446;13.3374
1966;03;11;18;-3.5;59.4446;13.3374
1966;04;12;0;-6.0;59.4446;13.3374
1966;04;12;6;-7.8;59.4446;13.3374
1966;04;12;12;-2.7;59.4446;13.3374
1966;04;12;18;-1.3;59.4446;13.3374
1966;11;06;0;5.5;59.4446;13.3374
1966;11;06;6;5.6;59.4446;13.3374
1966;11;06;12;7.1;59.4446;13.3374
1966;11;06;18;5.3;59.4446;13.3374
1967;03;11;0;3.1;59.4446;13.3374
1967;03;11;6;3.3;59.4446;13.3374
1967;03;11;12;5.4;59.4446;13.3374
1967;03;11;18;2.2;59.4446;13.3374
1967;04;12;0;3.3;59.4446;13.3374
1967;04;12;6;3.2;59.4446;13.3374
1967;04;12;12;6.8;59.4446;13.3374
1967;04;12;18;7.7;59.4446;13.3374
1967;11;06;0;8.9;59.4446;13.3374
1967;11;06;6;9.3;59.4446;13.3374
1967;11;06;12;9.1;59.4446;13.3374
1967;11;06;18;7.9;59.4446;13.3374
1968;03;11;0;-6.8;59.4446;13.3374
1968;03;11;6;-6.2;59.4446;13.3374
1968;03;11;12;1.0;59.4446;13.3374
1968;03;11;18;-2.2;59.4446;13.3374
1968;04;12;0;4.1;59.4446;13.3374
1968;04;12;6;5.3;59.4446;13.3374
1968;04;12;12;10.1;59.4446;13.3374
1968;04;12;18;10.4;59.4446;13.3374
1968;11;06;0;-8.4;59.4446;13.3374
1968;11;06;6;-7.1;59.4446;13.3374
1968;11;06;12;-3.0;59.4446;13.3374
1968;11;06;18;-5.2;59.4446;13.3374
1969;03;11;0;-13.8;59.4446;13.3374
1969;03;11;6;-18.9;59.4446;13.3374
1969;03;11;12;-5.2;59.4446;13.3374
1969;03;11;18;-6.8;59.4446;13.3374
1969;04;12;0;-1.1;59.4446;13.3374
1969;04;12;6;0.9;59.4446;13.3374
1969;04;12;12;1.2;59.4446;13.3374
1969;04;12;18;1.0;59.4446;13.3374
1969;11;06;0;-6.0;59.4446;13.3374
1969;11;06;6;-8.1;59.4446;13.3374
1969;11;06;12;4.7;59.4446;13.3374
1969;11;06;18;4.3;59.4446;13.3374
1970;03;11;0;-3.6;59.4446;13.3374
1970;03;11;6;-6.8;59.4446;13.3374
1970;03;11;12;-2.1;59.4446;13.3374
1970;03;11;18;-2.0;59.4446;13.3374
1970;04;12;0;0.9;59.4446;13.3374
1970;04;12;6;-0.2;59.4446;13.3374
1970;04;12;12;5.5;59.4446;13.3374
1970;04;12;18;1.5;59.4446;13.3374
1970;11;06;0;-7.0;59.4446;13.3374
1970;11;06;6;-8.9;59.4446;13.3374
1970;11;06;12;-4.0;59.4446;13.3374
1970;11;06;18;-5.4;59.4446;13.3374
1971;03;11;0;-4.2;59.4446;13.3374
1971;03;11;6;-8.0;59.4446;13.3374
1971;03;11;12;-3.9;59.4446;13.3374
1971;03;11;18;-4.8;59.4446;13.3374
1971;04;12;0;4.3;59.4446;13.3374
1971;04;12;6;1.8;59.4446;13.3374
1971;04;12;12;11.5;59.4446;13.3374
1971;04;12;18;8.9;59.4446;13.3374
1971;11;06;0;-0.7;59.4446;13.3374
1971;11;06;6;-0.8;59.4446;13.3374
1971;11;06;12;-0.6;59.4446;13.3374
1971;11;06;18;-1.8;59.4446;13.3374
1972;03;11;0;-9.2;59.4446;13.3374
1972;03;11;6;-16.5;59.4446;13.3374
1972;03;11;12;-2.8;59.4446;13.3374
1972;03;11;18;-7.6;59.4446;13.3374
1972;04;12;0;5.6;59.4446;13.3374
1972;04;12;6;3.0;59.4446;13.3374
1972;04;12;12;8.5;59.4446;13.3374
1972;04;12;18;8.0;59.4446;13.3374
1972;11;06;0;3.8;59.4446;13.3374
1972;11;06;6;1.9;59.4446;13.3374
1972;11;06;12;6.2;59.4446;13.3374
1972;11;06;18;5.2;59.4446;13.3374
1973;03;11;0;1.0;59.4446;13.3374
1973;03;11;3;-1.2;59.4446;13.3374
1973;03;11;6;-1.2;59.4446;13.3374
1973;03;11;9;2.9;59.4446;13.3374
1973;03;11;12;5.2;59.4446;13.3374
1973;03;11;15;5.9;59.4446;13.3374
1973;03;11;18;0.8;59.4446;13.3374
1973;03;11;21;1.2;59.4446;13.3374
1973;04;12;0;-1.0;59.4446;13.3374
1973;04;12;3;-1.2;59.4446;13.3374
1973;04;12;6;0.0;59.4446;13.3374
1973;04;12;9;2.5;59.4446;13.3374
1973;04;12;12;5.0;59.4446;13.3374
1973;04;12;15;6.3;59.4446;13.3374
1973;04;12;18;4.8;59.4446;13.3374
1973;04;12;21;1.2;59.4446;13.3374
1973;11;06;0;8.1;59.4446;13.3374
1973;11;06;3;5.5;59.4446;13.3374
1973;11;06;6;5.6;59.4446;13.3374
1973;11;06;9;5.1;59.4446;13.3374
1973;11;06;12;6.9;59.4446;13.3374
1973;11;06;15;3.8;59.4446;13.3374
1973;11;06;18;3.0;59.4446;13.3374
1973;11;06;21;4.0;59.4446;13.3374
1974;03;11;0;-6.8;59.4446;13.3374
1974;03;11;3;-7.2;59.4446;13.3374
1974;03;11;6;-7.2;59.4446;13.3374
1974;03;11;9;0.0;59.4446;13.3374
1974;03;11;12;6.4;59.4446;13.3374
1974;03;11;15;6.9;59.4446;13.3374
1974;03;11;18;-0.3;59.4446;13.3374
1974;03;11;21;-0.6;59.4446;13.3374
1974;04;12;0;-5.6;59.4446;13.3374
1974;04;12;3;-6.7;59.4446;13.3374
1974;04;12;6;-4.4;59.4446;13.3374
1974;04;12;9;1.5;59.4446;13.3374
1974;04;12;12;4.8;59.4446;13.3374
1974;04;12;15;6.5;59.4446;13.3374
1974;04;12;18;4.9;59.4446;13.3374
1974;04;12;21;1.6;59.4446;13.3374
1974;11;06;0;-4.8;59.4446;13.3374
1974;11;06;3;-6.0;59.4446;13.3374
1974;11;06;6;-6.8;59.4446;13.3374
1974;11;06;9;-4.0;59.4446;13.3374
1974;11;06;12;-0.3;59.4446;13.3374
1974;11;06;15;-0.1;59.4446;13.3374
1974;11;06;18;1.1;59.4446;13.3374
1974;11;06;21;2.9;59.4446;13.3374
1975;03;11;0;-0.8;59.4446;13.3374
1975;03;11;3;-0.8;59.4446;13.3374
1975;03;11;6;-0.6;59.4446;13.3374
1975;03;11;9;2.7;59.4446;13.3374
1975;03;11;12;5.2;59.4446;13.3374
1975;03;11;15;5.6;59.4446;13.3374
1975;03;11;18;2.6;59.4446;13.3374
1975;03;11;21;0.0;59.4446;13.3374
1975;04;12;0;-2.9;59.4446;13.3374
1975;04;12;3;-2.9;59.4446;13.3374
1975;04;12;6;0.7;59.4446;13.3374
1975;04;12;9;3.3;59.4446;13.3374
1975;04;12;12;3.3;59.4446;13.3374
1975;04;12;15;3.0;59.4446;13.3374
1975;04;12;18;0.6;59.4446;13.3374
1975;04;12;21;0.3;59.4446;13.3374
1975;11;06;0;9.0;59.4446;13.3374
1975;11;06;3;8.2;59.4446;13.3374
1975;11;06;6;8.2;59.4446;13.3374
1975;11;06;9;9.2;59.4446;13.3374
1975;11;06;12;9.4;59.4446;13.3374
1975;11;06;15;8.4;59.4446;13.3374
1975;11;06;18;5.0;59.4446;13.3374
1975;11;06;21;4.1;59.4446;13.3374
1976;03;11;0;-9.5;59.4446;13.3374
1976;03;11;3;-8.6;59.4446;13.3374
1976;03;11;6;-10.5;59.4446;13.3374
1976;03;11;9;-7.5;59.4446;13.3374
1976;03;11;12;-3.3;59.4446;13.3374
1976;03;11;15;-2.1;59.4446;13.3374
1976;03;11;18;-5.8;59.4446;13.3374
1976;03;11;21;-9.2;59.4446;13.3374
1976;04;12;0;3.6;59.4446;13.3374
1976;04;12;3;3.1;59.4446;13.3374
1976;04;12;6;3.1;59.4446;13.3374
1976;04;12;9;6.1;59.4446;13.3374
1976;04;12;12;8.3;59.4446;13.3374
1976;04;12;15;9.3;59.4446;13.3374
1976;04;12;18;6.3;59.4446;13.3374
1976;04;12;21;4.2;59.4446;13.3374
1976;11;06;0;7.0;59.4446;13.3374
1976;11;06;3;6.8;59.4446;13.3374
1976;11;06;6;7.3;59.4446;13.3374
1976;11;06;9;7.8;59.4446;13.3374
1976;11;06;12;8.1;59.4446;13.3374
1976;11;06;15;7.8;59.4446;13.3374
1976;11;06;18;7.3;59.4446;13.3374
1976;11;06;21;6.0;59.4446;13.3374
1977;03;11;0;1.9;59.4446;13.3374
1977;03;11;3;0.8;59.4446;13.3374
1977;03;11;6;0.9;59.4446;13.3374
1977;03;11;9;1.0;59.4446;13.3374
1977;03;11;12;1.8;59.4446;13.3374
1977;03;11;15;3.8;59.4446;13.3374
1977;03;11;18;3.8;59.4446;13.3374
1977;03;11;21;3.9;59.4446;13.3374
1977;04;12;0;-0.1;59.4446;13.3374
1977;04;12;3;-0.1;59.4446;13.3374
1977;04;12;6;0.2;59.4446;13.3374
1977;04;12;9;1.0;59.4446;13.3374
1977;04;12;12;1.7;59.4446;13.3374
1977;04;12;15;2.0;59.4446;13.3374
1977;04;12;18;1.2;59.4446;13.3374
1977;04;12;21;0.3;59.4446;13.3374
1977;11;06;0;-1.2;59.4446;13.3374
1977;11;06;3;6.2;59.4446;13.3374
1977;11;06;6;7.9;59.4446;13.3374
1977;11;06;9;8.6;59.4446;13.3374
1977;11;06;12;9.4;59.4446;13.3374
1977;11;06;15;8.8;59.4446;13.3374
1977;11;06;18;8.1;59.4446;13.3374
1977;11;06;21;8.1;59.4446;13.3374
1978;03;11;0;0.9;59.4446;13.3374
1978;03;11;3;2.8;59.4446;13.3374
1978;03;11;6;2.0;59.4446;13.3374
1978;03;11;9;4.4;59.4446;13.3374
1978;03;11;12;5.9;59.4446;13.3374
1978;03;11;15;6.2;59.4446;13.3374
1978;03;11;18;1.1;59.4446;13.3374
1978;03;11;21;-2.0;59.4446;13.3374
1978;04;12;0;0.8;59.4446;13.3374
1978;04;12;3;0.1;59.4446;13.3374
1978;04;12;6;1.8;59.4446;13.3374
1978;04;12;9;0.8;59.4446;13.3374
1978;04;12;12;2.8;59.4446;13.3374
1978;04;12;15;1.0;59.4446;13.3374
1978;04;12;18;2.0;59.4446;13.3374
1978;04;12;21;1.1;59.4446;13.3374
1978;11;06;0;11.2;59.4446;13.3374
1978;11;06;3;10.9;59.4446;13.3374
1978;11;06;6;10.4;59.4446;13.3374
1978;11;06;9;11.7;59.4446;13.3374
1978;11;06;12;12.2;59.4446;13.3374
1978;11;06;15;11.2;59.4446;13.3374
1978;11;06;18;5.2;59.4446;13.3374
1978;11;06;21;7.8;59.4446;13.3374
1979;03;11;0;-1.1;59.4446;13.3374
1979;03;11;3;-3.2;59.4446;13.3374
1979;03;11;6;-4.0;59.4446;13.3374
1979;03;11;9;-0.1;59.4446;13.3374
1979;03;11;12;1.0;59.4446;13.3374
1979;03;11;15;1.9;59.4446;13.3374
1979;03;11;18;0.3;59.4446;13.3374
1979;03;11;21;-0.7;59.4446;13.3374
1979;04;12;0;2.1;59.4446;13.3374
1979;04;12;3;-2.9;59.4446;13.3374
1979;04;12;6;-1.8;59.4446;13.3374
1979;04;12;9;7.5;59.4446;13.3374
1979;04;12;12;12.3;59.4446;13.3374
1979;04;12;15;15.0;59.4446;13.3374
1979;04;12;18;11.3;59.4446;13.3374
1979;04;12;21;4.2;59.4446;13.3374
1979;11;06;0;6.2;59.4446;13.3374
1979;11;06;3;5.1;59.4446;13.3374
1979;11;06;6;5.6;59.4446;13.3374
1979;11;06;9;5.5;59.4446;13.3374
1979;11;06;12;5.2;59.4446;13.3374
1979;11;06;15;3.3;59.4446;13.3374
1979;11;06;18;3.1;59.4446;13.3374
1979;11;06;21;3.2;59.4446;13.3374
1980;03;11;0;-1.8;59.4446;13.3374
1980;03;11;3;-2.5;59.4446;13.3374
1980;03;11;6;-3.7;59.4446;13.3374
1980;03;11;9;-2.2;59.4446;13.3374
1980;03;11;12;-0.2;59.4446;13.3374
1980;03;11;15;1.2;59.4446;13.3374
1980;03;11;18;-2.8;59.4446;13.3374
1980;03;11;21;-1.4;59.4446;13.3374
1980;04;12;0;1.2;59.4446;13.3374
1980;04;12;3;-1.8;59.4446;13.3374
1980;04;12;6;2.5;59.4446;13.3374
1980;04;12;9;9.7;59.4446;13.3374
1980;04;12;12;10.2;59.4446;13.3374
1980;04;12;15;10.6;59.4446;13.3374
1980;04;12;18;7.8;59.4446;13.3374
1980;04;12;21;-0.2;59.4446;13.3374
1980;11;06;0;-4.5;59.4446;13.3374
1980;11;06;3;-5.0;59.4446;13.3374
1980;11;06;6;-5.6;59.4446;13.3374
1980;11;06;9;-2.0;59.4446;13.3374
1980;11;06;12;1.0;59.4446;13.3374
1980;11;06;15;2.0;59.4446;13.3374
1980;11;06;18;0.2;59.4446;13.3374
1980;11;06;21;0.4;59.4446;13.3374
1981;03;11;0;-5.9;59.4446;13.3374
1981;03;11;3;-5.2;59.4446;13.3374
1981;03;11;6;-3.3;59.4446;13.3374
1981;03;11;9;-1.6;59.4446;13.3374
1981;03;11;12;-0.1;59.4446;13.3374
1981;03;11;15;0.0;59.4446;13.3374
1981;03;11;18;-0.9;59.4446;13.3374
1981;03;11;21;-2.7;59.4446;13.3374
1981;04;12;0;0.2;59.4446;13.3374
1981;04;12;3;-0.1;59.4446;13.3374
1981;04;12;6;0.2;59.4446;13.3374
1981;04;12;9;7.6;59.4446;13.3374
1981;04;12;12;12.0;59.4446;13.3374
1981;04;12;15;9.2;59.4446;13.3374
1981;04;12;18;6.4;59.4446;13.3374
1981;04;12;21;6.1;59.4446;13.3374
1981;11;06;0;3.0;59.4446;13.3374
1981;11;06;3;1.0;59.4446;13.3374
1981;11;06;6;1.9;59.4446;13.3374
1981;11;06;9;3.1;59.4446;13.3374
1981;11;06;12;4.6;59.4446;13.3374
1981;11;06;15;3.8;59.4446;13.3374
1981;11;06;18;1.4;59.4446;13.3374
1981;11;06;21;0.9;59.4446;13.3374
1982;03;11;0;1.6;59.4446;13.3374
1982;03;11;3;1.8;59.4446;13.3374
1982;03;11;6;1.2;59.4446;13.3374
1982;03;11;9;1.6;59.4446;13.3374
1982;03;11;12;1.8;59.4446;13.3374
1982;03;11;15;2.2;59.4446;13.3374
1982;03;11;18;1.5;59.4446;13.3374
1982;03;11;21;1.3;59.4446;13.3374
1982;04;12;0;-2.0;59.4446;13.3374
1982;04;12;3;-2.8;59.4446;13.3374
1982;04;12;6;-2.8;59.4446;13.3374
1982;04;12;9;2.0;59.4446;13.3374
1982;04;12;12;5.7;59.4446;13.3374
1982;04;12;15;5.7;59.4446;13.3374
1982;04;12;18;3.8;59.4446;13.3374
1982;04;12;21;-0.2;59.4446;13.3374
1982;11;06;0;-0.6;59.4446;13.3374
1982;11;06;3;-1.0;59.4446;13.3374
1982;11;06;6;1.1;59.4446;13.3374
1982;11;06;9;3.0;59.4446;13.3374
1982;11;06;12;4.2;59.4446;13.3374
1982;11;06;15;3.8;59.4446;13.3374
1982;11;06;18;3.8;59.4446;13.3374
1982;11;06;21;3.6;59.4446;13.3374
1983;03;11;0;-1.9;59.4446;13.3374
1983;03;11;3;-3.8;59.4446;13.3374
1983;03;11;6;-4.7;59.4446;13.3374
1983;03;11;9;-1.0;59.4446;13.3374
1983;03;11;12;1.2;59.4446;13.3374
1983;03;11;15;3.1;59.4446;13.3374
1983;03;11;18;-1.2;59.4446;13.3374
1983;03;11;21;-1.7;59.4446;13.3374
1983;04;12;0;0.4;59.4446;13.3374
1983;04;12;3;-1.0;59.4446;13.3374
1983;04;12;6;-0.2;59.4446;13.3374
1983;04;12;9;3.9;59.4446;13.3374
1983;04;12;12;7.1;59.4446;13.3374
1983;04;12;15;5.2;59.4446;13.3374
1983;04;12;18;3.3;59.4446;13.3374
1983;04;12;21;1.1;59.4446;13.3374
1983;11;06;0;8.7;59.4446;13.3374
1983;11;06;3;8.2;59.4446;13.3374
1983;11;06;6;8.7;59.4446;13.3374
1983;11;06;9;9.7;59.4446;13.3374
1983;11;06;12;11.2;59.4446;13.3374
1983;11;06;15;10.7;59.4446;13.3374
1983;11;06;18;9.2;59.4446;13.3374
1983;11;06;21;8.8;59.4446;13.3374
1984;03;11;0;-2.7;59.4446;13.3374
1984;03;11;3;-3.2;59.4446;13.3374
1984;03;11;6;-2.3;59.4446;13.3374
1984;03;11;9;-2.0;59.4446;13.3374
1984;03;11;12;0.0;59.4446;13.3374
1984;03;11;15;0.5;59.4446;13.3374
1984;03;11;18;0.0;59.4446;13.3374
1984;03;11;21;-1.0;59.4446;13.3374
1984;04;12;0;3.8;59.4446;13.3374
1984;04;12;3;2.9;59.4446;13.3374
1984;04;12;6;3.0;59.4446;13.3374
1984;04;12;9;5.0;59.4446;13.3374
1984;04;12;12;7.1;59.4446;13.3374
1984;04;12;15;8.7;59.4446;13.3374
1984;04;12;18;5.2;59.4446;13.3374
1984;04;12;21;2.1;59.4446;13.3374
1984;11;06;0;5.0;59.4446;13.3374
1984;11;06;3;4.7;59.4446;13.3374
1984;11;06;6;5.3;59.4446;13.3374
1984;11;06;9;6.1;59.4446;13.3374
1984;11;06;12;7.5;59.4446;13.3374
1984;11;06;15;6.1;59.4446;13.3374
1984;11;06;18;3.2;59.4446;13.3374
1984;11;06;21;2.5;59.4446;13.3374
1985;03;11;0;-3.7;59.4446;13.3374
1985;03;11;3;-10.0;59.4446;13.3374
1985;03;11;6;-5.8;59.4446;13.3374
1985;03;11;9;-2.2;59.4446;13.3374
1985;03;11;12;0.6;59.4446;13.3374
1985;03;11;15;-2.9;59.4446;13.3374
1985;03;11;18;-5.3;59.4446;13.3374
1985;03;11;21;-2.5;59.4446;13.3374
1985;04;12;0;-8.0;59.4446;13.3374
1985;04;12;3;-10.4;59.4446;13.3374
1985;04;12;6;-6.4;59.4446;13.3374
1985;04;12;9;-0.1;59.4446;13.3374
1985;04;12;12;2.9;59.4446;13.3374
1985;04;12;15;2.2;59.4446;13.3374
1985;04;12;18;1.7;59.4446;13.3374
1985;04;12;21;0.7;59.4446;13.3374
1985;11;06;0;7.6;59.4446;13.3374
1985;11;06;3;7.7;59.4446;13.3374
1985;11;06;6;6.2;59.4446;13.3374
1985;11;06;9;5.5;59.4446;13.3374
1985;11;06;12;4.0;59.4446;13.3374
1985;11;06;15;3.6;59.4446;13.3374
1985;11;06;18;2.9;59.4446;13.3374
1985;11;06;21;3.9;59.4446;13.3374
1986;03;11;0;-0.6;59.4446;13.3374
1986;03;11;3;-0.9;59.4446;13.3374
1986;03;11;6;-0.7;59.4446;13.3374
1986;03;11;9;-0.5;59.4446;13.3374
1986;03;11;12;1.1;59.4446;13.3374
1986;03;11;15;0.9;59.4446;13.3374
1986;03;11;18;0.5;59.4446;13.3374
1986;03;11;21;0.2;59.4446;13.3374
1986;04;12;0;-3.8;59.4446;13.3374
1986;04;12;3;-7.4;59.4446;13.3374
1986;04;12;6;-3.2;59.4446;13.3374
1986;04;12;9;2.1;59.4446;13.3374
1986;04;12;12;3.5;59.4446;13.3374
1986;04;12;15;4.2;59.4446;13.3374
1986;04;12;18;0.0;59.4446;13.3374
1986;04;12;21;-0.1;59.4446;13.3374
1986;11;06;0;6.3;59.4446;13.3374
1986;11;06;3;3.6;59.4446;13.3374
1986;11;06;6;2.4;59.4446;13.3374
1986;11;06;9;2.1;59.4446;13.3374
1986;11;06;12;4.3;59.4446;13.3374
1986;11;06;15;3.2;59.4446;13.3374
1986;11;06;18;2.4;59.4446;13.3374
1986;11;06;21;2.1;59.4446;13.3374
1987;03;11;0;-16.2;59.4446;13.3374
1987;03;11;3;-17.7;59.4446;13.3374
1987;03;11;6;-15.3;59.4446;13.3374
1987;03;11;9;-8.8;59.4446;13.3374
1987;03;11;12;0.1;59.4446;13.3374
1987;03;11;15;-0.6;59.4446;13.3374
1987;03;11;18;-7.2;59.4446;13.3374
1987;03;11;21;-12.9;59.4446;13.3374
1987;04;12;0;0.5;59.4446;13.3374
1987;04;12;3;0.3;59.4446;13.3374
1987;04;12;6;1.0;59.4446;13.3374
1987;04;12;9;2.6;59.4446;13.3374
1987;04;12;12;3.9;59.4446;13.3374
1987;04;12;15;4.0;59.4446;13.3374
1987;04;12;18;2.7;59.4446;13.3374
1987;04;12;21;1.6;59.4446;13.3374
1987;11;06;0;-1.1;59.4446;13.3374
1987;11;06;3;-0.4;59.4446;13.3374
1987;11;06;6;-0.6;59.4446;13.3374
1987;11;06;9;3.8;59.4446;13.3374
1987;11;06;12;8.2;59.4446;13.3374
1987;11;06;15;7.2;59.4446;13.3374
1987;11;06;18;6.2;59.4446;13.3374
1987;11;06;21;6.1;59.4446;13.3374
1988;03;11;0;0.0;59.4446;13.3374
1988;03;11;3;-3.5;59.4446;13.3374
1988;03;11;6;-2.5;59.4446;13.3374
1988;03;11;9;-2.1;59.4446;13.3374
1988;03;11;12;0.9;59.4446;13.3374
1988;03;11;15;0.3;59.4446;13.3374
1988;03;11;18;-1.9;59.4446;13.3374
1988;03;11;21;-5.5;59.4446;13.3374
1988;04;12;0;-6.1;59.4446;13.3374
1988;04;12;3;-7.6;59.4446;13.3374
1988;04;12;6;-3.9;59.4446;13.3374
1988;04;12;9;1.8;59.4446;13.3374
1988;04;12;12;5.0;59.4446;13.3374
1988;04;12;15;6.0;59.4446;13.3374
1988;04;12;18;3.8;59.4446;13.3374
1988;04;12;21;-3.1;59.4446;13.3374
1988;11;06;0;3.0;59.4446;13.3374
1988;11;06;3;2.6;59.4446;13.3374
1988;11;06;6;1.4;59.4446;13.3374
1988;11;06;9;4.8;59.4446;13.3374
1988;11;06;12;5.4;59.4446;13.3374
1988;11;06;15;4.3;59.4446;13.3374
1988;11;06;18;-1.0;59.4446;13.3374
1988;11;06;21;0.0;59.4446;13.3374
1989;03;11;0;5.4;59.4446;13.3374
1989;03;11;3;5.1;59.4446;13.3374
1989;03;11;6;3.9;59.4446;13.3374
1989;03;11;9;4.5;59.4446;13.3374
1989;03;11;12;6.3;59.4446;13.3374
1989;03;11;15;7.1;59.4446;13.3374
1989;03;11;18;2.9;59.4446;13.3374
1989;03;11;21;2.0;59.4446;13.3374
1989;04;12;0;7.4;59.4446;13.3374
1989;04;12;3;8.7;59.4446;13.3374
1989;04;12;6;9.2;59.4446;13.3374
1989;04;12;9;11.6;59.4446;13.3374
1989;04;12;12;16.9;59.4446;13.3374
1989;04;12;15;16.1;59.4446;13.3374
1989;04;12;18;13.2;59.4446;13.3374
1989;04;12;21;8.6;59.4446;13.3374
1989;11;06;0;5.8;59.4446;13.3374
1989;11;06;3;6.2;59.4446;13.3374
1989;11;06;6;7.3;59.4446;13.3374
1989;11;06;9;7.6;59.4446;13.3374
1989;11;06;12;8.3;59.4446;13.3374
1989;11;06;15;7.6;59.4446;13.3374
1989;11;06;18;6.5;59.4446;13.3374
1989;11;06;21;6.0;59.4446;13.3374
1990;03;11;0;-1.3;59.4446;13.3374
1990;03;11;3;-3.3;59.4446;13.3374
1990;03;11;6;-2.4;59.4446;13.3374
1990;03;11;9;0.0;59.4446;13.3374
1990;03;11;12;0.0;59.4446;13.3374
1990;03;11;15;2.4;59.4446;13.3374
1990;03;11;18;5.6;59.4446;13.3374
1990;03;11;21;4.5;59.4446;13.3374
1990;04;12;0;3.2;59.4446;13.3374
1990;04;12;3;2.9;59.4446;13.3374
1990;04;12;6;3.7;59.4446;13.3374
1990;04;12;9;5.1;59.4446;13.3374
1990;04;12;12;6.3;59.4446;13.3374
1990;04;12;15;7.5;59.4446;13.3374
1990;04;12;18;6.8;59.4446;13.3374
1990;04;12;21;5.9;59.4446;13.3374
1990;11;06;0;3.0;59.4446;13.3374
1990;11;06;3;1.8;59.4446;13.3374
1990;11;06;6;2.5;59.4446;13.3374
1990;11;06;9;4.7;59.4446;13.3374
1990;11;06;12;9.6;59.4446;13.3374
1990;11;06;15;7.0;59.4446;13.3374
1990;11;06;18;3.7;59.4446;13.3374
1990;11;06;21;-1.2;59.4446;13.3374
1991;03;11;0;0.9;59.4446;13.3374
1991;03;11;3;1.1;59.4446;13.3374
1991;03;11;6;1.4;59.4446;13.3374
1991;03;11;9;2.2;59.4446;13.3374
1991;03;11;12;3.8;59.4446;13.3374
1991;03;11;15;4.1;59.4446;13.3374
1991;03;11;18;3.1;59.4446;13.3374
1991;03;11;21;3.1;59.4446;13.3374
1991;04;12;0;6.0;59.4446;13.3374
1991;04;12;3;3.2;59.4446;13.3374
1991;04;12;6;4.9;59.4446;13.3374
1991;04;12;9;8.8;59.4446;13.3374
1991;04;12;12;13.7;59.4446;13.3374
1991;04;12;15;16.1;59.4446;13.3374
1991;04;12;18;10.0;59.4446;13.3374
1991;04;12;21;5.3;59.4446;13.3374
1991;11;06;0;2.9;59.4446;13.3374
1991;11;06;3;3.6;59.4446;13.3374
1991;11;06;6;3.7;59.4446;13.3374
1991;11;06;9;3.8;59.4446;13.3374
1991;11;06;12;5.4;59.4446;13.3374
1991;11;06;15;2.9;59.4446;13.3374
1991;11;06;18;2.5;59.4446;13.3374
1991;11;06;21;4.1;59.4446;13.3374
1992;03;11;0;4.3;59.4446;13.3374
1992;03;11;3;3.8;59.4446;13.3374
1992;03;11;6;3.8;59.4446;13.3374
1992;03;11;9;4.6;59.4446;13.3374
1992;03;11;12;6.6;59.4446;13.3374
1992;03;11;15;5.8;59.4446;13.3374
1992;03;11;18;2.7;59.4446;13.3374
1992;03;11;21;1.1;59.4446;13.3374
1992;04;12;0;1.6;59.4446;13.3374
1992;04;12;3;2.2;59.4446;13.3374
1992;04;12;6;3.7;59.4446;13.3374
1992;04;12;9;5.7;59.4446;13.3374
1992;04;12;12;9.7;59.4446;13.3374
1992;04;12;15;9.1;59.4446;13.3374
1992;04;12;18;6.6;59.4446;13.3374
1992;04;12;21;6.0;59.4446;13.3374
1992;11;06;0;1.1;59.4446;13.3374
1992;11;06;3;1.5;59.4446;13.3374
1992;11;06;6;3.4;59.4446;13.3374
1992;11;06;9;4.9;59.4446;13.3374
1992;11;06;12;6.8;59.4446;13.3374
1992;11;06;15;8.6;59.4446;13.3374
1992;11;06;18;8.9;59.4446;13.3374
1992;11;06;21;8.1;59.4446;13.3374
1993;03;11;0;-3.1;59.4446;13.3374
1993;03;11;3;-5.9;59.4446;13.3374
1993;03;11;6;-10.5;59.4446;13.3374
1993;03;11;9;-1.2;59.4446;13.3374
1993;03;11;12;2.0;59.4446;13.3374
1993;03;11;15;2.9;59.4446;13.3374
1993;03;11;18;0.8;59.4446;13.3374
1993;03;11;21;-1.4;59.4446;13.3374
1993;04;12;0;-2.9;59.4446;13.3374
1993;04;12;3;-4.3;59.4446;13.3374
1993;04;12;6;-1.4;59.4446;13.3374
1993;04;12;9;3.8;59.4446;13.3374
1993;04;12;12;6.0;59.4446;13.3374
1993;04;12;15;6.7;59.4446;13.3374
1993;04;12;18;2.5;59.4446;13.3374
1993;04;12;21;-1.8;59.4446;13.3374
1993;11;06;0;1.8;59.4446;13.3374
1993;11;06;3;1.5;59.4446;13.3374
1993;11;06;6;1.5;59.4446;13.3374
1993;11;06;9;2.1;59.4446;13.3374
1993;11;06;12;2.0;59.4446;13.3374
1993;11;06;15;1.7;59.4446;13.3374
1993;11;06;18;1.4;59.4446;13.3374
1993;11;06;21;1.3;59.4446;13.3374
1994;03;11;0;1.9;59.4446;13.3374
1994;03;11;3;1.8;59.4446;13.3374
1994;03;11;6;2.3;59.4446;13.3374
1994;03;11;9;3.5;59.4446;13.3374
1994;03;11;12;4.9;59.4446;13.3374
1994;03;11;15;3.2;59.4446;13.3374
1994;03;11;18;2.6;59.4446;13.3374
1994;03;11;21;2.7;59.4446;13.3374
1994;04;12;0;-2.0;59.4446;13.3374
1994;04;12;3;-1.1;59.4446;13.3374
1994;04;12;6;0.4;59.4446;13.3374
1994;04;12;9;7.4;59.4446;13.3374
1994;04;12;12;12.9;59.4446;13.3374
1994;04;12;15;13.3;59.4446;13.3374
1994;04;12;18;10.0;59.4446;13.3374
1994;04;12;21;2.0;59.4446;13.3374
1994;11;06;0;4.1;59.4446;13.3374
1994;11;06;3;3.5;59.4446;13.3374
1994;11;06;6;3.0;59.4446;13.3374
1994;11;06;9;2.8;59.4446;13.3374
1994;11;06;12;3.5;59.4446;13.3374
1994;11;06;15;3.1;59.4446;13.3374
1994;11;06;18;4.2;59.4446;13.3374
1994;11;06;21;5.0;59.4446;13.3374
1995;03;11;0;-1.5;59.4446;13.3374
1995;03;11;3;-2.4;59.4446;13.3374
1995;03;11;6;-1.4;59.4446;13.3374
1995;03;11;9;0.4;59.4446;13.3374
1995;03;11;12;1.3;59.4446;13.3374
1995;03;11;15;1.3;59.4446;13.3374
1995;03;11;18;1.5;59.4446;13.3374
1995;03;11;21;0.8;59.4446;13.3374
1995;04;12;0;0.5;59.4446;13.3374
1995;04;12;3;1.8;59.4446;13.3374
1995;04;12;6;2.8;59.4446;13.3374
1995;04;12;9;6.3;59.4446;13.3374
1995;04;12;12;9.5;59.4446;13.3374
1995;04;12;15;9.9;59.4446;13.3374
1995;04;12;18;7.9;59.4446;13.3374
1995;04;12;21;4.2;59.4446;13.3374
1995;11;06;0;3.0;59.4446;13.3374
1995;11;06;3;4.3;59.4446;13.3374
1995;11;06;6;4.7;59.4446;13.3374
1995;11;06;9;4.9;59.4446;13.3374
1995;11;06;12;5.9;59.4446;13.3374
1995;11;06;15;3.3;59.4446;13.3374
1995;11;06;18;-0.4;59.4446;13.3374
1995;11;06;21;-1.7;59.4446;13.3374
1996;03;11;0;-5.3;59.4446;13.3374
1996;03;11;3;-3.8;59.4446;13.3374
1996;03;11;6;-4.0;59.4446;13.3374
1996;03;11;9;-1.5;59.4446;13.3374
1996;03;11;12;0.2;59.4446;13.3374
1996;03;11;15;0.3;59.4446;13.3374
1996;03;11;18;-1.2;59.4446;13.3374
1996;03;11;21;-4.6;59.4446;13.3374
1996;04;12;0;-2.6;59.4446;13.3374
1996;04;12;3;-3.1;59.4446;13.3374
1996;04;12;6;-2.5;59.4446;13.3374
1996;04;12;9;0.5;59.4446;13.3374
1996;04;12;12;4.0;59.4446;13.3374
1996;04;12;15;5.3;59.4446;13.3374
1996;04;12;18;3.1;59.4446;13.3374
1996;04;12;21;0.1;59.4446;13.3374
1996;11;06;0;7.8;59.4446;13.3374
1996;11;06;3;7.6;59.4446;13.3374
1996;11;06;6;5.5;59.4446;13.3374
1996;11;06;9;5.3;59.4446;13.3374
1996;11;06;12;8.5;59.4446;13.3374
1996;11;06;15;9.1;59.4446;13.3374
1996;11;06;18;8.3;59.4446;13.3374
1996;11;06;21;8.4;59.4446;13.3374
1997;03;11;0;3.3;59.4446;13.3374
1997;03;11;3;2.9;59.4446;13.3374
1997;03;11;6;2.7;59.4446;13.3374
1997;03;11;9;7.1;59.4446;13.3374
1997;03;11;12;11.9;59.4446;13.3374
1997;03;11;15;12.0;59.4446;13.3374
1997;03;11;18;8.0;59.4446;13.3374
1997;03;11;21;5.8;59.4446;13.3374
1997;04;12;0;2.0;59.4446;13.3374
1997;04;12;3;0.5;59.4446;13.3374
1997;04;12;6;-0.4;59.4446;13.3374
1997;04;12;9;1.9;59.4446;13.3374
1997;04;12;12;4.8;59.4446;13.3374
1997;04;12;15;5.9;59.4446;13.3374
1997;04;12;18;3.5;59.4446;13.3374
1997;04;12;21;1.5;59.4446;13.3374
1997;11;06;0;1.8;59.4446;13.3374
1997;11;06;3;0.0;59.4446;13.3374
1997;11;06;6;0.1;59.4446;13.3374
1997;11;06;9;0.5;59.4446;13.3374
1997;11;06;12;0.7;59.4446;13.3374
1997;11;06;15;0.8;59.4446;13.3374
1997;11;06;18;0.8;59.4446;13.3374
1997;11;06;21;0.8;59.4446;13.3374
1998;03;11;0;-5.2;59.4446;13.3374
1998;03;11;3;-5.8;59.4446;13.3374
1998;03;11;6;-4.7;59.4446;13.3374
1998;03;11;9;-1.3;59.4446;13.3374
1998;03;11;12;-0.1;59.4446;13.3374
1998;03;11;15;0.5;59.4446;13.3374
1998;03;11;18;0.3;59.4446;13.3374
1998;03;11;21;-0.2;59.4446;13.3374
1998;04;12;0;2.6;59.4446;13.3374
1998;04;12;3;1.8;59.4446;13.3374
1998;04;12;6;-0.1;59.4446;13.3374
1998;04;12;9;1.4;59.4446;13.3374
1998;04;12;12;-0.2;59.4446;13.3374
1998;04;12;15;-0.4;59.4446;13.3374
1998;04;12;21;-2.0;59.4446;13.3374
1998;11;06;0;0.0;59.4446;13.3374
1998;11;06;3;-1.1;59.4446;13.3374
1998;11;06;6;-0.4;59.4446;13.3374
1998;11;06;9;-0.8;59.4446;13.3374
1998;11;06;12;-0.3;59.4446;13.3374
1998;11;06;15;-2.0;59.4446;13.3374
1998;11;06;18;-4.2;59.4446;13.3374
1998;11;06;21;-5.0;59.4446;13.3374
1999;03;11;0;-5.0;59.4446;13.3374
1999;03;11;3;-7.1;59.4446;13.3374
1999;03;11;6;-8.8;59.4446;13.3374
1999;03;11;9;-6.4;59.4446;13.3374
1999;03;11;12;-3.6;59.4446;13.3374
1999;03;11;15;-2.3;59.4446;13.3374
1999;03;11;18;-5.0;59.4446;13.3374
1999;03;11;21;-8.7;59.4446;13.3374
1999;04;12;0;1.5;59.4446;13.3374
1999;04;12;3;0.1;59.4446;13.3374
1999;04;12;6;0.2;59.4446;13.3374
1999;04;12;9;1.4;59.4446;13.3374
1999;04;12;12;2.7;59.4446;13.3374
1999;04;12;15;1.7;59.4446;13.3374
1999;04;12;18;0.2;59.4446;13.3374
1999;04;12;21;0.2;59.4446;13.3374
1999;11;06;0;5.6;59.4446;13.3374
1999;11;06;3;5.6;59.4446;13.3374
1999;11;06;6;6.1;59.4446;13.3374
1999;11;06;9;6.0;59.4446;13.3374
1999;11;06;12;6.5;59.4446;13.3374
1999;11;06;15;7.0;59.4446;13.3374
1999;11;06;18;7.1;59.4446;13.3374
1999;11;06;21;6.9;59.4446;13.3374
2000;03;11;0;-3.1;59.4446;13.3374
2000;03;11;3;-3.3;59.4446;13.3374
2000;03;11;6;-3.3;59.4446;13.3374
2000;03;11;9;-0.9;59.4446;13.3374
2000;03;11;12;2.1;59.4446;13.3374
2000;03;11;15;3.2;59.4446;13.3374
2000;03;11;18;-2.3;59.4446;13.3374
2000;03;11;21;-3.9;59.4446;13.3374
2000;04;12;0;2.5;59.4446;13.3374
2000;04;12;3;1.5;59.4446;13.3374
2000;04;12;6;1.2;59.4446;13.3374
2000;04;12;9;5.1;59.4446;13.3374
2000;04;12;12;9.1;59.4446;13.3374
2000;04;12;15;7.8;59.4446;13.3374
2000;04;12;18;5.4;59.4446;13.3374
2000;04;12;21;4.5;59.4446;13.3374
2000;11;06;0;3.9;59.4446;13.3374
2000;11;06;3;5.2;59.4446;13.3374
2000;11;06;6;4.6;59.4446;13.3374
2000;11;06;9;4.2;59.4446;13.3374
2000;11;06;12;5.9;59.4446;13.3374
2000;11;06;15;4.2;59.4446;13.3374
2000;11;06;18;2.8;59.4446;13.3374
2000;11;06;21;3.4;59.4446;13.3374
2001;03;11;0;1.7;59.4446;13.3374
2001;03;11;3;2.4;59.4446;13.3374
2001;03;11;6;2.1;59.4446;13.3374
2001;03;11;9;2.8;59.4446;13.3374
2001;03;11;12;4.0;59.4446;13.3374
2001;03;11;15;4.3;59.4446;13.3374
2001;03;11;18;3.9;59.4446;13.3374
2001;03;11;21;3.6;59.4446;13.3374
2001;04;12;0;-0.2;59.4446;13.3374
2001;04;12;3;-1.0;59.4446;13.3374
2001;04;12;6;-1.3;59.4446;13.3374
2001;04;12;9;-0.3;59.4446;13.3374
2001;04;12;12;0.3;59.4446;13.3374
2001;04;12;15;0.7;59.4446;13.3374
2001;04;12;18;0.3;59.4446;13.3374
2001;04;12;21;-1.7;59.4446;13.3374
2001;11;06;0;-3.2;59.4446;13.3374
2001;11;06;3;-3.5;59.4446;13.3374
2001;11;06;6;-3.3;59.4446;13.3374
2001;11;06;9;-0.8;59.4446;13.3374
2001;11;06;12;0.6;59.4446;13.3374
2001;11;06;15;0.2;59.4446;13.3374
2001;11;06;18;0.2;59.4446;13.3374
2001;11;06;21;-1.3;59.4446;13.3374
2002;03;11;0;0.1;59.4446;13.3374
2002;03;11;3;1.4;59.4446;13.3374
2002;03;11;6;3.1;59.4446;13.3374
2002;03;11;9;4.2;59.4446;13.3374
2002;03;11;12;7.8;59.4446;13.3374
2002;03;11;15;7.4;59.4446;13.3374
2002;03;11;18;4.2;59.4446;13.3374
2002;03;11;21;3.1;59.4446;13.3374
2002;04;12;0;2.6;59.4446;13.3374
2002;04;12;3;4.8;59.4446;13.3374
2002;04;12;6;5.0;59.4446;13.3374
2002;04;12;9;8.1;59.4446;13.3374
2002;04;12;12;12.5;59.4446;13.3374
2002;04;12;15;12.7;59.4446;13.3374
2002;04;12;18;7.1;59.4446;13.3374
2002;04;12;21;7.4;59.4446;13.3374
2002;11;06;0;3.0;59.4446;13.3374
2002;11;06;3;3.0;59.4446;13.3374
2002;11;06;6;2.3;59.4446;13.3374
2002;11;06;9;1.3;59.4446;13.3374
2002;11;06;12;3.1;59.4446;13.3374
2002;11;06;15;3.0;59.4446;13.3374
2002;11;06;18;3.0;59.4446;13.3374
2002;11;06;21;1.8;59.4446;13.3374
2003;03;11;0;3.6;59.4446;13.3374
2003;03;11;3;3.5;59.4446;13.3374
2003;03;11;6;3.2;59.4446;13.3374
2003;03;11;9;4.4;59.4446;13.3374
2003;03;11;12;4.7;59.4446;13.3374
2003;03;11;15;3.8;59.4446;13.3374
2003;03;11;18;3.2;59.4446;13.3374
2003;03;11;21;3.5;59.4446;13.3374
2003;04;12;0;-0.2;59.4446;13.3374
2003;04;12;3;-0.5;59.4446;13.3374
2003;04;12;6;-0.3;59.4446;13.3374
2003;04;12;9;2.0;59.4446;13.3374
2003;04;12;12;4.0;59.4446;13.3374
2003;04;12;15;4.6;59.4446;13.3374
2003;04;12;18;2.4;59.4446;13.3374
2003;04;12;21;0.5;59.4446;13.3374
2003;11;06;0;9.1;59.4446;13.3374
2003;11;06;3;8.5;59.4446;13.3374
2003;11;06;6;7.4;59.4446;13.3374
2003;11;06;9;6.8;59.4446;13.3374
2003;11;06;12;8.0;59.4446;13.3374
2003;11;06;15;4.7;59.4446;13.3374
2003;11;06;18;0.6;59.4446;13.3374
2003;11;06;21;-1.5;59.4446;13.3374
2004;03;11;0;-4.0;59.4446;13.3374
2004;03;11;3;-4.3;59.4446;13.3374
2004;03;11;6;-4.7;59.4446;13.3374
2004;03;11;9;-3.3;59.4446;13.3374
2004;03;11;12;2.3;59.4446;13.3374
2004;03;11;15;2.8;59.4446;13.3374
2004;03;11;18;-0.1;59.4446;13.3374
2004;03;11;21;-2.4;59.4446;13.3374
2004;04;12;0;-1.0;59.4446;13.3374
2004;04;12;3;-3.7;59.4446;13.3374
2004;04;12;6;-0.2;59.4446;13.3374
2004;04;12;9;5.5;59.4446;13.3374
2004;04;12;12;7.1;59.4446;13.3374
2004;04;12;15;9.2;59.4446;13.3374
2004;04;12;18;3.6;59.4446;13.3374
2004;04;12;21;0.0;59.4446;13.3374
2004;11;06;0;3.3;59.4446;13.3374
2004;11;06;3;2.3;59.4446;13.3374
2004;11;06;6;1.3;59.4446;13.3374
2004;11;06;9;4.2;59.4446;13.3374
2004;11;06;12;7.9;59.4446;13.3374
2004;11;06;15;7.0;59.4446;13.3374
2004;11;06;18;4.9;59.4446;13.3374
2004;11;06;21;3.6;59.4446;13.3374
2005;03;11;0;-0.3;59.4446;13.3374
2005;03;11;3;0.4;59.4446;13.3374
2005;03;11;6;-0.3;59.4446;13.3374
2005;03;11;9;-0.3;59.4446;13.3374
2005;03;11;12;-0.1;59.4446;13.3374
2005;03;11;15;0.3;59.4446;13.3374
2005;03;11;18;-0.2;59.4446;13.3374
2005;03;11;21;-0.9;59.4446;13.3374
2005;04;12;0;5.4;59.4446;13.3374
2005;04;12;3;5.3;59.4446;13.3374
2005;04;12;6;6.0;59.4446;13.3374
2005;04;12;9;9.6;59.4446;13.3374
2005;04;12;12;8.3;59.4446;13.3374
2005;04;12;15;9.7;59.4446;13.3374
2005;04;12;18;7.6;59.4446;13.3374
2005;04;12;21;4.3;59.4446;13.3374
2005;11;06;0;8.1;59.4446;13.3374
2005;11;06;3;7.8;59.4446;13.3374
2005;11;06;6;7.7;59.4446;13.3374
2005;11;06;9;8.1;59.4446;13.3374
2005;11;06;12;9.5;59.4446;13.3374
2005;11;06;15;8.3;59.4446;13.3374
2005;11;06;18;9.5;59.4446;13.3374
2005;11;06;21;11.3;59.4446;13.3374
2006;03;11;0;-11.8;59.4446;13.3374
2006;03;11;3;-13.9;59.4446;13.3374
2006;03;11;6;-14.5;59.4446;13.3374
2006;03;11;9;-9.3;59.4446;13.3374
2006;03;11;12;-4.4;59.4446;13.3374
2006;03;11;15;-2.8;59.4446;13.3374
2006;03;11;18;-3.6;59.4446;13.3374
2006;03;11;21;-2.9;59.4446;13.3374
2006;04;12;0;0.7;59.4446;13.3374
2006;04;12;3;0.6;59.4446;13.3374
2006;04;12;6;0.4;59.4446;13.3374
2006;04;12;9;1.1;59.4446;13.3374
2006;04;12;15;2.3;59.4446;13.3374
2006;04;12;18;2.1;59.4446;13.3374
2006;04;12;21;1.9;59.4446;13.3374
2006;11;06;0;4.6;59.4446;13.3374
2006;11;06;3;6.0;59.4446;13.3374
2006;11;06;6;8.3;59.4446;13.3374
2006;11;06;9;9.0;59.4446;13.3374
2006;11;06;12;10.0;59.4446;13.3374
2006;11;06;15;8.2;59.4446;13.3374
2006;11;06;18;7.1;59.4446;13.3374
2006;11;06;21;3.6;59.4446;13.3374
2007;03;11;0;2.8;59.4446;13.3374
2007;03;11;3;3.1;59.4446;13.3374
2007;03;11;6;2.5;59.4446;13.3374
2007;03;11;9;3.1;59.4446;13.3374
2007;03;11;12;8.0;59.4446;13.3374
2007;03;11;15;10.2;59.4446;13.3374
2007;03;11;18;6.5;59.4446;13.3374
2007;03;11;21;5.6;59.4446;13.3374
2007;04;12;0;1.4;59.4446;13.3374
2007;04;12;3;-0.8;59.4446;13.3374
2007;04;12;6;3.0;59.4446;13.3374
2007;04;12;9;7.1;59.4446;13.3374
2007;04;12;12;10.1;59.4446;13.3374
2007;04;12;15;11.5;59.4446;13.3374
2007;04;12;18;7.9;59.4446;13.3374
2007;04;12;21;2.4;59.4446;13.3374
2007;11;06;0;7.3;59.4446;13.3374
2007;11;06;3;5.2;59.4446;13.3374
2007;11;06;6;3.8;59.4446;13.3374
2007;11;06;9;3.5;59.4446;13.3374
2007;11;06;12;4.9;59.4446;13.3374
2007;11;06;15;3.2;59.4446;13.3374
2007;11;06;18;1.6;59.4446;13.3374
2007;11;06;21;-1.5;59.4446;13.3374
2008;03;11;0;3.5;59.4446;13.3374
2008;03;11;3;3.4;59.4446;13.3374
2008;03;11;6;5.1;59.4446;13.3374
2008;03;11;9;6.4;59.4446;13.3374
2008;03;11;12;8.7;59.4446;13.3374
2008;03;11;15;7.0;59.4446;13.3374
2008;03;11;18;4.9;59.4446;13.3374
2008;03;11;21;4.5;59.4446;13.3374
2008;04;12;0;4.1;59.4446;13.3374
2008;04;12;3;2.4;59.4446;13.3374
2008;04;12;6;2.3;59.4446;13.3374
2008;04;12;9;0.2;59.4446;13.3374
2008;04;12;12;1.2;59.4446;13.3374
2008;04;12;15;2.4;59.4446;13.3374
2008;04;12;18;2.4;59.4446;13.3374
2008;04;12;21;2.7;59.4446;13.3374
2008;11;06;0;-1.3;59.4446;13.3374
2008;11;06;3;-2.2;59.4446;13.3374
2008;11;06;6;-1.6;59.4446;13.3374
2008;11;06;9;0.6;59.4446;13.3374
2008;11;06;12;3.5;59.4446;13.3374
2008;11;06;15;2.9;59.4446;13.3374
2008;11;06;18;2.2;59.4446;13.3374
2008;11;06;21;1.2;59.4446;13.3374
2009;03;11;0;-1.4;59.4446;13.3374
2009;03;11;3;-2.3;59.4446;13.3374
2009;03;11;6;-3.4;59.4446;13.3374
2009;03;11;9;-2.0;59.4446;13.3374
2009;03;11;12;-0.2;59.4446;13.3374
2009;03;11;15;0.1;59.4446;13.3374
2009;03;11;18;-3.7;59.4446;13.3374
2009;03;11;21;-4.3;59.4446;13.3374
2009;04;12;0;2.5;59.4446;13.3374
2009;04;12;3;0.6;59.4446;13.3374
2009;04;12;6;3.0;59.4446;13.3374
2009;04;12;9;10.6;59.4446;13.3374
2009;04;12;12;13.1;59.4446;13.3374
2009;04;12;15;13.3;59.4446;13.3374
2009;04;12;18;8.0;59.4446;13.3374
2009;04;12;21;5.2;59.4446;13.3374
2009;11;06;0;0.2;59.4446;13.3374
2009;11;06;3;0.3;59.4446;13.3374
2009;11;06;6;0.8;59.4446;13.3374
2009;11;06;9;2.0;59.4446;13.3374
2009;11;06;12;5.5;59.4446;13.3374
2009;11;06;15;6.1;59.4446;13.3374
2009;11;06;18;6.1;59.4446;13.3374
2009;11;06;21;6.0;59.4446;13.3374
2010;03;11;0;-4.0;59.4446;13.3374
2010;03;11;3;-2.6;59.4446;13.3374
2010;03;11;6;-2.1;59.4446;13.3374
2010;03;11;9;-0.8;59.4446;13.3374
2010;03;11;12;2.2;59.4446;13.3374
2010;03;11;15;2.1;59.4446;13.3374
2010;03;11;18;-1.8;59.4446;13.3374
2010;03;11;21;-2.9;59.4446;13.3374
2010;04;12;0;-1.9;59.4446;13.3374
2010;04;12;3;-2.2;59.4446;13.3374
2010;04;12;6;1.2;59.4446;13.3374
2010;04;12;9;8.8;59.4446;13.3374
2010;04;12;12;11.8;59.4446;13.3374
2010;04;12;15;11.0;59.4446;13.3374
2010;04;12;18;6.4;59.4446;13.3374
2010;04;12;21;2.6;59.4446;13.3374
2010;11;06;0;-2.5;59.4446;13.3374
2010;11;06;1;-2.3;59.4446;13.3374
2010;11;06;2;-1.1;59.4446;13.3374
2010;11;06;3;-1.2;59.4446;13.3374
2010;11;06;4;-0.4;59.4446;13.3374
2010;11;06;5;-0.7;59.4446;13.3374
2010;11;06;6;-0.3;59.4446;13.3374
2010;11;06;7;-0.2;59.4446;13.3374
2010;11;06;8;0.1;59.4446;13.3374
2010;11;06;9;-0.3;59.4446;13.3374
2010;11;06;10;2.1;59.4446;13.3374
2010;11;06;11;3.4;59.4446;13.3374
2010;11;06;12;4.3;59.4446;13.3374
2010;11;06;13;4.3;59.4446;13.3374
2010;11;06;14;3.6;59.4446;13.3374
2010;11;06;15;1.3;59.4446;13.3374
2010;11;06;16;0.6;59.4446;13.3374
2010;11;06;17;0.5;59.4446;13.3374
2010;11;06;18;-1.2;59.4446;13.3374
2010;11;06;19;-0.6;59.4446;13.3374
2010;11;06;20;-2.7;59.4446;13.3374
2010;11;06;21;-2.6;59.4446;13.3374
2010;11;06;22;-3.1;59.4446;13.3374
2010;11;06;23;-3.3;59.4446;13.3374
2011;03;11;0;-0.2;59.4446;13.3374
2011;03;11;1;-0.7;59.4446;13.3374
2011;03;11;2;-1.0;59.4446;13.3374
2011;03;11;3;-1.8;59.4446;13.3374
2011;03;11;4;-2.7;59.4446;13.3374
2011;03;11;5;-3.7;59.4446;13.3374
2011;03;11;6;-4.6;59.4446;13.3374
2011;03;11;7;-4.1;59.4446;13.3374
2011;03;11;8;-3.1;59.4446;13.3374
2011;03;11;9;-1.8;59.4446;13.3374
2011;03;11;10;-0.8;59.4446;13.3374
2011;03;11;11;0.8;59.4446;13.3374
2011;03;11;12;1.7;59.4446;13.3374
2011;03;11;13;1.7;59.4446;13.3374
2011;03;11;14;1.6;59.4446;13.3374
2011;03;11;15;1.9;59.4446;13.3374
2011;03;11;16;1.2;59.4446;13.3374
2011;03;11;17;0.5;59.4446;13.3374
2011;03;11;18;0.6;59.4446;13.3374
2011;03;11;19;0.0;59.4446;13.3374
2011;03;11;20;0.4;59.4446;13.3374
2011;03;11;21;0.3;59.4446;13.3374
2011;03;11;22;0.6;59.4446;13.3374
2011;03;11;23;0.8;59.4446;13.3374
2011;04;12;0;3.6;59.4446;13.3374
2011;04;12;1;3.3;59.4446;13.3374
2011;04;12;2;2.8;59.4446;13.3374
2011;04;12;3;2.9;59.4446;13.3374
2011;04;12;4;2.8;59.4446;13.3374
2011;04;12;5;3.2;59.4446;13.3374
2011;04;12;6;4.1;59.4446;13.3374
2011;04;12;7;5.4;59.4446;13.3374
2011;04;12;8;7.4;59.4446;13.3374
2011;04;12;9;8.2;59.4446;13.3374
2011;04;12;10;9.0;59.4446;13.3374
2011;04;12;11;9.4;59.4446;13.3374
2011;04;12;12;9.3;59.4446;13.3374
2011;04;12;13;8.2;59.4446;13.3374
2011;04;12;14;6.7;59.4446;13.3374
2011;04;12;15;7.4;59.4446;13.3374
2011;04;12;16;7.8;59.4446;13.3374
2011;04;12;17;6.4;59.4446;13.3374
2011;04;12;18;5.6;59.4446;13.3374
2011;04;12;19;5.5;59.4446;13.3374
2011;04;12;20;6.9;59.4446;13.3374
2011;04;12;21;6.4;59.4446;13.3374
2011;04;12;22;5.7;59.4446;13.3374
2011;04;12;23;5.6;59.4446;13.3374
2011;11;06;0;6.3;59.4446;13.3374
2011;11;06;1;6.2;59.4446;13.3374
2011;11;06;2;6.4;59.4446;13.3374
2011;11;06;3;6.4;59.4446;13.3374
2011;11;06;4;6.4;59.4446;13.3374
2011;11;06;5;6.2;59.4446;13.3374
2011;11;06;6;6.1;59.4446;13.3374
2011;11;06;7;6.3;59.4446;13.3374
2011;11;06;8;6.4;59.4446;13.3374
2011;11;06;9;6.4;59.4446;13.3374
2011;11;06;10;6.3;59.4446;13.3374
2011;11;06;11;6.5;59.4446;13.3374
2011;11;06;12;6.6;59.4446;13.3374
2011;11;06;13;6.6;59.4446;13.3374
2011;11;06;14;6.7;59.4446;13.3374
2011;11;06;15;6.5;59.4446;13.3374
2011;11;06;16;6.5;59.4446;13.3374
2011;11;06;17;6.4;59.4446;13.3374
2011;11;06;18;6.3;59.4446;13.3374
2011;11;06;19;6.2;59.4446;13.3374
2011;11;06;20;6.2;59.4446;13.3374
2011;11;06;21;6.4;59.4446;13.3374
2011;11;06;22;6.4;59.4446;13.3374
2011;11;06;23;6.4;59.4446;13.3374
2012;03;11;0;0.1;59.4446;13.3374
2012;03;11;1;0.1;59.4446;13.3374
2012;03;11;2;0.1;59.4446;13.3374
2012;03;11;3;0.2;59.4446;13.3374
2012;03;11;4;0.2;59.4446;13.3374
2012;03;11;5;0.7;59.4446;13.3374
2012;03;11;6;0.9;59.4446;13.3374
2012;03;11;7;1.5;59.4446;13.3374
2012;03;11;8;2.1;59.4446;13.3374
2012;03;11;9;2.6;59.4446;13.3374
2012;03;11;10;4.3;59.4446;13.3374
2012;03;11;11;6.2;59.4446;13.3374
2012;03;11;12;7.3;59.4446;13.3374
2012;03;11;13;8.0;59.4446;13.3374
2012;03;11;14;8.6;59.4446;13.3374
2012;03;11;15;11.7;59.4446;13.3374
2012;03;11;16;10.9;59.4446;13.3374
2012;03;11;17;9.0;59.4446;13.3374
2012;03;11;18;7.9;59.4446;13.3374
2012;03;11;19;7.0;59.4446;13.3374
2012;03;11;20;5.5;59.4446;13.3374
2012;03;11;21;5.1;59.4446;13.3374
2012;03;11;22;4.0;59.4446;13.3374
2012;03;11;23;5.3;59.4446;13.3374
2012;04;12;0;2.9;59.4446;13.3374
2012;04;12;1;3.0;59.4446;13.3374
2012;04;12;2;3.0;59.4446;13.3374
2012;04;12;3;3.1;59.4446;13.3374
2012;04;12;4;3.2;59.4446;13.3374
2012;04;12;5;3.6;59.4446;13.3374
2012;04;12;6;4.1;59.4446;13.3374
2012;04;12;7;4.8;59.4446;13.3374
2012;04;12;8;5.9;59.4446;13.3374
2012;04;12;9;6.7;59.4446;13.3374
2012;04;12;10;7.3;59.4446;13.3374
2012;04;12;11;7.3;59.4446;13.3374
2012;04;12;12;8.0;59.4446;13.3374
2012;04;12;13;9.4;59.4446;13.3374
2012;04;12;14;9.6;59.4446;13.3374
2012;04;12;15;8.9;59.4446;13.3374
2012;04;12;16;9.0;59.4446;13.3374
2012;04;12;17;6.6;59.4446;13.3374
2012;04;12;18;5.1;59.4446;13.3374
2012;04;12;19;3.4;59.4446;13.3374
2012;04;12;20;1.1;59.4446;13.3374
2012;04;12;21;2.6;59.4446;13.3374
2012;04;12;22;1.9;59.4446;13.3374
2012;04;12;23;0.6;59.4446;13.3374
2012;11;06;0;-1.0;59.4446;13.3374
2012;11;06;1;-1.4;59.4446;13.3374
2012;11;06;2;-1.0;59.4446;13.3374
2012;11;06;3;-0.5;59.4446;13.3374
2012;11;06;4;-1.6;59.4446;13.3374
2012;11;06;5;-1.9;59.4446;13.3374
2012;11;06;6;-2.1;59.4446;13.3374
2012;11;06;7;-2.0;59.4446;13.3374
2012;11;06;8;-1.5;59.4446;13.3374
2012;11;06;9;-1.3;59.4446;13.3374
2012;11;06;10;0.1;59.4446;13.3374
2012;11;06;11;0.7;59.4446;13.3374
2012;11;06;12;1.1;59.4446;13.3374
2012;11;06;13;1.3;59.4446;13.3374
2012;11;06;14;1.7;59.4446;13.3374
2012;11;06;15;2.3;59.4446;13.3374
2012;11;06;16;2.6;59.4446;13.3374
2012;11;06;17;2.9;59.4446;13.3374
2012;11;06;18;3.2;59.4446;13.3374
2012;11;06;19;3.5;59.4446;13.3374
2012;11;06;20;3.6;59.4446;13.3374
2012;11;06;21;3.3;59.4446;13.3374
2012;11;06;22;2.7;59.4446;13.3374
2012;11;06;23;1.7;59.4446;13.3374
2013;03;11;0;-13.4;59.4446;13.3374
2013;03;11;1;-15.3;59.4446;13.3374
2013;03;11;2;-15.9;59.4446;13.3374
2013;03;11;3;-15.9;59.4446;13.3374
2013;03;11;4;-15.5;59.4446;13.3374
2013;03;11;5;-16.3;59.4446;13.3374
2013;03;11;6;-16.0;59.4446;13.3374
2013;03;11;7;-12.5;59.4446;13.3374
2013;03;11;8;-10.5;59.4446;13.3374
2013;03;11;9;-7.9;59.4446;13.3374
2013;03;11;10;-5.6;59.4446;13.3374
2013;03;11;11;-3.8;59.4446;13.3374
2013;03;11;12;-2.2;59.4446;13.3374
2013;03;11;13;-1.0;59.4446;13.3374
2013;03;11;14;-0.5;59.4446;13.3374
2013;03;11;15;-0.4;59.4446;13.3374
2013;03;11;16;-0.1;59.4446;13.3374
2013;03;11;17;-1.6;59.4446;13.3374
2013;03;11;18;-3.4;59.4446;13.3374
2013;03;11;19;-3.8;59.4446;13.3374
2013;03;11;20;-5.5;59.4446;13.3374
2013;03;11;21;-5.4;59.4446;13.3374
2013;03;11;22;-7.8;59.4446;13.3374
2013;03;11;23;-7.0;59.4446;13.3374
2013;04;12;0;1.1;59.4446;13.3374
2013;04;12;1;0.7;59.4446;13.3374
2013;04;12;2;0.3;59.4446;13.3374
2013;04;12;3;0.1;59.4446;13.3374
2013;04;12;4;-0.3;59.4446;13.3374
2013;04;12;5;0.4;59.4446;13.3374
2013;04;12;6;0.8;59.4446;13.3374
2013;04;12;7;2.0;59.4446;13.3374
2013;04;12;8;2.2;59.4446;13.3374
2013;04;12;9;3.2;59.4446;13.3374
2013;04;12;10;4.7;59.4446;13.3374
2013;04;12;11;5.5;59.4446;13.3374
2013;04;12;12;5.3;59.4446;13.3374
2013;04;12;13;4.3;59.4446;13.3374
2013;04;12;14;3.9;59.4446;13.3374
2013;04;12;15;4.0;59.4446;13.3374
2013;04;12;16;3.5;59.4446;13.3374
2013;04;12;17;1.9;59.4446;13.3374
2013;04;12;18;0.3;59.4446;13.3374
2013;04;12;19;0.0;59.4446;13.3374
2013;04;12;20;0.0;59.4446;13.3374
2013;04;12;21;0.0;59.4446;13.3374
2013;04;12;22;0.0;59.4446;13.3374
2013;04;12;23;0.0;59.4446;13.3374
2013;11;06;0;-0.8;59.4446;13.3374
2013;11;06;1;-0.6;59.4446;13.3374
2013;11;06;2;-0.6;59.4446;13.3374
2013;11;06;3;-0.4;59.4446;13.3374
2013;11;06;4;-0.1;59.4446;13.3374
2013;11;06;5;0.3;59.4446;13.3374
2013;11;06;6;0.4;59.4446;13.3374
2013;11;06;7;0.7;59.4446;13.3374
2013;11;06;8;1.0;59.4446;13.3374
2013;11;06;9;1.1;59.4446;13.3374
2013;11;06;10;1.7;59.4446;13.3374
2013;11;06;11;1.6;59.4446;13.3374
2013;11;06;12;1.8;59.4446;13.3374
2013;11;06;13;2.1;59.4446;13.3374
2013;11;06;14;2.0;59.4446;13.3374
2013;11;06;15;2.1;59.4446;13.3374
2013;11;06;16;2.0;59.4446;13.3374
2013;11;06;17;2.0;59.4446;13.3374
2013;11;06;18;2.2;59.4446;13.3374
2013;11;06;19;2.2;59.4446;13.3374
2013;11;06;20;2.2;59.4446;13.3374
2013;11;06;21;2.2;59.4446;13.3374
2013;11;06;22;2.3;59.4446;13.3374
2013;11;06;23;2.3;59.4446;13.3374
2014;03;11;0;-0.7;59.4446;13.3374
2014;03;11;1;0.6;59.4446;13.3374
2014;03;11;2;0.6;59.4446;13.3374
2014;03;11;3;1.0;59.4446;13.3374
2014;03;11;4;-0.7;59.4446;13.3374
2014;03;11;5;-1.8;59.4446;13.3374
2014;03;11;6;-2.1;59.4446;13.3374
2014;03;11;7;-1.7;59.4446;13.3374
2014;03;11;8;2.5;59.4446;13.3374
2014;03;11;9;5.3;59.4446;13.3374
2014;03;11;10;7.0;59.4446;13.3374
2014;03;11;11;8.0;59.4446;13.3374
2014;03;11;12;7.7;59.4446;13.3374
2014;03;11;13;8.4;59.4446;13.3374
2014;03;11;14;8.8;59.4446;13.3374
2014;03;11;15;8.4;59.4446;13.3374
2014;03;11;16;7.7;59.4446;13.3374
2014;03;11;17;5.8;59.4446;13.3374
2014;03;11;18;4.1;59.4446;13.3374
2014;03;11;19;3.3;59.4446;13.3374
2014;03;11;20;2.2;59.4446;13.3374
2014;03;11;21;1.5;59.4446;13.3374
2014;03;11;22;1.7;59.4446;13.3374
2014;03;11;23;1.6;59.4446;13.3374
2014;04;12;0;2.2;59.4446;13.3374
2014;04;12;1;0.3;59.4446;13.3374
2014;04;12;2;0.9;59.4446;13.3374
2014;04;12;3;-0.2;59.4446;13.3374
2014;04;12;4;-0.3;59.4446;13.3374
2014;04;12;5;0.2;59.4446;13.3374
2014;04;12;6;3.0;59.4446;13.3374
2014;04;12;7;4.7;59.4446;13.3374
2014;04;12;8;6.0;59.4446;13.3374
2014;04;12;9;6.9;59.4446;13.3374
2014;04;12;10;7.2;59.4446;13.3374
2014;04;12;11;7.4;59.4446;13.3374
2014;04;12;12;6.7;59.4446;13.3374
2014;04;12;13;6.5;59.4446;13.3374
2014;04;12;14;6.2;59.4446;13.3374
2014;04;12;15;5.1;59.4446;13.3374
2014;04;12;16;4.9;59.4446;13.3374
2014;04;12;17;4.9;59.4446;13.3374
2014;04;12;18;4.6;59.4446;13.3374
2014;04;12;19;4.2;59.4446;13.3374
2014;04;12;20;4.5;59.4446;13.3374
2014;04;12;21;5.0;59.4446;13.3374
2014;04;12;22;5.1;59.4446;13.3374
2014;04;12;23;5.2;59.4446;13.3374
2014;11;06;0;1.3;59.4446;13.3374
2014;11;06;1;1.3;59.4446;13.3374
2014;11;06;2;1.0;59.4446;13.3374
2014;11;06;3;0.9;59.4446;13.3374
2014;11;06;4;0.9;59.4446;13.3374
2014;11;06;5;0.8;59.4446;13.3374
2014;11;06;6;0.7;59.4446;13.3374
2014;11;06;7;0.6;59.4446;13.3374
2014;11;06;8;0.6;59.4446;13.3374
2014;11;06;9;0.8;59.4446;13.3374
2014;11;06;10;0.8;59.4446;13.3374
2014;11;06;11;0.9;59.4446;13.3374
2014;11;06;12;0.8;59.4446;13.3374
2014;11;06;13;0.9;59.4446;13.3374
2014;11;06;14;0.5;59.4446;13.3374
2014;11;06;15;0.3;59.4446;13.3374
2014;11;06;16;0.2;59.4446;13.3374
2014;11;06;17;0.3;59.4446;13.3374
2014;11;06;18;0.3;59.4446;13.3374
2014;11;06;19;0.1;59.4446;13.3374
2014;11;06;20;0.0;59.4446;13.3374
2014;11;06;21;0.0;59.4446;13.3374
2014;11;06;22;0.0;59.4446;13.3374
2014;11;06;23;-0.1;59.4446;13.3374
2015;03;11;0;5.5;59.4446;13.3374
2015;03;11;1;5.2;59.4446;13.3374
2015;03;11;2;5.1;59.4446;13.3374
2015;03;11;3;4.8;59.4446;13.3374
2015;03;11;4;4.4;59.4446;13.3374
2015;03;11;5;3.8;59.4446;13.3374
2015;03;11;6;3.5;59.4446;13.3374
2015;03;11;7;3.9;59.4446;13.3374
2015;03;11;8;5.4;59.4446;13.3374
2015;03;11;9;6.4;59.4446;13.3374
2015;03;11;10;7.4;59.4446;13.3374
2015;03;11;11;8.3;59.4446;13.3374
2015;03;11;12;9.2;59.4446;13.3374
2015;03;11;13;9.5;59.4446;13.3374
2015;03;11;14;10.0;59.4446;13.3374
2015;03;11;15;10.1;59.4446;13.3374
2015;03;11;16;9.4;59.4446;13.3374
2015;03;11;17;5.2;59.4446;13.3374
2015;03;11;18;3.0;59.4446;13.3374
2015;03;11;19;2.2;59.4446;13.3374
2015;03;11;20;3.4;59.4446;13.3374
2015;03;11;21;3.2;59.4446;13.3374
2015;03;11;22;1.8;59.4446;13.3374
2015;03;11;23;-0.3;59.4446;13.3374
2015;04;12;0;7.3;59.4446;13.3374
2015;04;12;1;7.1;59.4446;13.3374
2015;04;12;2;6.8;59.4446;13.3374
2015;04;12;3;6.2;59.4446;13.3374
2015;04;12;4;5.9;59.4446;13.3374
2015;04;12;5;4.9;59.4446;13.3374
2015;04;12;6;5.8;59.4446;13.3374
2015;04;12;7;7.2;59.4446;13.3374
2015;04;12;8;8.2;59.4446;13.3374
2015;04;12;9;9.1;59.4446;13.3374
2015;04;12;10;9.6;59.4446;13.3374
2015;04;12;11;10.4;59.4446;13.3374
2015;04;12;12;10.4;59.4446;13.3374
2015;04;12;13;10.4;59.4446;13.3374
2015;04;12;14;9.4;59.4446;13.3374
2015;04;12;15;9.2;59.4446;13.3374
2015;04;12;16;7.5;59.4446;13.3374
2015;04;12;17;7.3;59.4446;13.3374
2015;04;12;18;6.0;59.4446;13.3374
2015;04;12;19;5.4;59.4446;13.3374
2015;04;12;20;4.9;59.4446;13.3374
2015;04;12;21;4.4;59.4446;13.3374
2015;04;12;22;4.3;59.4446;13.3374
2015;04;12;23;4.4;59.4446;13.3374
2015;11;06;0;6.8;59.4446;13.3374
2015;11;06;1;6.8;59.4446;13.3374
2015;11;06;2;6.9;59.4446;13.3374
2015;11;06;3;6.8;59.4446;13.3374
2015;11;06;4;6.8;59.4446;13.3374
2015;11;06;5;6.8;59.4446;13.3374
2015;11;06;6;6.8;59.4446;13.3374
2015;11;06;7;7.0;59.4446;13.3374
2015;11;06;8;7.1;59.4446;13.3374
2015;11;06;9;7.4;59.4446;13.3374
2015;11;06;10;7.9;59.4446;13.3374
2015;11;06;11;8.2;59.4446;13.3374
2015;11;06;12;8.8;59.4446;13.3374
2015;11;06;13;9.0;59.4446;13.3374
2015;11;06;14;9.0;59.4446;13.3374
2015;11;06;15;9.0;59.4446;13.3374
2015;11;06;16;9.0;59.4446;13.3374
2015;11;06;17;9.1;59.4446;13.3374
2015;11;06;18;9.0;59.4446;13.3374
2015;11;06;19;8.9;59.4446;13.3374
2015;11;06;20;8.7;59.4446;13.3374
2015;11;06;21;8.9;59.4446;13.3374
2015;11;06;22;8.6;59.4446;13.3374
2015;11;06;23;8.5;59.4446;13.3374
2016;03;11;0;-4.5;59.4446;13.3374
2016;03;11;1;-5.3;59.4446;13.3374
2016;03;11;2;-5.7;59.4446;13.3374
2016;03;11;3;-5.9;59.4446;13.3374
2016;03;11;4;-7.2;59.4446;13.3374
2016;03;11;5;-7.5;59.4446;13.3374
2016;03;11;6;-7.8;59.4446;13.3374
2016;03;11;7;-5.4;59.4446;13.3374
2016;03;11;8;-2.1;59.4446;13.3374
2016;03;11;9;1.5;59.4446;13.3374
2016;03;11;10;4.1;59.4446;13.3374
2016;03;11;11;4.1;59.4446;13.3374
2016;03;11;12;4.8;59.4446;13.3374
2016;03;11;13;5.4;59.4446;13.3374
2016;03;11;14;5.8;59.4446;13.3374
2016;03;11;15;4.0;59.4446;13.3374
2016;03;11;16;2.1;59.4446;13.3374
2016;03;11;17;0.6;59.4446;13.3374
2016;03;11;18;-1.1;59.4446;13.3374
2016;03;11;19;-2.7;59.4446;13.3374
2016;03;11;20;-2.9;59.4446;13.3374
2016;03;11;21;-3.9;59.4446;13.3374
2016;03;11;22;-4.1;59.4446;13.3374
2016;03;11;23;-3.9;59.4446;13.3374
2016;04;12;0;-1.8;59.4446;13.3374
2016;04;12;1;-1.0;59.4446;13.3374
2016;04;12;2;-1.9;59.4446;13.3374
2016;04;12;3;-0.8;59.4446;13.3374
2016;04;12;4;-0.4;59.4446;13.3374
2016;04;12;5;0.3;59.4446;13.3374
2016;04;12;6;0.3;59.4446;13.3374
2016;04;12;7;4.6;59.4446;13.3374
2016;04;12;8;7.5;59.4446;13.3374
2016;04;12;9;10.6;59.4446;13.3374
2016;04;12;10;11.8;59.4446;13.3374
2016;04;12;11;12.7;59.4446;13.3374
2016;04;12;12;13.4;59.4446;13.3374
2016;04;12;13;13.4;59.4446;13.3374
2016;04;12;14;13.8;59.4446;13.3374
2016;04;12;15;12.8;59.4446;13.3374
2016;04;12;16;12.3;59.4446;13.3374
2016;04;12;17;11.7;59.4446;13.3374
2016;04;12;18;9.6;59.4446;13.3374
2016;04;12;19;5.8;59.4446;13.3374
2016;04;12;20;3.3;59.4446;13.3374
2016;04;12;21;0.9;59.4446;13.3374
2016;04;12;22;0.3;59.4446;13.3374
2016;04;12;23;-0.7;59.4446;13.3374
2016;11;06;0;-1.7;59.4446;13.3374
2016;11;06;1;-1.7;59.4446;13.3374
2016;11;06;2;-1.8;59.4446;13.3374
2016;11;06;3;-1.7;59.4446;13.3374
2016;11;06;4;-1.7;59.4446;13.3374
2016;11;06;5;-1.7;59.4446;13.3374
2016;11;06;6;-1.7;59.4446;13.3374
2016;11;06;7;-1.9;59.4446;13.3374
2016;11;06;8;-1.5;59.4446;13.3374
2016;11;06;9;-1.3;59.4446;13.3374
2016;11;06;10;-1.0;59.4446;13.3374
2016;11;06;11;-1.1;59.4446;13.3374
2016;11;06;12;-0.8;59.4446;13.3374
2016;11;06;13;-1.2;59.4446;13.3374
2016;11;06;14;-1.3;59.4446;13.3374
2016;11;06;15;-1.5;59.4446;13.3374
2016;11;06;16;-1.9;59.4446;13.3374
2016;11;06;17;-2.6;59.4446;13.3374
2016;11;06;18;-3.2;59.4446;13.3374
2016;11;06;19;-3.9;59.4446;13.3374
2016;11;06;20;-4.1;59.4446;13.3374
2016;11;06;21;-3.6;59.4446;13.3374
2016;11;06;22;-3.6;59.4446;13.3374
2016;11;06;23;-4.7;59.4446;13.3374
2017;03;11;0;-2.1;59.4446;13.3374
2017;03;11;1;-1.0;59.4446;13.3374
2017;03;11;2;-3.0;59.4446;13.3374
2017;03;11;3;-2.5;59.4446;13.3374
2017;03;11;4;-3.8;59.4446;13.3374
2017;03;11;5;-4.1;59.4446;13.3374
2017;03;11;6;-3.8;59.4446;13.3374
2017;03;11;7;-2.0;59.4446;13.3374
2017;03;11;8;-0.7;59.4446;13.3374
2017;03;11;9;1.4;59.4446;13.3374
2017;03;11;10;3.9;59.4446;13.3374
2017;03;11;11;6.0;59.4446;13.3374
2017;03;11;12;6.4;59.4446;13.3374
2017;03;11;13;6.9;59.4446;13.3374
2017;03;11;14;6.3;59.4446;13.3374
2017;03;11;15;5.8;59.4446;13.3374
2017;03;11;16;3.9;59.4446;13.3374
2017;03;11;17;1.0;59.4446;13.3374
2017;03;11;18;-0.1;59.4446;13.3374
2017;03;11;19;-0.7;59.4446;13.3374
2017;03;11;20;-1.9;59.4446;13.3374
2017;03;11;21;-0.3;59.4446;13.3374
2017;03;11;22;-0.1;59.4446;13.3374
2017;03;11;23;-0.7;59.4446;13.3374
2017;04;12;0;2.9;59.4446;13.3374
2017;04;12;1;3.7;59.4446;13.3374
2017;04;12;2;2.5;59.4446;13.3374
2017;04;12;3;2.2;59.4446;13.3374
2017;04;12;4;1.9;59.4446;13.3374
2017;04;12;5;1.6;59.4446;13.3374
2017;04;12;6;2.0;59.4446;13.3374
2017;04;12;7;2.3;59.4446;13.3374
2017;04;12;8;2.5;59.4446;13.3374
2017;04;12;9;3.0;59.4446;13.3374
2017;04;12;10;3.6;59.4446;13.3374
2017;04;12;11;3.7;59.4446;13.3374
2017;04;12;12;4.6;59.4446;13.3374
2017;04;12;13;5.0;59.4446;13.3374
2017;04;12;14;5.8;59.4446;13.3374
2017;04;12;15;5.1;59.4446;13.3374
2017;04;12;16;5.5;59.4446;13.3374
2017;04;12;17;5.2;59.4446;13.3374
2017;04;12;18;4.4;59.4446;13.3374
2017;04;12;19;4.1;59.4446;13.3374
2017;04;12;20;3.5;59.4446;13.3374
2017;04;12;21;3.0;59.4446;13.3374
2017;04;12;22;2.8;59.4446;13.3374
2017;04;12;23;2.3;59.4446;13.3374
2017;11;06;0;2.6;59.4446;13.3374
2017;11;06;1;2.0;59.4446;13.3374
2017;11;06;2;0.4;59.4446;13.3374
2017;11;06;3;1.4;59.4446;13.3374
2017;11;06;4;0.7;59.4446;13.3374
2017;11;06;5;1.6;59.4446;13.3374
2017;11;06;6;2.0;59.4446;13.3374
2017;11;06;7;1.9;59.4446;13.3374
2017;11;06;8;2.5;59.4446;13.3374
2017;11;06;9;4.5;59.4446;13.3374
2017;11;06;10;5.0;59.4446;13.3374
2017;11;06;11;5.1;59.4446;13.3374
2017;11;06;12;6.5;59.4446;13.3374
2017;11;06;13;7.0;59.4446;13.3374
2017;11;06;14;6.4;59.4446;13.3374
2017;11;06;15;4.4;59.4446;13.3374
2017;11;06;16;2.2;59.4446;13.3374
2017;11;06;17;0.0;59.4446;13.3374
2017;11;06;18;-1.6;59.4446;13.3374
2017;11;06;19;-1.4;59.4446;13.3374
2017;11;06;20;-1.4;59.4446;13.3374
2017;11;06;21;-1.3;59.4446;13.3374
2017;11;06;22;-1.3;59.4446;13.3374
2017;11;06;23;-2.4;59.4446;13.3374
2018;03;11;0;-3.0;59.4446;13.3374
2018;03;11;1;-2.7;59.4446;13.3374
2018;03;11;2;-3.1;59.4446;13.3374
2018;03;11;3;-3.1;59.4446;13.3374
2018;03;11;4;-3.2;59.4446;13.3374
2018;03;11;5;-3.4;59.4446;13.3374
2018;03;11;6;-3.4;59.4446;13.3374
2018;03;11;7;-3.2;59.4446;13.3374
2018;03;11;8;-3.1;59.4446;13.3374
2018;03;11;9;-2.9;59.4446;13.3374
2018;03;11;10;-2.7;59.4446;13.3374
2018;03;11;11;-2.3;59.4446;13.3374
2018;03;11;12;-1.6;59.4446;13.3374
2018;03;11;13;-1.2;59.4446;13.3374
2018;03;11;14;-0.9;59.4446;13.3374
2018;03;11;15;-1.4;59.4446;13.3374
2018;03;11;16;-1.9;59.4446;13.3374
2018;03;11;17;-2.1;59.4446;13.3374
2018;03;11;18;-2.1;59.4446;13.3374
2018;03;11;19;-2.1;59.4446;13.3374
2018;03;11;20;-2.1;59.4446;13.3374
2018;03;11;21;-2.0;59.4446;13.3374
2018;03;11;22;-1.8;59.4446;13.3374
2018;03;11;23;-1.4;59.4446;13.3374
2018;04;12;0;-3.0;59.4446;13.3374
2018;04;12;1;0.0;59.4446;13.3374
2018;04;12;2;-2.1;59.4446;13.3374
2018;04;12;3;-3.4;59.4446;13.3374
2018;04;12;4;-3.8;59.4446;13.3374
2018;04;12;5;-2.0;59.4446;13.3374
2018;04;12;6;0.7;59.4446;13.3374
2018;04;12;7;2.3;59.4446;13.3374
2018;04;12;8;4.8;59.4446;13.3374
2018;04;12;9;7.3;59.4446;13.3374
2018;04;12;10;9.0;59.4446;13.3374
2018;04;12;11;10.1;59.4446;13.3374
2018;04;12;12;11.2;59.4446;13.3374
2018;04;12;13;11.6;59.4446;13.3374
2018;04;12;14;12.0;59.4446;13.3374
2018;04;12;15;11.8;59.4446;13.3374
2018;04;12;16;11.1;59.4446;13.3374
2018;04;12;17;10.3;59.4446;13.3374
2018;04;12;18;8.6;59.4446;13.3374
2018;04;12;19;7.1;59.4446;13.3374
2018;04;12;20;6.4;59.4446;13.3374
2018;04;12;21;5.0;59.4446;13.3374
2018;04;12;22;3.9;59.4446;13.3374
2018;04;12;23;2.6;59.4446;13.3374
2018;11;06;0;6.4;59.4446;13.3374
2018;11;06;1;6.5;59.4446;13.3374
2018;11;06;2;6.7;59.4446;13.3374
2018;11;06;3;6.9;59.4446;13.3374
2018;11;06;4;7.0;59.4446;13.3374
2018;11;06;5;6.9;59.4446;13.3374
2018;11;06;6;6.9;59.4446;13.3374
2018;11;06;7;7.0;59.4446;13.3374
2018;11;06;8;7.2;59.4446;13.3374
2018;11;06;9;7.6;59.4446;13.3374
2018;11;06;10;8.0;59.4446;13.3374
2018;11;06;11;8.1;59.4446;13.3374
2018;11;06;12;8.4;59.4446;13.3374
2018;11;06;13;8.4;59.4446;13.3374
2018;11;06;14;8.4;59.4446;13.3374
2018;11;06;15;8.4;59.4446;13.3374
2018;11;06;16;8.2;59.4446;13.3374
2018;11;06;17;8.2;59.4446;13.3374
2018;11;06;18;8.2;59.4446;13.3374
2018;11;06;19;7.9;59.4446;13.3374
2018;11;06;20;7.7;59.4446;13.3374
2018;11;06;21;7.7;59.4446;13.3374
2018;11;06;22;7.6;59.4446;13.3374
2018;11;06;23;7.5;59.4446;13.3374
2019;03;11;0;-4.8;59.4446;13.3374
2019;03;11;1;-5.8;59.4446;13.3374
2019;03;11;2;-5.8;59.4446;13.3374
2019;03;11;3;-5.9;59.4446;13.3374
2019;03;11;4;-6.7;59.4446;13.3374
2019;03;11;5;-7.4;59.4446;13.3374
2019;03;11;6;-7.8;59.4446;13.3374
2019;03;11;7;-7.2;59.4446;13.3374
2019;03;11;8;-5.4;59.4446;13.3374
2019;03;11;9;-4.2;59.4446;13.3374
2019;03;11;10;-3.3;59.4446;13.3374
2019;03;11;11;-2.1;59.4446;13.3374
2019;03;11;12;-1.5;59.4446;13.3374
2019;03;11;13;-0.3;59.4446;13.3374
2019;03;11;14;0.5;59.4446;13.3374
2019;03;11;15;0.0;59.4446;13.3374
2019;03;11;16;-0.1;59.4446;13.3374
2019;03;11;17;-0.5;59.4446;13.3374
2019;03;11;18;-2.0;59.4446;13.3374
2019;03;11;19;-3.1;59.4446;13.3374
2019;03;11;20;-3.5;59.4446;13.3374
2019;03;11;21;-4.8;59.4446;13.3374
2019;03;11;22;-4.6;59.4446;13.3374
2019;03;11;23;-6.7;59.4446;13.3374
2019;04;12;0;-3.7;59.4446;13.3374
2019;04;12;1;-3.9;59.4446;13.3374
2019;04;12;2;-4.2;59.4446;13.3374
2019;04;12;3;-4.4;59.4446;13.3374
2019;04;12;4;-4.7;59.4446;13.3374
2019;04;12;5;-4.0;59.4446;13.3374
2019;04;12;6;-1.8;59.4446;13.3374
2019;04;12;7;0.2;59.4446;13.3374
2019;04;12;8;2.7;59.4446;13.3374
2019;04;12;9;4.4;59.4446;13.3374
2019;04;12;10;5.3;59.4446;13.3374
2019;04;12;11;6.5;59.4446;13.3374
2019;04;12;12;6.8;59.4446;13.3374
2019;04;12;13;7.6;59.4446;13.3374
2019;04;12;14;7.8;59.4446;13.3374
2019;04;12;15;8.1;59.4446;13.3374
2019;04;12;16;8.0;59.4446;13.3374
2019;04;12;17;7.2;59.4446;13.3374
2019;04;12;18;5.8;59.4446;13.3374
2019;04;12;19;4.0;59.4446;13.3374
2019;04;12;20;2.9;59.4446;13.3374
2019;04;12;21;1.5;59.4446;13.3374
2019;04;12;22;0.9;59.4446;13.3374
2019;04;12;23;-3.3;59.4446;13.3374
2019;11;06;0;-4.1;59.4446;13.3374
2019;11;06;1;-3.9;59.4446;13.3374
2019;11;06;2;-3.9;59.4446;13.3374
2019;11;06;3;-4.2;59.4446;13.3374
2019;11;06;4;-4.1;59.4446;13.3374
2019;11;06;5;-4.2;59.4446;13.3374
2019;11;06;6;-3.8;59.4446;13.3374
2019;11;06;7;-3.6;59.4446;13.3374
2019;11;06;8;-2.8;59.4446;13.3374
2019;11;06;9;-2.1;59.4446;13.3374
2019;11;06;10;-1.1;59.4446;13.3374
2019;11;06;11;-0.5;59.4446;13.3374
2019;11;06;12;-0.1;59.4446;13.3374
2019;11;06;13;-0.1;59.4446;13.3374
2019;11;06;14;-0.2;59.4446;13.3374
2019;11;06;15;-1.7;59.4446;13.3374
2019;11;06;16;-3.2;59.4446;13.3374
2019;11;06;17;-3.6;59.4446;13.3374
2019;11;06;18;-2.9;59.4446;13.3374
2019;11;06;19;-2.7;59.4446;13.3374
2019;11;06;20;-4.5;59.4446;13.3374
2019;11;06;21;-5.6;59.4446;13.3374
2019;11;06;22;-3.5;59.4446;13.3374
2019;11;06;23;-3.5;59.4446;13.3374
2020;03;11;0;2.7;59.4446;13.3374
2020;03;11;1;2.6;59.4446;13.3374
2020;03;11;2;2.6;59.4446;13.3374
2020;03;11;3;2.0;59.4446;13.3374
2020;03;11;4;1.2;59.4446;13.3374
2020;03;11;5;1.4;59.4446;13.3374
2020;03;11;6;1.5;59.4446;13.3374
2020;03;11;7;2.4;59.4446;13.3374
2020;03;11;8;3.8;59.4446;13.3374
2020;03;11;9;4.1;59.4446;13.3374
2020;03;11;10;5.6;59.4446;13.3374
2020;03;11;11;7.8;59.4446;13.3374
2020;03;11;12;8.2;59.4446;13.3374
2020;03;11;13;8.4;59.4446;13.3374
2020;03;11;14;8.8;59.4446;13.3374
2020;03;11;15;8.6;59.4446;13.3374
2020;03;11;16;7.9;59.4446;13.3374
2020;03;11;17;6.0;59.4446;13.3374
2020;03;11;18;5.1;59.4446;13.3374
2020;03;11;19;4.7;59.4446;13.3374
2020;03;11;20;5.0;59.4446;13.3374
2020;03;11;21;5.4;59.4446;13.3374
2020;03;11;22;5.0;59.4446;13.3374
2020;03;11;23;5.1;59.4446;13.3374
2020;04;12;0;5.2;59.4446;13.3374
2020;04;12;1;5.7;59.4446;13.3374
2020;04;12;2;6.0;59.4446;13.3374
2020;04;12;3;6.3;59.4446;13.3374
2020;04;12;4;6.4;59.4446;13.3374
2020;04;12;5;6.5;59.4446;13.3374
2020;04;12;6;6.6;59.4446;13.3374
2020;04;12;7;6.5;59.4446;13.3374
2020;04;12;8;7.2;59.4446;13.3374
2020;04;12;9;9.1;59.4446;13.3374
2020;04;12;10;10.5;59.4446;13.3374
2020;04;12;11;11.1;59.4446;13.3374
2020;04;12;12;11.4;59.4446;13.3374
2020;04;12;13;11.0;59.4446;13.3374
2020;04;12;14;10.8;59.4446;13.3374
2020;04;12;15;11.0;59.4446;13.3374
2020;04;12;16;10.9;59.4446;13.3374
2020;04;12;17;10.9;59.4446;13.3374
2020;04;12;18;9.1;59.4446;13.3374
2020;04;12;19;5.9;59.4446;13.3374
2020;04;12;20;5.7;59.4446;13.3374
2020;04;12;21;5.7;59.4446;13.3374
2020;04;12;22;4.4;59.4446;13.3374
2020;04;12;23;3.5;59.4446;13.3374
2020;11;06;0;9.7;59.4446;13.3374
2020;11;06;1;9.9;59.4446;13.3374
2020;11;06;2;7.7;59.4446;13.3374
2020;11;06;3;7.8;59.4446;13.3374
2020;11;06;4;7.3;59.4446;13.3374
2020;11;06;5;6.9;59.4446;13.3374
2020;11;06;6;6.3;59.4446;13.3374
2020;11;06;7;6.7;59.4446;13.3374
2020;11;06;8;10.3;59.4446;13.3374
2020;11;06;9;13.2;59.4446;13.3374
2020;11;06;10;15.6;59.4446;13.3374
2020;11;06;11;16.8;59.4446;13.3374
2020;11;06;12;16.1;59.4446;13.3374
2020;11;06;13;15.1;59.4446;13.3374
2020;11;06;14;15.0;59.4446;13.3374
2020;11;06;15;9.8;59.4446;13.3374
2020;11;06;16;9.4;59.4446;13.3374
2020;11;06;17;8.5;59.4446;13.3374
2020;11;06;18;7.9;59.4446;13.3374
2020;11;06;19;6.5;59.4446;13.3374
2020;11;06;20;6.0;59.4446;13.3374
2020;11;06;21;6.2;59.4446;13.3374
2020;11;06;22;5.2;59.4446;13.3374
2020;11;06;23;5.1;59.4446;13.3374
2021;03;11;0;-1.0;59.4446;13.3374
2021;03;11;1;-1.3;59.4446;13.3374
2021;03;11;2;-1.1;59.4446;13.3374
2021;03;11;3;-1.5;59.4446;13.3374
2021;03;11;4;-1.8;59.4446;13.3374
2021;03;11;5;-1.5;59.4446;13.3374
2021;03;11;6;-1.2;59.4446;13.3374
2021;03;11;7;-1.0;59.4446;13.3374
2021;03;11;8;-0.9;59.4446;13.3374
2021;03;11;9;-0.4;59.4446;13.3374
2021;03;11;10;-0.1;59.4446;13.3374
2021;03;11;11;-0.2;59.4446;13.3374
2021;03;11;12;0.0;59.4446;13.3374
2021;03;11;13;0.0;59.4446;13.3374
2021;03;11;14;0.0;59.4446;13.3374
2021;03;11;15;0.0;59.4446;13.3374
2021;03;11;16;0.0;59.4446;13.3374
2021;03;11;17;0.0;59.4446;13.3374
2021;03;11;18;0.0;59.4446;13.3374
2021;03;11;19;0.2;59.4446;13.3374
2021;03;11;20;0.2;59.4446;13.3374
2021;03;11;21;0.3;59.4446;13.3374
2021;03;11;22;0.4;59.4446;13.3374
2021;03;11;23;0.5;59.4446;13.3374
2021;04;12;0;0.0;59.4446;13.3374
2021;04;12;1;0.2;59.4446;13.3374
2021;04;12;2;0.3;59.4446;13.3374
2021;04;12;3;0.1;59.4446;13.3374
2021;04;12;4;0.2;59.4446;13.3374
2021;04;12;5;0.1;59.4446;13.3374
2021;04;12;6;0.1;59.4446;13.3374
2021;04;12;7;0.4;59.4446;13.3374
2021;04;12;8;0.9;59.4446;13.3374
2021;04;12;9;1.7;59.4446;13.3374
2021;04;12;10;2.2;59.4446;13.3374
2021;04;12;11;2.8;59.4446;13.3374
2021;04;12;12;3.5;59.4446;13.3374
2021;04;12;13;5.3;59.4446;13.3374
2021;04;12;14;4.9;59.4446;13.3374
2021;04;12;15;4.5;59.4446;13.3374
2021;04;12;16;3.8;59.4446;13.3374
2021;04;12;17;3.0;59.4446;13.3374
2021;04;12;18;2.3;59.4446;13.3374
2021;04;12;19;1.2;59.4446;13.3374
2021;04;12;20;1.4;59.4446;13.3374
2021;04;12;21;1.0;59.4446;13.3374
2021;04;12;22;1.1;59.4446;13.3374
2021;04;12;23;0.8;59.4446;13.3374
2021;11;06;0;2.6;59.4446;13.3374
2021;11;06;1;3.0;59.4446;13.3374
2021;11;06;2;2.3;59.4446;13.3374
2021;11;06;3;3.1;59.4446;13.3374
2021;11;06;4;3.4;59.4446;13.3374
2021;11;06;5;2.8;59.4446;13.3374
2021;11;06;6;3.0;59.4446;13.3374
2021;11;06;9;4.9;59.4446;13.3374
2021;11;06;10;6.1;59.4446;13.3374
2021;11;06;11;7.3;59.4446;13.3374
2021;11;06;12;7.0;59.4446;13.3374
2021;11;06;13;6.3;59.4446;13.3374
2021;11;06;14;6.7;59.4446;13.3374
2021;11;06;15;3.1;59.4446;13.3374
2021;11;06;16;2.3;59.4446;13.3374
2021;11;06;17;1.9;59.4446;13.3374
2021;11;06;18;2.9;59.4446;13.3374
2021;11;06;19;3.3;59.4446;13.3374
2021;11;06;20;3.7;59.4446;13.3374
2021;11;06;21;3.4;59.4446;13.3374
2021;11;06;22;3.2;59.4446;13.3374
2021;11;06;23;3.1;59.4446;13.3374
2022;03;11;0;-3.1;59.4446;13.3374
2022;03;11;1;-3.9;59.4446;13.3374
2022;03;11;2;-3.9;59.4446;13.3374
2022;03;11;3;-4.6;59.4446;13.3374
2022;03;11;4;-4.8;59.4446;13.3374
2022;03;11;5;-5.8;59.4446;13.3374
2022;03;11;6;-5.3;59.4446;13.3374
2022;03;11;7;-4.5;59.4446;13.3374
2022;03;11;8;-2.4;59.4446;13.3374
2022;03;11;9;-1.1;59.4446;13.3374
2022;03;11;10;1.1;59.4446;13.3374
2022;03;11;11;2.5;59.4446;13.3374
2022;03;11;12;2.8;59.4446;13.3374
2022;03;11;13;3.5;59.4446;13.3374
2022;03;11;14;3.4;59.4446;13.3374
2022;03;11;15;3.0;59.4446;13.3374
2022;03;11;16;2.4;59.4446;13.3374
2022;03;11;17;0.1;59.4446;13.3374
2022;03;11;18;-2.6;59.4446;13.3374
2022;03;11;19;-1.8;59.4446;13.3374
2022;03;11;20;-4.0;59.4446;13.3374
2022;03;11;21;-3.7;59.4446;13.3374
2022;03;11;22;-4.5;59.4446;13.3374
2022;03;11;23;-4.5;59.4446;13.3374
2022;04;12;6;1.0;59.4446;13.3374
2022;04;12;9;6.9;59.4446;13.3374
2022;04;12;10;7.8;59.4446;13.3374
2022;04;12;11;8.8;59.4446;13.3374
2022;04;12;12;8.6;59.4446;13.3374
2022;04;12;13;9.5;59.4446;13.3374
2022;04;12;14;9.4;59.4446;13.3374
2022;04;12;15;8.5;59.4446;13.3374
2022;04;12;16;7.6;59.4446;13.3374
2022;04;12;17;6.5;59.4446;13.3374
2022;04;12;18;5.8;59.4446;13.3374
2022;04;12;19;3.1;59.4446;13.3374
2022;04;12;20;1.2;59.4446;13.3374
2022;04;12;21;1.3;59.4446;13.3374
2022;04;12;22;-0.7;59.4446;13.3374
2022;04;12;23;-1.6;59.4446;13.3374
2022;11;06;0;6.7;59.4446;13.3374
2022;11;06;1;6.6;59.4446;13.3374
2022;11;06;2;6.8;59.4446;13.3374
2022;11;06;3;6.6;59.4446;13.3374
2022;11;06;4;6.9;59.4446;13.3374
2022;11;06;5;7.9;59.4446;13.3374
2022;11;06;6;8.3;59.4446;13.3374
2022;11;06;7;8.3;59.4446;13.3374
2022;11;06;8;8.3;59.4446;13.3374
2022;11;06;9;8.3;59.4446;13.3374
2022;11;06;10;8.5;59.4446;13.3374
2022;11;06;11;8.8;59.4446;13.3374
2022;11;06;12;9.5;59.4446;13.3374
2022;11;06;13;10.0;59.4446;13.3374
2022;11;06;14;9.7;59.4446;13.3374
2022;11;06;15;9.4;59.4446;13.3374
2022;11;06;16;8.5;59.4446;13.3374
2022;11;06;17;7.7;59.4446;13.3374
2022;11;06;18;6.1;59.4446;13.3374
2022;11;06;19;5.5;59.4446;13.3374
2022;11;06;20;6.9;59.4446;13.3374
2022;11;06;21;5.8;59.4446;13.3374
2022;11;06;22;6.6;59.4446;13.3374
2022;11;06;23;7.0;59.4446;13.3374
2023;03;11;0;-9.4;59.4446;13.3374
2023;03;11;1;-11.6;59.4446;13.3374
2023;03;11;2;-10.7;59.4446;13.3374
2023;03;11;3;-10.2;59.4446;13.3374
2023;03;11;4;-10.2;59.4446;13.3374
2023;03;11;5;-11.1;59.4446;13.3374
2023;03;11;6;-12.9;59.4446;13.3374
2023;03;11;7;-11.7;59.4446;13.3374
2023;03;11;8;-8.2;59.4446;13.3374
2023;03;11;9;-5.5;59.4446;13.3374
2023;03;11;10;-2.7;59.4446;13.3374
2023;03;11;11;-1.5;59.4446;13.3374
2023;03;11;12;-0.7;59.4446;13.3374
2023;03;11;13;-0.5;59.4446;13.3374
2023;03;11;14;0.0;59.4446;13.3374
2023;03;11;15;-0.3;59.4446;13.3374
2023;03;11;16;-1.3;59.4446;13.3374
2023;03;11;17;-2.9;59.4446;13.3374
2023;03;11;18;-3.5;59.4446;13.3374
2023;03;11;19;-4.9;59.4446;13.3374
2023;03;11;20;-4.9;59.4446;13.3374
2023;03;11;21;-5.9;59.4446;13.3374
2023;03;11;22;-6.8;59.4446;13.3374
2023;03;11;23;-7.5;59.4446;13.3374
2023;04;12;0;4.3;59.4446;13.3374
2023;04;12;1;4.0;59.4446;13.3374
2023;04;12;2;4.0;59.4446;13.3374
2023;04;12;3;3.9;59.4446;13.3374
2023;04;12;4;3.7;59.4446;13.3374
2023;04;12;5;4.1;59.4446;13.3374
2023;04;12;6;4.3;59.4446;13.3374
2023;04;12;7;5.0;59.4446;13.3374
2023;04;12;8;5.9;59.4446;13.3374
2023;04;12;9;7.3;59.4446;13.3374
2023;04;12;10;8.4;59.4446;13.3374
2023;04;12;11;8.7;59.4446;13.3374
2023;04;12;12;9.4;59.4446;13.3374
2023;04;12;13;9.1;59.4446;13.3374
2023;04;12;14;9.4;59.4446;13.3374
2023;04;12;15;11.0;59.4446;13.3374
2023;04;12;16;9.9;59.4446;13.3374
2023;04;12;17;10.8;59.4446;13.3374
2023;04;12;18;8.1;59.4446;13.3374
2023;04;12;19;7.9;59.4446;13.3374
2023;04;12;20;7.8;59.4446;13.3374
2023;04;12;21;8.0;59.4446;13.3374
2023;04;12;22;7.7;59.4446;13.3374
2023;04;12;23;7.5;59.4446;13.3374
