1863;03;11;7;-0.8;55.6932;13.2251
1863;03;11;13;1.2;55.6932;13.2251
1863;03;11;20;-0.4;55.6932;13.2251
1863;04;12;7;6.5;55.6932;13.2251
1863;04;12;13;11.5;55.6932;13.2251
1863;04;12;20;6.7;55.6932;13.2251
1863;11;06;7;3.6;55.6932;13.2251
1863;11;06;13;4.7;55.6932;13.2251
1863;11;06;20;4.7;55.6932;13.2251
1864;03;11;7;1.5;55.6932;13.2251
1864;03;11;13;3.7;55.6932;13.2251
1864;03;11;20;4.1;55.6932;13.2251
1864;04;12;7;4.5;55.6932;13.2251
1864;04;12;13;8.5;55.6932;13.2251
1864;04;12;20;3.5;55.6932;13.2251
1864;11;06;7;-4.7;55.6932;13.2251
1864;11;06;13;-1.9;55.6932;13.2251
1864;11;06;20;-6.1;55.6932;13.2251
1865;03;11;7;0.4;55.6932;13.2251
1865;03;11;13;3.2;55.6932;13.2251
1865;03;11;20;0.9;55.6932;13.2251
1865;04;12;7;4.3;55.6932;13.2251
1865;04;12;13;9.8;55.6932;13.2251
1865;04;12;20;4.5;55.6932;13.2251
1865;11;06;7;8.5;55.6932;13.2251
1865;11;06;13;9.3;55.6932;13.2251
1865;11;06;20;8.3;55.6932;13.2251
1866;03;11;7;0.9;55.6932;13.2251
1866;03;11;13;3.1;55.6932;13.2251
1866;03;11;20;2.2;55.6932;13.2251
1866;04;12;7;6.1;55.6932;13.2251
1866;04;12;13;10.7;55.6932;13.2251
1866;04;12;20;6.3;55.6932;13.2251
1866;11;06;7;8.9;55.6932;13.2251
1866;11;06;13;10.1;55.6932;13.2251
1866;11;06;20;5.6;55.6932;13.2251
1867;03;11;7;-3.0;55.6932;13.2251
1867;03;11;13;-0.1;55.6932;13.2251
1867;03;11;20;-6.3;55.6932;13.2251
1867;04;12;7;0.3;55.6932;13.2251
1867;04;12;13;3.6;55.6932;13.2251
1867;04;12;20;-0.2;55.6932;13.2251
1867;11;06;7;3.9;55.6932;13.2251
1867;11;06;13;-1.0;55.6932;13.2251
1867;11;06;20;1.6;55.6932;13.2251
1868;03;11;7;1.2;55.6932;13.2251
1868;03;11;13;5.1;55.6932;13.2251
1868;03;11;20;1.2;55.6932;13.2251
1868;04;12;7;1.9;55.6932;13.2251
1868;04;12;13;6.2;55.6932;13.2251
1868;04;12;20;2.8;55.6932;13.2251
1868;11;06;7;3.0;55.6932;13.2251
1868;11;06;13;6.2;55.6932;13.2251
1868;11;06;20;1.9;55.6932;13.2251
1869;03;11;7;0.9;55.6932;13.2251
1869;03;11;13;1.9;55.6932;13.2251
1869;03;11;20;1.1;55.6932;13.2251
1869;04;12;7;4.8;55.6932;13.2251
1869;04;12;13;3.5;55.6932;13.2251
1869;04;12;20;1.4;55.6932;13.2251
1869;11;06;7;-0.2;55.6932;13.2251
1869;11;06;13;3.4;55.6932;13.2251
1869;11;06;20;0.5;55.6932;13.2251
1870;03;11;7;-1.2;55.6932;13.2251
1870;03;11;13;0.4;55.6932;13.2251
1870;03;11;20;-6.6;55.6932;13.2251
1870;04;12;7;4.5;55.6932;13.2251
1870;04;12;13;7.1;55.6932;13.2251
1870;04;12;20;2.8;55.6932;13.2251
1870;11;06;7;2.5;55.6932;13.2251
1870;11;06;13;6.5;55.6932;13.2251
1870;11;06;20;5.1;55.6932;13.2251
1871;03;11;7;1.3;55.6932;13.2251
1871;03;11;13;4.5;55.6932;13.2251
1871;03;11;20;4.4;55.6932;13.2251
1871;04;12;7;3.8;55.6932;13.2251
1871;04;12;13;7.6;55.6932;13.2251
1871;04;12;20;5.9;55.6932;13.2251
1871;11;06;7;1.4;55.6932;13.2251
1871;11;06;13;2.4;55.6932;13.2251
1871;11;06;20;2.3;55.6932;13.2251
1872;03;11;7;0.0;55.6932;13.2251
1872;03;11;13;5.5;55.6932;13.2251
1872;03;11;20;1.2;55.6932;13.2251
1872;04;12;7;8.0;55.6932;13.2251
1872;04;12;13;15.1;55.6932;13.2251
1872;04;12;20;8.1;55.6932;13.2251
1872;11;06;7;10.3;55.6932;13.2251
1872;11;06;13;10.5;55.6932;13.2251
1872;11;06;20;11.3;55.6932;13.2251
1873;03;11;7;2.1;55.6932;13.2251
1873;03;11;13;4.9;55.6932;13.2251
1873;03;11;20;1.5;55.6932;13.2251
1873;04;12;7;7.6;55.6932;13.2251
1873;04;12;13;8.2;55.6932;13.2251
1873;04;12;20;0.7;55.6932;13.2251
1873;11;06;7;7.2;55.6932;13.2251
1873;11;06;13;8.8;55.6932;13.2251
1873;11;06;20;8.3;55.6932;13.2251
1874;03;11;7;-1.9;55.6932;13.2251
1874;03;11;13;-0.9;55.6932;13.2251
1874;03;11;20;-1.9;55.6932;13.2251
1874;04;12;7;4.0;55.6932;13.2251
1874;04;12;13;8.9;55.6932;13.2251
1874;04;12;20;5.8;55.6932;13.2251
1874;11;06;7;7.6;55.6932;13.2251
1874;11;06;13;8.4;55.6932;13.2251
1874;11;06;20;7.7;55.6932;13.2251
1875;03;11;7;1.2;55.6932;13.2251
1875;03;11;13;4.2;55.6932;13.2251
1875;03;11;20;1.5;55.6932;13.2251
1875;04;12;7;2.4;55.6932;13.2251
1875;04;12;13;10.5;55.6932;13.2251
1875;04;12;20;3.3;55.6932;13.2251
1875;11;06;7;4.8;55.6932;13.2251
1875;11;06;13;5.6;55.6932;13.2251
1875;11;06;20;5.7;55.6932;13.2251
1876;03;11;7;1.8;55.6932;13.2251
1876;03;11;13;6.2;55.6932;13.2251
1876;03;11;20;2.5;55.6932;13.2251
1876;04;12;7;4.2;55.6932;13.2251
1876;04;12;13;4.4;55.6932;13.2251
1876;04;12;20;0.7;55.6932;13.2251
1876;11;06;7;2.1;55.6932;13.2251
1876;11;06;13;2.8;55.6932;13.2251
1876;11;06;20;0.6;55.6932;13.2251
1877;03;11;7;-1.9;55.6932;13.2251
1877;03;11;13;0.8;55.6932;13.2251
1877;03;11;20;-0.7;55.6932;13.2251
1877;04;12;7;-0.3;55.6932;13.2251
1877;04;12;13;4.3;55.6932;13.2251
1877;04;12;20;1.7;55.6932;13.2251
1877;11;06;7;7.8;55.6932;13.2251
1877;11;06;13;9.2;55.6932;13.2251
1877;11;06;20;9.0;55.6932;13.2251
1878;03;11;7;2.0;55.6932;13.2251
1878;03;11;13;6.2;55.6932;13.2251
1878;03;11;20;3.2;55.6932;13.2251
1878;04;12;7;7.9;55.6932;13.2251
1878;04;12;13;13.8;55.6932;13.2251
1878;04;12;20;7.0;55.6932;13.2251
1878;11;06;7;2.3;55.6932;13.2251
1878;11;06;13;2.9;55.6932;13.2251
1878;11;06;20;1.7;55.6932;13.2251
1879;03;11;7;0.9;55.6932;13.2251
1879;03;11;13;1.0;55.6932;13.2251
1879;03;11;20;0.6;55.6932;13.2251
1879;04;12;7;1.5;55.6932;13.2251
1879;04;12;13;2.0;55.6932;13.2251
1879;04;12;20;-0.4;55.6932;13.2251
1879;11;06;7;3.3;55.6932;13.2251
1879;11;06;13;3.1;55.6932;13.2251
1879;11;06;20;2.5;55.6932;13.2251
1880;03;11;7;0.8;55.6932;13.2251
1880;03;11;13;3.7;55.6932;13.2251
1880;03;11;20;-2.0;55.6932;13.2251
1880;04;12;7;4.3;55.6932;13.2251
1880;04;12;13;10.0;55.6932;13.2251
1880;04;12;20;5.6;55.6932;13.2251
1880;11;06;7;6.2;55.6932;13.2251
1880;11;06;13;7.3;55.6932;13.2251
1880;11;06;20;7.0;55.6932;13.2251
1881;03;11;7;-1.7;55.6932;13.2251
1881;03;11;13;0.4;55.6932;13.2251
1881;03;11;20;-0.3;55.6932;13.2251
1881;04;12;7;3.4;55.6932;13.2251
1881;04;12;13;8.8;55.6932;13.2251
1881;04;12;20;2.5;55.6932;13.2251
1881;11;06;7;7.9;55.6932;13.2251
1881;11;06;13;6.8;55.6932;13.2251
1881;11;06;20;5.1;55.6932;13.2251
1882;03;11;7;6.0;55.6932;13.2251
1882;03;11;13;7.6;55.6932;13.2251
1882;03;11;20;3.4;55.6932;13.2251
1882;04;12;7;3.6;55.6932;13.2251
1882;04;12;13;5.8;55.6932;13.2251
1882;04;12;20;2.8;55.6932;13.2251
1882;11;06;7;8.4;55.6932;13.2251
1882;11;06;13;9.2;55.6932;13.2251
1882;11;06;20;7.4;55.6932;13.2251
1883;03;11;7;-3.5;55.6932;13.2251
1883;03;11;13;0.7;55.6932;13.2251
1883;03;11;20;-7.4;55.6932;13.2251
1883;04;12;7;1.3;55.6932;13.2251
1883;04;12;13;6.2;55.6932;13.2251
1883;04;12;20;1.8;55.6932;13.2251
1883;11;06;7;4.7;55.6932;13.2251
1883;11;06;13;7.0;55.6932;13.2251
1883;11;06;20;6.0;55.6932;13.2251
1884;03;11;7;0.2;55.6932;13.2251
1884;03;11;13;1.1;55.6932;13.2251
1884;03;11;20;1.8;55.6932;13.2251
1884;04;12;7;4.7;55.6932;13.2251
1884;04;12;13;9.9;55.6932;13.2251
1884;04;12;20;3.7;55.6932;13.2251
1884;11;06;7;9.3;55.6932;13.2251
1884;11;06;13;9.6;55.6932;13.2251
1884;11;06;20;8.2;55.6932;13.2251
1885;03;11;7;-0.8;55.6932;13.2251
1885;03;11;13;3.1;55.6932;13.2251
1885;03;11;20;3.0;55.6932;13.2251
1885;04;12;7;2.9;55.6932;13.2251
1885;04;12;13;9.2;55.6932;13.2251
1885;04;12;20;3.1;55.6932;13.2251
1885;11;06;7;5.9;55.6932;13.2251
1885;11;06;13;7.5;55.6932;13.2251
1885;11;06;20;5.0;55.6932;13.2251
1886;03;11;7;-6.8;55.6932;13.2251
1886;03;11;13;-3.0;55.6932;13.2251
1886;03;11;20;-7.2;55.6932;13.2251
1886;04;12;7;5.4;55.6932;13.2251
1886;04;12;13;9.5;55.6932;13.2251
1886;04;12;20;4.7;55.6932;13.2251
1886;11;06;7;7.3;55.6932;13.2251
1886;11;06;13;7.2;55.6932;13.2251
1886;11;06;20;3.6;55.6932;13.2251
1887;03;11;7;-4.1;55.6932;13.2251
1887;03;11;13;-1.1;55.6932;13.2251
1887;03;11;20;-1.1;55.6932;13.2251
1887;04;12;7;5.4;55.6932;13.2251
1887;04;12;13;14.4;55.6932;13.2251
1887;04;12;20;6.0;55.6932;13.2251
1887;11;06;7;5.0;55.6932;13.2251
1887;11;06;13;8.6;55.6932;13.2251
1887;11;06;20;8.6;55.6932;13.2251
1888;03;11;7;-8.5;55.6932;13.2251
1888;03;11;13;-5.9;55.6932;13.2251
1888;03;11;20;-7.4;55.6932;13.2251
1888;04;12;7;2.2;55.6932;13.2251
1888;04;12;13;6.1;55.6932;13.2251
1888;04;12;20;1.2;55.6932;13.2251
1888;11;06;7;1.2;55.6932;13.2251
1888;11;06;13;1.8;55.6932;13.2251
1888;11;06;20;0.8;55.6932;13.2251
1889;03;11;7;0.9;55.6932;13.2251
1889;03;11;13;2.1;55.6932;13.2251
1889;03;11;20;0.7;55.6932;13.2251
1889;04;12;7;1.6;55.6932;13.2251
1889;04;12;13;4.6;55.6932;13.2251
1889;04;12;20;3.9;55.6932;13.2251
1889;11;06;7;1.2;55.6932;13.2251
1889;11;06;13;7.8;55.6932;13.2251
1889;11;06;20;7.4;55.6932;13.2251
1890;03;11;7;2.2;55.6932;13.2251
1890;03;11;13;4.5;55.6932;13.2251
1890;03;11;20;3.6;55.6932;13.2251
1890;04;12;7;2.7;55.6932;13.2251
1890;04;12;13;7.5;55.6932;13.2251
1890;04;12;20;2.5;55.6932;13.2251
1890;11;06;7;5.6;55.6932;13.2251
1890;11;06;13;8.2;55.6932;13.2251
1890;11;06;20;6.1;55.6932;13.2251
1891;03;11;7;1.0;55.6932;13.2251
1891;03;11;13;1.6;55.6932;13.2251
1891;03;11;20;1.4;55.6932;13.2251
1891;04;12;7;3.1;55.6932;13.2251
1891;04;12;13;8.5;55.6932;13.2251
1891;04;12;20;4.1;55.6932;13.2251
1891;11;06;7;3.0;55.6932;13.2251
1891;11;06;13;7.5;55.6932;13.2251
1891;11;06;20;2.6;55.6932;13.2251
1892;03;11;7;-1.4;55.6932;13.2251
1892;03;11;13;0.7;55.6932;13.2251
1892;03;11;20;-1.3;55.6932;13.2251
1892;04;12;7;4.4;55.6932;13.2251
1892;04;12;13;5.6;55.6932;13.2251
1892;04;12;20;0.3;55.6932;13.2251
1892;11;06;7;6.4;55.6932;13.2251
1892;11;06;13;7.5;55.6932;13.2251
1892;11;06;20;7.2;55.6932;13.2251
1893;03;11;7;0.4;55.6932;13.2251
1893;03;11;13;1.7;55.6932;13.2251
1893;03;11;20;-0.2;55.6932;13.2251
1893;04;12;7;2.0;55.6932;13.2251
1893;04;12;13;6.3;55.6932;13.2251
1893;04;12;20;5.2;55.6932;13.2251
1893;11;06;7;0.9;55.6932;13.2251
1893;11;06;13;3.8;55.6932;13.2251
1893;11;06;20;-0.4;55.6932;13.2251
1894;03;11;7;2.0;55.6932;13.2251
1894;03;11;13;4.4;55.6932;13.2251
1894;03;11;20;5.4;55.6932;13.2251
1894;04;12;7;3.1;55.6932;13.2251
1894;04;12;13;6.7;55.6932;13.2251
1894;04;12;20;3.6;55.6932;13.2251
1894;11;06;7;8.6;55.6932;13.2251
1894;11;06;13;9.1;55.6932;13.2251
1894;11;06;20;8.2;55.6932;13.2251
1895;03;11;7;0.4;55.6932;13.2251
1895;03;11;13;1.8;55.6932;13.2251
1895;03;11;20;-0.3;55.6932;13.2251
1895;04;12;7;3.6;55.6932;13.2251
1895;04;12;13;5.6;55.6932;13.2251
1895;04;12;20;2.2;55.6932;13.2251
1895;11;06;7;8.5;55.6932;13.2251
1895;11;06;13;10.7;55.6932;13.2251
1895;11;06;20;9.6;55.6932;13.2251
1896;03;11;7;1.1;55.6932;13.2251
1896;03;11;13;0.8;55.6932;13.2251
1896;03;11;20;1.8;55.6932;13.2251
1896;04;12;7;4.0;55.6932;13.2251
1896;04;12;13;6.4;55.6932;13.2251
1896;04;12;20;2.7;55.6932;13.2251
1896;11;06;7;5.7;55.6932;13.2251
1896;11;06;13;7.7;55.6932;13.2251
1896;11;06;20;5.8;55.6932;13.2251
1897;03;11;7;-0.1;55.6932;13.2251
1897;03;11;13;1.0;55.6932;13.2251
1897;03;11;20;-0.3;55.6932;13.2251
1897;04;12;7;4.4;55.6932;13.2251
1897;04;12;13;7.2;55.6932;13.2251
1897;04;12;20;4.8;55.6932;13.2251
1897;11;06;7;3.6;55.6932;13.2251
1897;11;06;13;4.8;55.6932;13.2251
1897;11;06;20;4.4;55.6932;13.2251
1898;03;11;7;-1.4;55.6932;13.2251
1898;03;11;13;1.1;55.6932;13.2251
1898;03;11;20;1.0;55.6932;13.2251
1898;04;12;7;3.5;55.6932;13.2251
1898;04;12;13;3.0;55.6932;13.2251
1898;04;12;20;1.2;55.6932;13.2251
1898;11;06;7;6.8;55.6932;13.2251
1898;11;06;13;9.0;55.6932;13.2251
1898;11;06;20;5.0;55.6932;13.2251
1899;03;11;7;2.0;55.6932;13.2251
1899;03;11;13;5.8;55.6932;13.2251
1899;03;11;20;5.4;55.6932;13.2251
1899;04;12;7;3.6;55.6932;13.2251
1899;04;12;13;8.7;55.6932;13.2251
1899;04;12;20;1.5;55.6932;13.2251
1899;11;06;7;9.5;55.6932;13.2251
1899;11;06;13;13.0;55.6932;13.2251
1899;11;06;20;8.4;55.6932;13.2251
1900;03;11;7;-0.5;55.6932;13.2251
1900;03;11;13;0.9;55.6932;13.2251
1900;03;11;20;-1.2;55.6932;13.2251
1900;04;12;7;7.2;55.6932;13.2251
1900;04;12;13;9.0;55.6932;13.2251
1900;04;12;20;6.8;55.6932;13.2251
1900;11;06;7;1.2;55.6932;13.2251
1900;11;06;13;4.9;55.6932;13.2251
1900;11;06;20;4.9;55.6932;13.2251
1901;03;11;7;-0.6;55.6932;13.2251
1901;03;11;13;-0.4;55.6932;13.2251
1901;03;11;20;0.5;55.6932;13.2251
1901;04;12;7;4.7;55.6932;13.2251
1901;04;12;13;8.2;55.6932;13.2251
1901;04;12;20;3.7;55.6932;13.2251
1901;11;06;7;7.6;55.6932;13.2251
1901;11;06;13;9.6;55.6932;13.2251
1901;11;06;20;7.6;55.6932;13.2251
1902;03;11;7;-0.9;55.6932;13.2251
1902;03;11;13;0.8;55.6932;13.2251
1902;03;11;20;-0.6;55.6932;13.2251
1902;04;12;7;1.7;55.6932;13.2251
1902;04;12;13;2.6;55.6932;13.2251
1902;04;12;20;2.9;55.6932;13.2251
1902;11;06;7;3.5;55.6932;13.2251
1902;11;06;13;5.9;55.6932;13.2251
1902;11;06;20;2.9;55.6932;13.2251
1903;03;11;7;-0.1;55.6932;13.2251
1903;03;11;13;1.0;55.6932;13.2251
1903;03;11;20;-0.4;55.6932;13.2251
1903;04;12;7;3.4;55.6932;13.2251
1903;04;12;13;7.0;55.6932;13.2251
1903;04;12;20;3.0;55.6932;13.2251
1903;11;06;7;8.4;55.6932;13.2251
1903;11;06;13;9.4;55.6932;13.2251
1903;11;06;20;7.0;55.6932;13.2251
1904;03;11;7;0.6;55.6932;13.2251
1904;03;11;13;2.1;55.6932;13.2251
1904;03;11;20;0.3;55.6932;13.2251
1904;04;12;7;4.2;55.6932;13.2251
1904;04;12;13;8.8;55.6932;13.2251
1904;04;12;20;5.2;55.6932;13.2251
1904;11;06;7;7.8;55.6932;13.2251
1904;11;06;13;8.2;55.6932;13.2251
1904;11;06;20;6.4;55.6932;13.2251
1905;03;11;7;2.8;55.6932;13.2251
1905;03;11;13;4.6;55.6932;13.2251
1905;03;11;20;6.0;55.6932;13.2251
1905;04;12;7;2.6;55.6932;13.2251
1905;04;12;13;5.9;55.6932;13.2251
1905;04;12;20;3.0;55.6932;13.2251
1905;11;06;7;7.7;55.6932;13.2251
1905;11;06;13;9.4;55.6932;13.2251
1905;11;06;20;8.0;55.6932;13.2251
1906;03;11;7;-2.5;55.6932;13.2251
1906;03;11;13;2.0;55.6932;13.2251
1906;03;11;20;-0.4;55.6932;13.2251
1906;04;12;7;14.0;55.6932;13.2251
1906;04;12;13;21.3;55.6932;13.2251
1906;04;12;20;10.6;55.6932;13.2251
1906;11;06;7;6.3;55.6932;13.2251
1906;11;06;13;10.2;55.6932;13.2251
1906;11;06;20;8.3;55.6932;13.2251
1907;03;11;7;-6.5;55.6932;13.2251
1907;03;11;13;-1.0;55.6932;13.2251
1907;03;11;20;-2.9;55.6932;13.2251
1907;04;12;7;1.4;55.6932;13.2251
1907;04;12;13;6.6;55.6932;13.2251
1907;04;12;20;0.6;55.6932;13.2251
1907;11;06;7;5.8;55.6932;13.2251
1907;11;06;13;6.2;55.6932;13.2251
1907;11;06;20;3.6;55.6932;13.2251
1908;03;11;7;1.6;55.6932;13.2251
1908;03;11;13;3.0;55.6932;13.2251
1908;03;11;20;-0.4;55.6932;13.2251
1908;04;12;7;2.3;55.6932;13.2251
1908;04;12;13;4.8;55.6932;13.2251
1908;04;12;20;4.0;55.6932;13.2251
1908;11;06;7;-6.4;55.6932;13.2251
1908;11;06;13;-2.8;55.6932;13.2251
1908;11;06;20;-5.0;55.6932;13.2251
1909;03;11;7;-1.8;55.6932;13.2251
1909;03;11;13;-1.4;55.6932;13.2251
1909;03;11;20;-2.2;55.6932;13.2251
1909;04;12;7;0.4;55.6932;13.2251
1909;04;12;13;0.9;55.6932;13.2251
1909;04;12;20;-2.0;55.6932;13.2251
1909;11;06;7;0.9;55.6932;13.2251
1909;11;06;13;6.0;55.6932;13.2251
1909;11;06;20;3.4;55.6932;13.2251
1910;03;11;7;5.8;55.6932;13.2251
1910;03;11;13;11.5;55.6932;13.2251
1910;03;11;20;6.7;55.6932;13.2251
1910;04;12;7;4.8;55.6932;13.2251
1910;04;12;13;11.2;55.6932;13.2251
1910;04;12;20;3.7;55.6932;13.2251
1910;11;06;7;-2.6;55.6932;13.2251
1910;11;06;13;3.0;55.6932;13.2251
1910;11;06;20;1.6;55.6932;13.2251
1911;03;11;7;1.1;55.6932;13.2251
1911;03;11;13;6.2;55.6932;13.2251
1911;03;11;20;3.6;55.6932;13.2251
1911;04;12;7;5.2;55.6932;13.2251
1911;04;12;13;5.0;55.6932;13.2251
1911;04;12;20;3.8;55.6932;13.2251
1911;11;06;7;7.4;55.6932;13.2251
1911;11;06;13;6.4;55.6932;13.2251
1911;11;06;20;6.2;55.6932;13.2251
1912;03;11;7;-0.4;55.6932;13.2251
1912;03;11;13;1.8;55.6932;13.2251
1912;03;11;20;1.0;55.6932;13.2251
1912;04;12;7;0.2;55.6932;13.2251
1912;04;12;13;1.0;55.6932;13.2251
1912;04;12;20;-2.2;55.6932;13.2251
1912;11;06;7;-3.3;55.6932;13.2251
1912;11;06;13;1.5;55.6932;13.2251
1912;11;06;20;-1.5;55.6932;13.2251
1913;03;11;7;2.3;55.6932;13.2251
1913;03;11;13;3.6;55.6932;13.2251
1913;03;11;20;3.7;55.6932;13.2251
1913;04;12;7;-2.8;55.6932;13.2251
1913;04;12;13;-0.8;55.6932;13.2251
1913;04;12;20;-2.4;55.6932;13.2251
1913;11;06;7;7.8;55.6932;13.2251
1913;11;06;13;8.1;55.6932;13.2251
1913;11;06;20;7.2;55.6932;13.2251
1914;03;11;7;-5.9;55.6932;13.2251
1914;03;11;13;2.0;55.6932;13.2251
1914;03;11;20;-1.8;55.6932;13.2251
1914;04;12;7;6.2;55.6932;13.2251
1914;04;12;13;10.4;55.6932;13.2251
1914;04;12;20;5.6;55.6932;13.2251
1914;11;06;7;3.1;55.6932;13.2251
1914;11;06;13;3.8;55.6932;13.2251
1914;11;06;20;4.1;55.6932;13.2251
1915;03;11;7;-1.0;55.6932;13.2251
1915;03;11;13;1.3;55.6932;13.2251
1915;03;11;20;0.4;55.6932;13.2251
1915;04;12;7;1.8;55.6932;13.2251
1915;04;12;13;9.8;55.6932;13.2251
1915;04;12;20;4.0;55.6932;13.2251
1915;11;06;7;-0.6;55.6932;13.2251
1915;11;06;13;3.7;55.6932;13.2251
1915;11;06;20;5.8;55.6932;13.2251
1916;03;11;7;-1.0;55.6932;13.2251
1916;03;11;13;-0.6;55.6932;13.2251
1916;03;11;20;-1.2;55.6932;13.2251
1916;04;12;7;4.4;55.6932;13.2251
1916;04;12;13;3.4;55.6932;13.2251
1916;04;12;20;3.0;55.6932;13.2251
1916;11;06;7;6.1;55.6932;13.2251
1916;11;06;13;10.6;55.6932;13.2251
1916;11;06;20;9.4;55.6932;13.2251
1917;03;11;7;-8.2;55.6932;13.2251
1917;03;11;13;-1.1;55.6932;13.2251
1917;03;11;20;-3.9;55.6932;13.2251
1917;04;12;7;0.8;55.6932;13.2251
1917;04;12;13;3.2;55.6932;13.2251
1917;04;12;20;2.2;55.6932;13.2251
1917;11;06;7;5.0;55.6932;13.2251
1917;11;06;13;6.8;55.6932;13.2251
1917;11;06;20;7.3;55.6932;13.2251
1918;03;11;7;1.8;55.6932;13.2251
1918;03;11;13;5.6;55.6932;13.2251
1918;03;11;20;2.3;55.6932;13.2251
1918;04;12;7;6.6;55.6932;13.2251
1918;04;12;13;15.4;55.6932;13.2251
1918;04;12;20;8.1;55.6932;13.2251
1918;11;06;7;9.2;55.6932;13.2251
1918;11;06;13;10.7;55.6932;13.2251
1918;11;06;20;9.2;55.6932;13.2251
1919;03;11;7;6.0;55.6932;13.2251
1919;03;11;13;8.0;55.6932;13.2251
1919;03;11;20;5.9;55.6932;13.2251
1919;04;12;7;7.4;55.6932;13.2251
1919;04;12;13;10.1;55.6932;13.2251
1919;04;12;20;7.1;55.6932;13.2251
1919;11;06;7;-0.2;55.6932;13.2251
1919;11;06;13;0.9;55.6932;13.2251
1919;11;06;20;0.8;55.6932;13.2251
1920;03;11;7;-1.4;55.6932;13.2251
1920;03;11;13;5.0;55.6932;13.2251
1920;03;11;20;-1.0;55.6932;13.2251
1920;04;12;7;6.2;55.6932;13.2251
1920;04;12;13;7.9;55.6932;13.2251
1920;04;12;20;7.0;55.6932;13.2251
1920;11;06;7;1.7;55.6932;13.2251
1920;11;06;13;3.9;55.6932;13.2251
1920;11;06;20;2.0;55.6932;13.2251
1921;03;11;7;1.2;55.6932;13.2251
1921;03;11;13;7.0;55.6932;13.2251
1921;03;11;20;1.3;55.6932;13.2251
1921;04;12;7;5.7;55.6932;13.2251
1921;04;12;13;14.9;55.6932;13.2251
1921;04;12;20;7.9;55.6932;13.2251
1921;11;06;7;-1.8;55.6932;13.2251
1921;11;06;13;1.7;55.6932;13.2251
1921;11;06;20;1.1;55.6932;13.2251
1922;03;11;7;1.0;55.6932;13.2251
1922;03;11;13;3.6;55.6932;13.2251
1922;03;11;20;1.0;55.6932;13.2251
1922;04;12;7;2.4;55.6932;13.2251
1922;04;12;13;6.1;55.6932;13.2251
1922;04;12;20;4.2;55.6932;13.2251
1922;11;06;7;-1.2;55.6932;13.2251
1922;11;06;13;2.6;55.6932;13.2251
1922;11;06;20;3.0;55.6932;13.2251
1923;03;11;7;-0.1;55.6932;13.2251
1923;03;11;13;0.9;55.6932;13.2251
1923;03;11;20;0.5;55.6932;13.2251
1923;04;12;7;7.4;55.6932;13.2251
1923;04;12;13;12.2;55.6932;13.2251
1923;04;12;20;4.7;55.6932;13.2251
1923;11;06;7;3.3;55.6932;13.2251
1923;11;06;13;5.8;55.6932;13.2251
1923;11;06;20;5.1;55.6932;13.2251
1924;03;11;7;-4.0;55.6932;13.2251
1924;03;11;13;0.6;55.6932;13.2251
1924;03;11;20;-4.8;55.6932;13.2251
1924;04;12;7;1.0;55.6932;13.2251
1924;04;12;13;6.2;55.6932;13.2251
1924;04;12;20;0.7;55.6932;13.2251
1924;11;06;7;7.3;55.6932;13.2251
1924;11;06;13;9.0;55.6932;13.2251
1924;11;06;20;4.1;55.6932;13.2251
1925;03;11;7;-9.0;55.6932;13.2251
1925;03;11;13;-4.7;55.6932;13.2251
1925;03;11;20;-7.2;55.6932;13.2251
1925;04;12;7;8.4;55.6932;13.2251
1925;04;12;13;16.2;55.6932;13.2251
1925;04;12;20;6.9;55.6932;13.2251
1925;11;06;7;4.9;55.6932;13.2251
1925;11;06;13;5.7;55.6932;13.2251
1925;11;06;20;4.4;55.6932;13.2251
1926;03;11;7;-1.0;55.6932;13.2251
1926;03;11;13;3.2;55.6932;13.2251
1926;03;11;20;5.3;55.6932;13.2251
1926;04;12;7;4.5;55.6932;13.2251
1926;04;12;13;8.2;55.6932;13.2251
1926;04;12;20;3.0;55.6932;13.2251
1926;11;06;7;7.3;55.6932;13.2251
1926;11;06;13;8.8;55.6932;13.2251
1926;11;06;20;5.8;55.6932;13.2251
1927;03;11;7;2.5;55.6932;13.2251
1927;03;11;13;5.4;55.6932;13.2251
1927;03;11;20;3.2;55.6932;13.2251
1927;04;12;7;2.7;55.6932;13.2251
1927;04;12;13;6.0;55.6932;13.2251
1927;04;12;20;3.7;55.6932;13.2251
1927;11;06;7;7.2;55.6932;13.2251
1927;11;06;13;7.4;55.6932;13.2251
1927;11;06;20;5.8;55.6932;13.2251
1928;03;11;7;-3.1;55.6932;13.2251
1928;03;11;13;-2.0;55.6932;13.2251
1928;03;11;20;-6.0;55.6932;13.2251
1928;04;12;7;2.7;55.6932;13.2251
1928;04;12;13;5.2;55.6932;13.2251
1928;04;12;20;-0.6;55.6932;13.2251
1928;11;06;7;4.0;55.6932;13.2251
1928;11;06;13;4.3;55.6932;13.2251
1928;11;06;20;3.9;55.6932;13.2251
1929;03;11;7;0.2;55.6932;13.2251
1929;03;11;13;3.0;55.6932;13.2251
1929;03;11;20;0.4;55.6932;13.2251
1929;04;12;7;1.0;55.6932;13.2251
1929;04;12;13;7.4;55.6932;13.2251
1929;04;12;20;1.0;55.6932;13.2251
1929;11;06;7;4.1;55.6932;13.2251
1929;11;06;13;7.7;55.6932;13.2251
1929;11;06;20;3.2;55.6932;13.2251
1930;03;11;7;0.7;55.6932;13.2251
1930;03;11;13;3.2;55.6932;13.2251
1930;03;11;20;0.2;55.6932;13.2251
1930;04;12;7;7.5;55.6932;13.2251
1930;04;12;13;13.4;55.6932;13.2251
1930;04;12;20;6.5;55.6932;13.2251
1930;11;06;7;5.7;55.6932;13.2251
1930;11;06;13;7.2;55.6932;13.2251
1930;11;06;20;5.9;55.6932;13.2251
1931;03;11;7;-7.0;55.6932;13.2251
1931;03;11;13;-4.4;55.6932;13.2251
1931;03;11;20;-8.6;55.6932;13.2251
1931;04;12;7;2.5;55.6932;13.2251
1931;04;12;13;4.2;55.6932;13.2251
1931;04;12;20;2.3;55.6932;13.2251
1931;11;06;7;7.7;55.6932;13.2251
1931;11;06;13;11.3;55.6932;13.2251
1931;11;06;20;7.8;55.6932;13.2251
1932;03;11;7;-13.5;55.6932;13.2251
1932;03;11;13;-6.8;55.6932;13.2251
1932;03;11;20;-9.9;55.6932;13.2251
1932;04;12;7;4.5;55.6932;13.2251
1932;04;12;13;9.6;55.6932;13.2251
1932;04;12;20;4.7;55.6932;13.2251
1932;11;06;7;1.9;55.6932;13.2251
1932;11;06;13;6.0;55.6932;13.2251
1932;11;06;20;2.1;55.6932;13.2251
1933;03;11;7;3.0;55.6932;13.2251
1933;03;11;13;5.4;55.6932;13.2251
1933;03;11;20;3.0;55.6932;13.2251
1933;04;12;7;9.6;55.6932;13.2251
1933;04;12;13;15.7;55.6932;13.2251
1933;04;12;20;10.4;55.6932;13.2251
1933;11;06;7;7.6;55.6932;13.2251
1933;11;06;13;9.2;55.6932;13.2251
1933;11;06;20;7.7;55.6932;13.2251
1934;03;11;7;1.3;55.6932;13.2251
1934;03;11;13;4.6;55.6932;13.2251
1934;03;11;20;2.4;55.6932;13.2251
1934;04;12;7;1.8;55.6932;13.2251
1934;04;12;13;6.7;55.6932;13.2251
1934;04;12;20;1.7;55.6932;13.2251
1934;11;06;7;8.0;55.6932;13.2251
1934;11;06;13;10.0;55.6932;13.2251
1934;11;06;20;8.9;55.6932;13.2251
1935;03;11;7;-3.3;55.6932;13.2251
1935;03;11;13;7.5;55.6932;13.2251
1935;03;11;20;3.4;55.6932;13.2251
1935;04;12;7;5.8;55.6932;13.2251
1935;04;12;13;7.2;55.6932;13.2251
1935;04;12;20;6.0;55.6932;13.2251
1935;11;06;7;3.9;55.6932;13.2251
1935;11;06;13;4.8;55.6932;13.2251
1935;11;06;20;5.7;55.6932;13.2251
1936;03;11;7;0.7;55.6932;13.2251
1936;03;11;13;1.4;55.6932;13.2251
1936;03;11;20;0.8;55.6932;13.2251
1936;04;12;7;2.9;55.6932;13.2251
1936;04;12;13;4.5;55.6932;13.2251
1936;04;12;20;2.0;55.6932;13.2251
1936;11;06;7;8.2;55.6932;13.2251
1936;11;06;13;10.0;55.6932;13.2251
1936;11;06;20;7.8;55.6932;13.2251
1937;03;11;7;-1.3;55.6932;13.2251
1937;03;11;13;0.8;55.6932;13.2251
1937;03;11;20;0.4;55.6932;13.2251
1937;04;12;7;4.9;55.6932;13.2251
1937;04;12;13;5.5;55.6932;13.2251
1937;04;12;20;4.0;55.6932;13.2251
1937;11;06;7;7.8;55.6932;13.2251
1937;11;06;13;8.1;55.6932;13.2251
1937;11;06;20;8.2;55.6932;13.2251
1938;03;11;7;1.7;55.6932;13.2251
1938;03;11;13;7.0;55.6932;13.2251
1938;03;11;20;0.9;55.6932;13.2251
1938;04;12;7;5.7;55.6932;13.2251
1938;04;12;13;13.5;55.6932;13.2251
1938;04;12;20;7.8;55.6932;13.2251
1938;11;06;7;6.0;55.6932;13.2251
1938;11;06;13;7.7;55.6932;13.2251
1938;11;06;20;10.7;55.6932;13.2251
1939;03;11;7;-1.4;55.6932;13.2251
1939;03;11;13;3.3;55.6932;13.2251
1939;03;11;20;0.7;55.6932;13.2251
1939;04;12;7;6.0;55.6932;13.2251
1939;04;12;13;13.5;55.6932;13.2251
1939;04;12;20;6.6;55.6932;13.2251
1939;11;06;7;6.5;55.6932;13.2251
1939;11;06;13;9.7;55.6932;13.2251
1939;11;06;20;8.0;55.6932;13.2251
1940;03;11;7;-0.1;55.6932;13.2251
1940;03;11;13;1.7;55.6932;13.2251
1940;03;11;20;2.7;55.6932;13.2251
1940;04;12;7;-1.0;55.6932;13.2251
1940;04;12;13;4.8;55.6932;13.2251
1940;04;12;20;-0.2;55.6932;13.2251
1940;11;06;7;3.4;55.6932;13.2251
1940;11;06;13;6.5;55.6932;13.2251
1940;11;06;20;3.7;55.6932;13.2251
1941;03;11;7;0.2;55.6932;13.2251
1941;03;11;13;4.2;55.6932;13.2251
1941;03;11;18;0.7;55.6932;13.2251
1941;04;12;7;2.3;55.6932;13.2251
1941;04;12;13;4.9;55.6932;13.2251
1941;04;12;18;5.0;55.6932;13.2251
1941;11;06;7;4.0;55.6932;13.2251
1941;11;06;13;5.7;55.6932;13.2251
1941;11;06;18;6.8;55.6932;13.2251
1942;03;11;7;-0.4;55.6932;13.2251
1942;03;11;13;0.3;55.6932;13.2251
1942;03;11;18;-6.1;55.6932;13.2251
1942;04;12;7;3.9;55.6932;13.2251
1942;04;12;13;10.5;55.6932;13.2251
1942;04;12;18;6.7;55.6932;13.2251
1942;11;06;7;5.4;55.6932;13.2251
1942;11;06;13;6.5;55.6932;13.2251
1942;11;06;18;6.3;55.6932;13.2251
1943;03;11;7;5.1;55.6932;13.2251
1943;03;11;13;6.7;55.6932;13.2251
1943;03;11;18;4.6;55.6932;13.2251
1943;04;12;7;6.3;55.6932;13.2251
1943;04;12;13;11.3;55.6932;13.2251
1943;04;12;18;8.0;55.6932;13.2251
1943;11;06;7;3.3;55.6932;13.2251
1943;11;06;13;3.6;55.6932;13.2251
1943;11;06;18;3.7;55.6932;13.2251
1944;03;11;7;3.8;55.6932;13.2251
1944;03;11;13;4.7;55.6932;13.2251
1944;03;11;18;2.0;55.6932;13.2251
1944;04;12;7;6.8;55.6932;13.2251
1944;04;12;13;12.6;55.6932;13.2251
1944;04;12;18;10.2;55.6932;13.2251
1944;11;06;7;4.5;55.6932;13.2251
1944;11;06;13;8.3;55.6932;13.2251
1944;11;06;18;3.7;55.6932;13.2251
1945;03;11;7;0.7;55.6932;13.2251
1945;03;11;13;4.5;55.6932;13.2251
1945;03;11;18;3.1;55.6932;13.2251
1945;04;12;7;5.0;55.6932;13.2251
1945;04;12;13;11.0;55.6932;13.2251
1945;04;12;18;7.2;55.6932;13.2251
1945;11;06;7;5.9;55.6932;13.2251
1945;11;06;13;5.1;55.6932;13.2251
1945;11;06;18;5.3;55.6932;13.2251
1946;03;11;7;0.0;55.6932;13.2251
1946;03;11;13;0.7;55.6932;13.2251
1946;03;11;18;0.0;55.6932;13.2251
1946;04;12;7;5.3;55.6932;13.2251
1946;04;12;13;7.9;55.6932;13.2251
1946;04;12;18;5.9;55.6932;13.2251
1946;11;06;7;6.2;55.6932;13.2251
1946;11;06;13;6.5;55.6932;13.2251
1946;11;06;18;5.7;55.6932;13.2251
1947;03;11;6;-8.4;55.6932;13.2251
1947;03;11;12;-5.0;55.6932;13.2251
1947;03;11;18;-7.0;55.6932;13.2251
1947;04;12;6;4.0;55.6932;13.2251
1947;04;12;12;7.9;55.6932;13.2251
1947;04;12;18;7.2;55.6932;13.2251
1947;11;06;6;6.1;55.6932;13.2251
1947;11;06;12;6.8;55.6932;13.2251
1947;11;06;18;4.3;55.6932;13.2251
1948;03;11;6;2.7;55.6932;13.2251
1948;03;11;12;8.1;55.6932;13.2251
1948;03;11;18;4.0;55.6932;13.2251
1948;04;12;6;4.2;55.6932;13.2251
1948;04;12;12;6.5;55.6932;13.2251
1948;04;12;18;6.0;55.6932;13.2251
1948;11;06;6;7.6;55.6932;13.2251
1948;11;06;12;7.2;55.6932;13.2251
1948;11;06;18;4.4;55.6932;13.2251
1949;03;11;6;-1.9;55.6932;13.2251
1949;03;11;12;2.0;55.6932;13.2251
1949;03;11;18;-0.6;55.6932;13.2251
1949;04;12;6;6.4;55.6932;13.2251
1949;04;12;12;8.4;55.6932;13.2251
1949;04;12;18;8.9;55.6932;13.2251
1949;11;06;6;5.0;55.6932;13.2251
1949;11;06;12;5.6;55.6932;13.2251
1949;11;06;18;5.3;55.6932;13.2251
1950;03;11;6;2.6;55.6932;13.2251
1950;03;11;12;5.9;55.6932;13.2251
1950;03;11;18;4.0;55.6932;13.2251
1950;04;12;6;4.9;55.6932;13.2251
1950;04;12;12;7.1;55.6932;13.2251
1950;04;12;18;5.6;55.6932;13.2251
1950;11;06;6;3.4;55.6932;13.2251
1950;11;06;12;4.0;55.6932;13.2251
1950;11;06;18;0.0;55.6932;13.2251
1951;03;11;6;-1.9;55.6932;13.2251
1951;03;11;12;0.0;55.6932;13.2251
1951;03;11;18;-2.4;55.6932;13.2251
1951;04;12;6;3.0;55.6932;13.2251
1951;04;12;12;7.0;55.6932;13.2251
1951;04;12;18;5.9;55.6932;13.2251
1951;11;06;6;7.9;55.6932;13.2251
1951;11;06;12;7.9;55.6932;13.2251
1951;11;06;18;6.2;55.6932;13.2251
1952;03;11;6;1.2;55.6932;13.2251
1952;03;11;12;5.1;55.6932;13.2251
1952;03;11;18;3.7;55.6932;13.2251
1952;04;12;6;8.9;55.6932;13.2251
1952;04;12;12;18.3;55.6932;13.2251
1952;04;12;18;15.4;55.6932;13.2251
1952;11;06;6;5.8;55.6932;13.2251
1952;11;06;12;7.5;55.6932;13.2251
1952;11;06;18;4.0;55.6932;13.2251
1953;03;11;6;1.0;55.6932;13.2251
1953;03;11;12;4.0;55.6932;13.2251
1953;03;11;18;2.3;55.6932;13.2251
1953;04;12;6;6.0;55.6932;13.2251
1953;04;12;12;13.7;55.6932;13.2251
1953;04;12;18;11.0;55.6932;13.2251
1953;11;06;6;6.8;55.6932;13.2251
1953;11;06;12;7.6;55.6932;13.2251
1953;11;06;18;7.3;55.6932;13.2251
1954;03;11;6;-1.0;55.6932;13.2251
1954;03;11;12;0.9;55.6932;13.2251
1954;03;11;18;0.1;55.6932;13.2251
1954;04;12;6;1.0;55.6932;13.2251
1954;04;12;12;5.7;55.6932;13.2251
1954;04;12;18;5.4;55.6932;13.2251
1954;11;06;6;3.6;55.6932;13.2251
1954;11;06;12;7.9;55.6932;13.2251
1954;11;06;18;5.9;55.6932;13.2251
1955;03;11;6;-4.8;55.6932;13.2251
1955;03;11;12;0.3;55.6932;13.2251
1955;03;11;18;-1.7;55.6932;13.2251
1955;04;12;6;1.0;55.6932;13.2251
1955;04;12;12;5.0;55.6932;13.2251
1955;04;12;18;4.3;55.6932;13.2251
1955;11;06;6;8.3;55.6932;13.2251
1955;11;06;12;9.5;55.6932;13.2251
1955;11;06;18;9.2;55.6932;13.2251
1956;03;11;6;-4.7;55.6932;13.2251
1956;03;11;12;-2.1;55.6932;13.2251
1956;03;11;18;0.6;55.6932;13.2251
1956;04;12;6;2.5;55.6932;13.2251
1956;04;12;12;5.1;55.6932;13.2251
1956;04;12;18;4.5;55.6932;13.2251
1956;11;06;6;1.6;55.6932;13.2251
1956;11;06;12;5.5;55.6932;13.2251
1956;11;06;18;2.5;55.6932;13.2251
1961;03;11;6;4.8;55.6932;13.2251
1961;03;11;12;8.3;55.6932;13.2251
1961;03;11;18;6.4;55.6932;13.2251
1961;04;12;6;4.4;55.6932;13.2251
1961;04;12;12;12.3;55.6932;13.2251
1961;04;12;18;10.9;55.6932;13.2251
1961;11;06;6;0.8;55.6932;13.2251
1961;11;06;12;5.3;55.6932;13.2251
1961;11;06;18;3.1;55.6932;13.2251
1962;03;11;6;2.6;55.6932;13.2251
1962;03;11;12;1.8;55.6932;13.2251
1962;03;11;18;0.0;55.6932;13.2251
1962;04;12;6;5.4;55.6932;13.2251
1962;04;12;12;11.1;55.6932;13.2251
1962;04;12;18;7.8;55.6932;13.2251
1962;11;06;6;8.8;55.6932;13.2251
1962;11;06;12;10.3;55.6932;13.2251
1962;11;06;18;8.2;55.6932;13.2251
1963;03;11;6;0.8;55.6932;13.2251
1963;03;11;12;2.1;55.6932;13.2251
1963;03;11;18;1.5;55.6932;13.2251
1963;04;12;6;6.0;55.6932;13.2251
1963;04;12;12;12.0;55.6932;13.2251
1963;04;12;18;7.9;55.6932;13.2251
1963;11;06;6;7.8;55.6932;13.2251
1963;11;06;12;8.0;55.6932;13.2251
1963;11;06;18;7.8;55.6932;13.2251
1964;03;11;6;-2.8;55.6932;13.2251
1964;03;11;12;0.4;55.6932;13.2251
1964;03;11;18;0.5;55.6932;13.2251
1964;04;12;6;3.4;55.6932;13.2251
1964;04;12;12;11.8;55.6932;13.2251
1964;04;12;18;7.2;55.6932;13.2251
1964;11;06;6;2.8;55.6932;13.2251
1964;11;06;12;5.2;55.6932;13.2251
1964;11;06;18;6.8;55.6932;13.2251
1965;03;11;6;-0.2;55.6932;13.2251
1965;03;11;12;4.8;55.6932;13.2251
1965;03;11;18;1.2;55.6932;13.2251
1965;04;12;6;1.8;55.6932;13.2251
1965;04;12;12;9.0;55.6932;13.2251
1965;04;12;18;6.6;55.6932;13.2251
1965;11;06;6;8.8;55.6932;13.2251
1965;11;06;12;10.0;55.6932;13.2251
1965;11;06;18;6.4;55.6932;13.2251
1966;03;11;6;3.2;55.6932;13.2251
1966;03;11;12;4.3;55.6932;13.2251
1966;03;11;18;2.1;55.6932;13.2251
1966;04;12;6;-4.0;55.6932;13.2251
1966;04;12;12;-0.2;55.6932;13.2251
1966;04;12;18;-1.1;55.6932;13.2251
1966;11;06;6;4.5;55.6932;13.2251
1966;11;06;12;13.3;55.6932;13.2251
1966;11;06;18;8.0;55.6932;13.2251
1967;03;11;6;5.7;55.6932;13.2251
1967;03;11;12;8.9;55.6932;13.2251
1967;03;11;18;5.7;55.6932;13.2251
1967;04;12;6;4.4;55.6932;13.2251
1967;04;12;12;9.3;55.6932;13.2251
1967;04;12;18;9.6;55.6932;13.2251
1967;11;06;6;8.0;55.6932;13.2251
1967;11;06;12;9.3;55.6932;13.2251
1967;11;06;18;6.4;55.6932;13.2251
1968;03;11;6;-3.8;55.6932;13.2251
1968;03;11;12;0.3;55.6932;13.2251
1968;03;11;18;-0.4;55.6932;13.2251
1968;04;12;6;1.1;55.6932;13.2251
1968;04;12;12;6.0;55.6932;13.2251
1968;04;12;18;7.1;55.6932;13.2251
1968;11;06;6;-2.0;55.6932;13.2251
1968;11;06;12;2.0;55.6932;13.2251
1968;11;06;18;1.6;55.6932;13.2251
1969;03;11;6;-0.4;55.6932;13.2251
1969;03;11;12;2.8;55.6932;13.2251
1969;03;11;18;-0.6;55.6932;13.2251
1969;04;12;6;3.7;55.6932;13.2251
1969;04;12;12;6.6;55.6932;13.2251
1969;04;12;18;6.5;55.6932;13.2251
1969;11;06;6;-1.3;55.6932;13.2251
1969;11;06;12;5.9;55.6932;13.2251
1969;11;06;18;5.6;55.6932;13.2251
1970;03;11;6;-1.8;55.6932;13.2251
1970;03;11;12;-0.4;55.6932;13.2251
1970;03;11;18;-1.0;55.6932;13.2251
1970;04;12;6;1.2;55.6932;13.2251
1970;04;12;12;4.9;55.6932;13.2251
1970;04;12;18;3.9;55.6932;13.2251
1970;11;06;6;-1.4;55.6932;13.2251
1970;11;06;12;0.0;55.6932;13.2251
1970;11;06;18;-2.8;55.6932;13.2251
1971;03;11;6;-3.1;55.6932;13.2251
1971;03;11;12;-0.2;55.6932;13.2251
1971;03;11;18;-1.8;55.6932;13.2251
1971;04;12;6;5.1;55.6932;13.2251
1971;04;12;12;12.3;55.6932;13.2251
1971;04;12;18;9.3;55.6932;13.2251
1971;11;06;6;8.0;55.6932;13.2251
1971;11;06;12;10.6;55.6932;13.2251
1971;11;06;18;9.0;55.6932;13.2251
1972;03;11;6;-4.3;55.6932;13.2251
1972;03;11;12;-1.0;55.6932;13.2251
1972;03;11;18;-4.2;55.6932;13.2251
1972;04;12;6;3.5;55.6932;13.2251
1972;04;12;12;9.7;55.6932;13.2251
1972;04;12;18;7.6;55.6932;13.2251
1972;11;06;6;7.3;55.6932;13.2251
1972;11;06;12;9.4;55.6932;13.2251
1972;11;06;18;8.7;55.6932;13.2251
1973;03;11;6;0.6;55.6932;13.2251
1973;03;11;12;4.9;55.6932;13.2251
1973;03;11;18;3.4;55.6932;13.2251
1973;04;12;6;0.4;55.6932;13.2251
1973;04;12;12;4.7;55.6932;13.2251
1973;04;12;18;2.1;55.6932;13.2251
1973;11;06;6;5.2;55.6932;13.2251
1973;11;06;12;5.7;55.6932;13.2251
1973;11;06;18;4.9;55.6932;13.2251
1974;03;11;6;1.3;55.6932;13.2251
1974;03;11;12;2.9;55.6932;13.2251
1974;03;11;18;1.4;55.6932;13.2251
1974;04;12;6;-1.4;55.6932;13.2251
1974;04;12;12;4.9;55.6932;13.2251
1974;04;12;18;3.0;55.6932;13.2251
1974;11;06;6;4.6;55.6932;13.2251
1974;11;06;9;5.8;55.6932;13.2251
1974;11;06;12;6.0;55.6932;13.2251
1974;11;06;15;6.1;55.6932;13.2251
1974;11;06;18;6.0;55.6932;13.2251
1975;03;11;6;3.2;55.6932;13.2251
1975;03;11;9;4.9;55.6932;13.2251
1975;03;11;12;7.2;55.6932;13.2251
1975;03;11;15;6.5;55.6932;13.2251
1975;03;11;18;5.8;55.6932;13.2251
1975;04;12;6;1.0;55.6932;13.2251
1975;04;12;9;4.2;55.6932;13.2251
1975;04;12;12;5.9;55.6932;13.2251
1975;04;12;15;5.0;55.6932;13.2251
1975;04;12;18;5.0;55.6932;13.2251
1975;11;06;6;5.5;55.6932;13.2251
1975;11;06;9;7.2;55.6932;13.2251
1975;11;06;12;8.0;55.6932;13.2251
1975;11;06;15;7.5;55.6932;13.2251
1975;11;06;18;7.2;55.6932;13.2251
1976;03;11;6;-8.4;55.6932;13.2251
1976;03;11;9;-5.5;55.6932;13.2251
1976;03;11;12;-2.8;55.6932;13.2251
1976;03;11;15;-1.4;55.6932;13.2251
1976;03;11;18;-5.4;55.6932;13.2251
1976;04;12;6;4.8;55.6932;13.2251
1976;04;12;9;8.8;55.6932;13.2251
1976;04;12;12;10.4;55.6932;13.2251
1976;04;12;15;8.4;55.6932;13.2251
1976;04;12;18;8.0;55.6932;13.2251
1976;11;06;6;7.4;55.6932;13.2251
1976;11;06;9;8.0;55.6932;13.2251
1976;11;06;12;8.9;55.6932;13.2251
1976;11;06;15;7.8;55.6932;13.2251
1976;11;06;18;6.3;55.6932;13.2251
1977;03;11;6;4.0;55.6932;13.2251
1977;03;11;9;7.6;55.6932;13.2251
1977;03;11;12;7.6;55.6932;13.2251
1977;03;11;15;10.2;55.6932;13.2251
1977;03;11;18;7.2;55.6932;13.2251
1977;04;12;6;0.0;55.6932;13.2251
1977;04;12;9;2.5;55.6932;13.2251
1977;04;12;12;5.8;55.6932;13.2251
1977;04;12;15;7.3;55.6932;13.2251
1977;04;12;18;5.1;55.6932;13.2251
1977;11;06;6;8.6;55.6932;13.2251
1977;11;06;9;9.6;55.6932;13.2251
1977;11;06;12;10.2;55.6932;13.2251
1977;11;06;15;10.2;55.6932;13.2251
1977;11;06;18;8.6;55.6932;13.2251
1978;03;11;6;3.1;55.6932;13.2251
1978;03;11;9;5.4;55.6932;13.2251
1978;03;11;12;7.8;55.6932;13.2251
1978;03;11;15;8.1;55.6932;13.2251
1978;03;11;18;3.5;55.6932;13.2251
1978;04;12;6;2.4;55.6932;13.2251
1978;04;12;9;5.0;55.6932;13.2251
1978;04;12;12;4.5;55.6932;13.2251
1978;04;12;15;3.8;55.6932;13.2251
1978;04;12;18;3.4;55.6932;13.2251
1978;11;06;6;11.0;55.6932;13.2251
1978;11;06;9;11.0;55.6932;13.2251
1978;11;06;12;11.5;55.6932;13.2251
1978;11;06;15;11.4;55.6932;13.2251
1978;11;06;18;10.8;55.6932;13.2251
1979;03;11;6;-0.3;55.6932;13.2251
1979;03;11;9;-0.4;55.6932;13.2251
1979;03;11;12;3.1;55.6932;13.2251
1979;03;11;15;3.0;55.6932;13.2251
1979;03;11;18;0.8;55.6932;13.2251
1979;04;12;6;6.1;55.6932;13.2251
1979;04;12;9;10.8;55.6932;13.2251
1979;04;12;12;12.0;55.6932;13.2251
1979;04;12;15;13.4;55.6932;13.2251
1979;04;12;18;10.8;55.6932;13.2251
1979;11;06;6;4.9;55.6932;13.2251
1979;11;06;9;5.6;55.6932;13.2251
1979;11;06;12;5.6;55.6932;13.2251
1979;11;06;15;4.6;55.6932;13.2251
1979;11;06;18;5.2;55.6932;13.2251
1980;03;11;6;-0.2;55.6932;13.2251
1980;03;11;12;0.4;55.6932;13.2251
1980;03;11;18;0.4;55.6932;13.2251
1980;04;12;6;3.2;55.6932;13.2251
1980;04;12;12;11.4;55.6932;13.2251
1980;04;12;18;8.5;55.6932;13.2251
1980;11;06;6;0.2;55.6932;13.2251
1980;11;06;12;3.4;55.6932;13.2251
1980;11;06;18;0.6;55.6932;13.2251
1981;03;11;6;0.0;55.6932;13.2251
1981;03;11;12;0.4;55.6932;13.2251
1981;03;11;18;0.3;55.6932;13.2251
1981;04;12;6;7.7;55.6932;13.2251
1981;04;12;12;16.4;55.6932;13.2251
1981;04;12;18;13.9;55.6932;13.2251
1981;11;06;6;2.4;55.6932;13.2251
1981;11;06;12;5.6;55.6932;13.2251
1981;11;06;18;1.4;55.6932;13.2251
1982;03;11;6;3.2;55.6932;13.2251
1982;03;11;12;3.8;55.6932;13.2251
1982;03;11;18;3.0;55.6932;13.2251
1982;04;12;6;2.9;55.6932;13.2251
1982;04;12;12;7.0;55.6932;13.2251
1982;04;12;18;4.2;55.6932;13.2251
1982;11;06;6;1.6;55.6932;13.2251
1982;11;06;12;6.0;55.6932;13.2251
1982;11;06;18;2.9;55.6932;13.2251
1983;03;11;6;2.0;55.6932;13.2251
1983;03;11;12;3.4;55.6932;13.2251
1983;03;11;18;0.8;55.6932;13.2251
1983;04;12;6;2.9;55.6932;13.2251
1983;04;12;12;4.3;55.6932;13.2251
1983;04;12;18;4.8;55.6932;13.2251
1983;11;06;6;7.0;55.6932;13.2251
1983;11;06;12;8.6;55.6932;13.2251
1983;11;06;18;8.4;55.6932;13.2251
1984;03;11;6;-1.5;55.6932;13.2251
1984;03;11;12;2.0;55.6932;13.2251
1984;03;11;18;0.8;55.6932;13.2251
1984;04;12;6;3.9;55.6932;13.2251
1984;04;12;12;7.7;55.6932;13.2251
1984;04;12;18;5.8;55.6932;13.2251
1984;11;06;6;6.0;55.6932;13.2251
1984;11;06;12;8.0;55.6932;13.2251
1984;11;06;18;5.9;55.6932;13.2251
1985;03;11;6;-0.6;55.6932;13.2251
1985;03;11;12;0.8;55.6932;13.2251
1985;03;11;18;0.0;55.6932;13.2251
1985;04;12;6;2.7;55.6932;13.2251
1985;04;12;12;7.9;55.6932;13.2251
1985;04;12;18;4.1;55.6932;13.2251
1985;11;06;6;5.4;55.6932;13.2251
1985;11;06;12;5.2;55.6932;13.2251
1985;11;06;18;5.9;55.6932;13.2251
1986;03;11;6;0.4;55.6932;13.2251
1986;03;11;12;1.0;55.6932;13.2251
1986;03;11;18;-0.2;55.6932;13.2251
1986;04;12;6;-1.7;55.6932;13.2251
1986;04;12;12;3.4;55.6932;13.2251
1986;04;12;18;1.2;55.6932;13.2251
1986;11;06;6;6.4;55.6932;13.2251
1986;11;06;12;7.6;55.6932;13.2251
1986;11;06;18;6.2;55.6932;13.2251
1987;03;11;6;-7.0;55.6932;13.2251
1987;03;11;12;1.9;55.6932;13.2251
1987;03;11;18;-2.2;55.6932;13.2251
1987;04;12;6;1.3;55.6932;13.2251
1987;04;12;12;5.4;55.6932;13.2251
1987;04;12;18;3.7;55.6932;13.2251
1987;11;06;6;7.8;55.6932;13.2251
1987;11;06;12;9.0;55.6932;13.2251
1987;11;06;18;6.5;55.6932;13.2251
1988;03;11;6;2.0;55.6932;13.2251
1988;03;11;12;4.1;55.6932;13.2251
1988;03;11;18;2.3;55.6932;13.2251
1988;04;12;6;3.8;55.6932;13.2251
1988;04;12;12;7.2;55.6932;13.2251
1988;04;12;18;4.9;55.6932;13.2251
1988;11;06;6;3.4;55.6932;13.2251
1988;11;06;12;7.1;55.6932;13.2251
1988;11;06;18;7.3;55.6932;13.2251
1989;03;11;6;6.3;55.6932;13.2251
1989;03;11;12;7.8;55.6932;13.2251
1989;03;11;18;5.8;55.6932;13.2251
1989;04;12;6;10.2;55.6932;13.2251
1989;04;12;12;20.3;55.6932;13.2251
1989;04;12;18;16.7;55.6932;13.2251
1989;11;06;6;6.5;55.6932;13.2251
1989;11;06;12;9.0;55.6932;13.2251
1989;11;06;18;8.2;55.6932;13.2251
1990;03;11;6;7.1;55.6932;13.2251
1990;03;11;12;6.3;55.6932;13.2251
1990;03;11;18;7.9;55.6932;13.2251
1990;04;12;6;3.2;55.6932;13.2251
1990;04;12;12;10.2;55.6932;13.2251
1990;04;12;18;8.9;55.6932;13.2251
1990;11;06;6;3.4;55.6932;13.2251
1990;11;06;12;4.5;55.6932;13.2251
1990;11;06;18;3.6;55.6932;13.2251
1991;03;11;6;4.7;55.6932;13.2251
1991;03;11;12;6.2;55.6932;13.2251
1991;03;11;18;4.2;55.6932;13.2251
1991;04;12;6;7.8;55.6932;13.2251
1991;04;12;12;17.4;55.6932;13.2251
1991;04;12;18;13.2;55.6932;13.2251
1991;11;06;6;5.4;55.6932;13.2251
1991;11;06;12;7.1;55.6932;13.2251
1991;11;06;18;5.5;55.6932;13.2251
1992;03;11;6;3.8;55.6932;13.2251
1992;03;11;12;4.1;55.6932;13.2251
1992;03;11;18;3.8;55.6932;13.2251
1992;04;12;6;6.7;55.6932;13.2251
1992;04;12;12;11.2;55.6932;13.2251
1992;04;12;18;11.6;55.6932;13.2251
1992;11;06;6;9.4;55.6932;13.2251
1992;11;06;12;10.0;55.6932;13.2251
1992;11;06;18;10.9;55.6932;13.2251
1993;03;11;6;-2.0;55.6932;13.2251
1993;03;11;12;4.3;55.6932;13.2251
1993;03;11;18;0.2;55.6932;13.2251
1993;04;12;6;-0.8;55.6932;13.2251
1993;04;12;12;4.5;55.6932;13.2251
1993;04;12;18;4.2;55.6932;13.2251
1993;11;06;6;4.0;55.6932;13.2251
1993;11;06;12;6.0;55.6932;13.2251
1993;11;06;18;5.2;55.6932;13.2251
1994;03;11;6;2.2;55.6932;13.2251
1994;03;11;12;7.9;55.6932;13.2251
1994;03;11;18;4.2;55.6932;13.2251
1994;04;12;6;6.1;55.6932;13.2251
1994;04;12;12;14.9;55.6932;13.2251
1994;04;12;18;12.0;55.6932;13.2251
1994;11;06;6;6.4;55.6932;13.2251
1994;11;06;12;8.6;55.6932;13.2251
1994;11;06;18;6.8;55.6932;13.2251
1995;03;11;6;1.8;55.6932;13.2251
1995;03;11;12;5.2;55.6932;13.2251
1995;03;11;18;1.9;55.6932;13.2251
1995;04;12;6;4.0;55.6932;13.2251
1995;04;12;12;8.4;55.6932;13.2251
1995;04;12;18;7.9;55.6932;13.2251
1995;11;06;6;6.5;55.6932;13.2251
1995;11;06;12;10.0;55.6932;13.2251
1995;11;06;18;9.6;55.6932;13.2251
1996;03;11;6;-2.6;55.6932;13.2251
1996;03;11;12;-0.7;55.6932;13.2251
1996;03;11;18;-2.2;55.6932;13.2251
1996;04;12;6;-2.0;55.6932;13.2251
1996;04;12;12;1.5;55.6932;13.2251
1996;04;12;18;1.8;55.6932;13.2251
1996;11;06;6;7.8;55.6932;13.2251
1996;11;06;18;10.5;55.6932;13.2251
1997;03;11;6;0.0;55.6932;13.2251
1997;03;11;18;4.5;55.6932;13.2251
1997;04;12;6;2.7;55.6932;13.2251
1997;04;12;18;4.7;55.6932;13.2251
1997;11;06;6;5.6;55.6932;13.2251
1997;11;06;18;5.8;55.6932;13.2251
1998;03;11;6;-2.0;55.6932;13.2251
1998;03;11;18;0.3;55.6932;13.2251
1998;04;12;6;4.3;55.6932;13.2251
1998;04;12;18;6.9;55.6932;13.2251
1998;11;06;6;6.3;55.6932;13.2251
1998;11;06;18;4.1;55.6932;13.2251
1999;03;11;6;-1.1;55.6932;13.2251
1999;03;11;18;-0.5;55.6932;13.2251
1999;04;12;6;5.9;55.6932;13.2251
1999;04;12;18;6.5;55.6932;13.2251
1999;11;06;6;8.1;55.6932;13.2251
1999;11;06;18;8.2;55.6932;13.2251
2000;03;11;6;0.4;55.6932;13.2251
2000;03;11;18;0.7;55.6932;13.2251
2000;04;12;6;3.5;55.6932;13.2251
2000;04;12;18;6.6;55.6932;13.2251
2000;11;06;6;5.2;55.6932;13.2251
2000;11;06;18;8.8;55.6932;13.2251
2001;03;11;6;5.6;55.6932;13.2251
2001;03;11;18;7.7;55.6932;13.2251
2001;04;12;6;4.1;55.6932;13.2251
2001;04;12;18;3.2;55.6932;13.2251
2001;11;06;6;5.6;55.6932;13.2251
2001;11;06;18;8.6;55.6932;13.2251
2002;03;11;6;6.7;55.6932;13.2251
2002;03;11;18;7.6;55.6932;13.2251
2002;04;12;6;7.9;55.6932;13.2251
2002;04;12;18;9.8;55.6932;13.2251
2002;11;06;6;-2.3;55.6932;13.2251
2002;11;06;18;0.0;55.6932;13.2251
2003;03;11;6;4.5;55.6932;13.2251
2003;03;11;18;6.2;55.6932;13.2251
2003;04;12;6;4.8;55.6932;13.2251
2003;04;12;18;7.4;55.6932;13.2251
2003;11;06;6;7.0;55.6932;13.2251
2003;11;06;18;5.3;55.6932;13.2251
2004;03;11;6;1.7;55.6932;13.2251
2004;03;11;18;1.6;55.6932;13.2251
2004;04;12;6;6.9;55.6932;13.2251
2004;04;12;18;7.4;55.6932;13.2251
2004;11;06;6;5.4;55.6932;13.2251
2004;11;06;18;5.5;55.6932;13.2251
2005;03;11;6;0.6;55.6932;13.2251
2005;03;11;18;2.4;55.6932;13.2251
2005;04;12;6;6.4;55.6932;13.2251
2005;04;12;18;10.7;55.6932;13.2251
2005;11;06;6;7.3;55.6932;13.2251
2005;11;06;18;9.0;55.6932;13.2251
2006;03;11;6;-10.5;55.6932;13.2251
2006;03;11;18;-4.5;55.6932;13.2251
2006;04;12;6;2.6;55.6932;13.2251
2006;04;12;18;4.4;55.6932;13.2251
2006;11;06;6;11.3;55.6932;13.2251
2006;11;06;18;11.7;55.6932;13.2251
2007;03;11;6;7.5;55.6932;13.2251
2007;03;11;18;9.6;55.6932;13.2251
2007;04;12;6;7.2;55.6932;13.2251
2007;04;12;18;11.4;55.6932;13.2251
2007;11;06;6;7.2;55.6932;13.2251
2007;11;06;18;5.2;55.6932;13.2251
2008;03;11;6;5.8;55.6932;13.2251
2008;03;11;18;7.1;55.6932;13.2251
2008;04;12;6;4.8;55.6932;13.2251
2008;04;12;18;8.9;55.6932;13.2251
2008;11;06;6;8.8;55.6932;13.2251
2008;11;06;18;8.6;55.6932;13.2251
2009;03;11;6;1.5;55.6932;13.2251
2009;03;11;18;2.1;55.6932;13.2251
2009;04;12;6;4.8;55.6932;13.2251
2009;04;12;18;9.9;55.6932;13.2251
2009;11;06;6;6.6;55.6932;13.2251
2009;11;06;18;8.3;55.6932;13.2251
2010;03;11;6;-1.2;55.6932;13.2251
2010;03;11;18;0.7;55.6932;13.2251
2010;04;12;6;3.7;55.6932;13.2251
2010;04;12;18;7.0;55.6932;13.2251
2010;11;06;6;6.8;55.6932;13.2251
2010;11;06;18;5.8;55.6932;13.2251
2011;03;11;6;1.7;55.6932;13.2251
2011;03;11;18;3.0;55.6932;13.2251
2011;04;12;6;5.8;55.6932;13.2251
2011;04;12;18;5.1;55.6932;13.2251
2011;11;06;6;8.1;55.6932;13.2251
2011;11;06;18;9.4;55.6932;13.2251
2012;03;11;6;1.4;55.6932;13.2251
2012;03;11;18;7.7;55.6932;13.2251
2012;04;12;6;2.0;55.6932;13.2251
2012;04;12;18;9.3;55.6932;13.2251
2012;11;06;6;1.9;55.6932;13.2251
2012;11;06;18;6.2;55.6932;13.2251
2013;03;11;6;-7.9;55.6932;13.2251
2013;03;11;18;-4.9;55.6932;13.2251
2013;04;12;6;3.5;55.6932;13.2251
2013;04;12;18;5.4;55.6932;13.2251
2013;11;06;6;3.2;55.6932;13.2251
2013;11;06;18;6.0;55.6932;13.2251
2014;03;11;6;-0.5;55.6932;13.2251
2014;03;11;18;6.6;55.6932;13.2251
2014;04;12;6;2.1;55.6932;13.2251
2014;04;12;18;9.4;55.6932;13.2251
2014;11;06;6;8.1;55.6932;13.2251
2014;11;06;18;9.0;55.6932;13.2251
2015;03;11;6;4.0;55.6932;13.2251
2015;03;11;18;6.9;55.6932;13.2251
2015;04;12;6;6.5;55.6932;13.2251
2015;04;12;18;9.7;55.6932;13.2251
2015;11;06;6;10.2;55.6932;13.2251
2015;11;06;18;10.0;55.6932;13.2251
2016;03;11;6;0.5;55.6932;13.2251
2016;03;11;18;2.8;55.6932;13.2251
2016;04;12;6;6.0;55.6932;13.2251
2016;04;12;18;9.6;55.6932;13.2251
2016;11;06;6;4.0;55.6932;13.2251
2016;11;06;18;2.0;55.6932;13.2251
2017;03;11;6;0.5;55.6932;13.2251
2017;03;11;18;2.2;55.6932;13.2251
2017;04;12;6;7.1;55.6932;13.2251
2017;04;12;18;8.0;55.6932;13.2251
2017;11;06;6;2.1;55.6932;13.2251
2017;11;06;18;6.3;55.6932;13.2251
2018;03;11;6;2.0;55.6932;13.2251
2018;03;11;18;2.3;55.6932;13.2251
2018;04;12;6;6.0;55.6932;13.2251
2018;04;12;18;10.0;55.6932;13.2251
2018;11;06;6;8.2;55.6932;13.2251
2018;11;06;18;7.9;55.6932;13.2251
2019;03;11;6;-3.1;55.6932;13.2251
2019;03;11;18;1.2;55.6932;13.2251
2019;04;12;6;1.0;55.6932;13.2251
2019;04;12;18;1.8;55.6932;13.2251
2019;11;06;6;1.6;55.6932;13.2251
2019;11;06;18;3.6;55.6932;13.2251
2020;03;11;6;5.9;55.6932;13.2251
2020;03;11;18;5.9;55.6932;13.2251
2020;04;12;6;9.5;55.6932;13.2251
2020;04;12;18;13.0;55.6932;13.2251
2020;11;06;6;11.2;55.6932;13.2251
2020;11;06;18;11.0;55.6932;13.2251
2021;03;11;6;0.8;55.6932;13.2251
2021;03;11;18;5.7;55.6932;13.2251
2021;04;12;6;3.8;55.6932;13.2251
2021;04;12;18;6.2;55.6932;13.2251
2021;11;06;6;9.5;55.6932;13.2251
2021;11;06;18;9.7;55.6932;13.2251
2022;03;11;6;-0.2;55.6932;13.2251
2022;03;11;18;3.3;55.6932;13.2251
2022;04;12;6;2.9;55.6932;13.2251
2022;04;12;18;7.1;55.6932;13.2251
2022;11;06;6;9.1;55.6932;13.2251
2022;11;06;18;10.3;55.6932;13.2251
2023;03;11;6;-0.8;55.6932;13.2251
2023;03;11;18;0.9;55.6932;13.2251
2023;04;12;6;3.6;55.6932;13.2251
2023;04;12;18;6.8;55.6932;13.2251
