1961;03;11;6;4.0;59.7531;19.4054
1961;03;11;12;6.8;59.7531;19.4054
1961;03;11;18;5.4;59.7531;19.4054
1961;04;12;6;0.7;59.7531;19.4054
1961;04;12;12;2.8;59.7531;19.4054
1961;04;12;18;2.3;59.7531;19.4054
1961;11;06;6;2.6;59.7531;19.4054
1961;11;06;12;7.0;59.7531;19.4054
1961;11;06;18;6.4;59.7531;19.4054
1962;03;11;6;-4.5;59.7531;19.4054
1962;03;11;12;-4.6;59.7531;19.4054
1962;03;11;18;-4.8;59.7531;19.4054
1962;04;12;6;3.0;59.7531;19.4054
1962;04;12;12;2.6;59.7531;19.4054
1962;04;12;18;3.0;59.7531;19.4054
1962;11;06;6;7.2;59.7531;19.4054
1962;11;06;12;8.2;59.7531;19.4054
1962;11;06;18;7.2;59.7531;19.4054
1963;03;11;6;-2.6;59.7531;19.4054
1963;03;11;12;-1.6;59.7531;19.4054
1963;03;11;18;-2.0;59.7531;19.4054
1963;04;12;6;0.9;59.7531;19.4054
1963;04;12;12;1.6;59.7531;19.4054
1963;04;12;18;1.4;59.7531;19.4054
1963;11;06;6;5.2;59.7531;19.4054
1963;11;06;12;5.3;59.7531;19.4054
1963;11;06;18;5.6;59.7531;19.4054
1964;03;11;6;-0.8;59.7531;19.4054
1964;03;11;12;-0.6;59.7531;19.4054
1964;03;11;18;-0.6;59.7531;19.4054
1964;04;12;6;1.7;59.7531;19.4054
1964;04;12;12;2.2;59.7531;19.4054
1964;04;12;18;2.0;59.7531;19.4054
1964;11;06;6;2.3;59.7531;19.4054
1964;11;06;12;4.4;59.7531;19.4054
1964;11;06;18;4.0;59.7531;19.4054
1965;03;11;6;-2.4;59.7531;19.4054
1965;03;11;12;0.4;59.7531;19.4054
1965;03;11;18;-0.2;59.7531;19.4054
1965;04;12;6;1.4;59.7531;19.4054
1965;04;12;12;1.2;59.7531;19.4054
1965;04;12;18;1.1;59.7531;19.4054
1965;11;06;6;6.0;59.7531;19.4054
1965;11;06;12;8.0;59.7531;19.4054
1965;11;06;18;6.6;59.7531;19.4054
1966;03;11;6;-0.3;59.7531;19.4054
1966;03;11;12;0.0;59.7531;19.4054
1966;03;11;18;0.2;59.7531;19.4054
1966;04;12;6;-5.4;59.7531;19.4054
1966;04;12;12;-2.8;59.7531;19.4054
1966;04;12;18;-3.6;59.7531;19.4054
1966;11;06;6;6.0;59.7531;19.4054
1966;11;06;12;7.2;59.7531;19.4054
1966;11;06;18;6.3;59.7531;19.4054
1967;03;11;6;1.9;59.7531;19.4054
1967;03;11;12;3.4;59.7531;19.4054
1967;03;11;18;1.8;59.7531;19.4054
1967;04;12;6;2.4;59.7531;19.4054
1967;04;12;12;4.2;59.7531;19.4054
1967;04;12;18;2.2;59.7531;19.4054
1967;11;06;6;9.6;59.7531;19.4054
1967;11;06;12;9.2;59.7531;19.4054
1967;11;06;18;8.6;59.7531;19.4054
1968;03;11;6;-3.8;59.7531;19.4054
1968;03;11;12;-3.6;59.7531;19.4054
1968;03;11;18;-4.0;59.7531;19.4054
1968;04;12;6;1.4;59.7531;19.4054
1968;04;12;12;2.0;59.7531;19.4054
1968;04;12;18;2.2;59.7531;19.4054
1968;11;06;6;0.2;59.7531;19.4054
1968;11;06;12;3.4;59.7531;19.4054
1968;11;06;18;1.8;59.7531;19.4054
1969;03;11;6;-4.8;59.7531;19.4054
1969;03;11;12;-2.9;59.7531;19.4054
1969;03;11;18;-7.2;59.7531;19.4054
1969;04;12;6;0.0;59.7531;19.4054
1969;04;12;12;2.6;59.7531;19.4054
1969;04;12;18;1.4;59.7531;19.4054
1969;11;06;6;1.0;59.7531;19.4054
1969;11;06;12;2.3;59.7531;19.4054
1969;11;06;18;3.5;59.7531;19.4054
1970;03;11;6;-3.2;59.7531;19.4054
1970;03;11;12;0.0;59.7531;19.4054
1970;03;11;18;-1.0;59.7531;19.4054
1970;04;12;6;-1.7;59.7531;19.4054
1970;04;12;12;-0.9;59.7531;19.4054
1970;04;12;18;-1.3;59.7531;19.4054
1970;11;06;6;-0.6;59.7531;19.4054
1970;11;06;12;0.2;59.7531;19.4054
1970;11;06;18;-1.8;59.7531;19.4054
1971;03;11;6;-3.8;59.7531;19.4054
1971;03;11;12;-3.8;59.7531;19.4054
1971;03;11;18;-5.0;59.7531;19.4054
1971;04;12;6;2.2;59.7531;19.4054
1971;04;12;12;3.0;59.7531;19.4054
1971;04;12;18;1.2;59.7531;19.4054
1971;11;06;6;1.8;59.7531;19.4054
1971;11;06;12;1.0;59.7531;19.4054
1971;11;06;18;-2.0;59.7531;19.4054
1972;03;11;6;-8.0;59.7531;19.4054
1972;03;11;12;-3.5;59.7531;19.4054
1972;03;11;18;-3.6;59.7531;19.4054
1972;04;12;6;2.2;59.7531;19.4054
1972;04;12;12;3.5;59.7531;19.4054
1972;04;12;18;2.0;59.7531;19.4054
1972;11;06;6;4.8;59.7531;19.4054
1972;11;06;12;5.2;59.7531;19.4054
1972;11;06;18;4.4;59.7531;19.4054
1973;03;11;3;0.8;59.7531;19.4054
1973;03;11;6;0.9;59.7531;19.4054
1973;03;11;9;1.2;59.7531;19.4054
1973;03;11;12;2.2;59.7531;19.4054
1973;03;11;15;2.0;59.7531;19.4054
1973;03;11;18;1.4;59.7531;19.4054
1973;04;12;3;0.7;59.7531;19.4054
1973;04;12;6;0.8;59.7531;19.4054
1973;04;12;9;1.4;59.7531;19.4054
1973;04;12;12;1.0;59.7531;19.4054
1973;04;12;15;1.0;59.7531;19.4054
1973;04;12;18;1.0;59.7531;19.4054
1973;11;06;0;7.1;59.7531;19.4054
1973;11;06;3;7.4;59.7531;19.4054
1973;11;06;6;7.2;59.7531;19.4054
1973;11;06;9;6.0;59.7531;19.4054
1973;11;06;12;6.4;59.7531;19.4054
1973;11;06;15;6.3;59.7531;19.4054
1973;11;06;18;5.9;59.7531;19.4054
1973;11;06;21;5.4;59.7531;19.4054
1974;03;11;0;-3.4;59.7531;19.4054
1974;03;11;3;-4.8;59.7531;19.4054
1974;03;11;6;-5.0;59.7531;19.4054
1974;03;11;9;-3.7;59.7531;19.4054
1974;03;11;12;-2.6;59.7531;19.4054
1974;03;11;15;-1.4;59.7531;19.4054
1974;03;11;18;-1.2;59.7531;19.4054
1974;03;11;21;-1.6;59.7531;19.4054
1974;04;12;0;-1.4;59.7531;19.4054
1974;04;12;3;-0.4;59.7531;19.4054
1974;04;12;6;0.5;59.7531;19.4054
1974;04;12;9;0.8;59.7531;19.4054
1974;04;12;12;3.4;59.7531;19.4054
1974;04;12;15;4.0;59.7531;19.4054
1974;04;12;18;2.0;59.7531;19.4054
1974;04;12;21;1.4;59.7531;19.4054
1974;11;06;0;1.0;59.7531;19.4054
1974;11;06;3;0.8;59.7531;19.4054
1974;11;06;6;1.4;59.7531;19.4054
1974;11;06;9;1.2;59.7531;19.4054
1974;11;06;12;1.0;59.7531;19.4054
1974;11;06;15;0.6;59.7531;19.4054
1974;11;06;18;0.3;59.7531;19.4054
1974;11;06;21;0.2;59.7531;19.4054
1975;03;11;0;-1.2;59.7531;19.4054
1975;03;11;3;-1.0;59.7531;19.4054
1975;03;11;6;-1.2;59.7531;19.4054
1975;03;11;9;1.2;59.7531;19.4054
1975;03;11;12;2.3;59.7531;19.4054
1975;03;11;15;1.8;59.7531;19.4054
1975;03;11;18;1.2;59.7531;19.4054
1975;03;11;21;1.0;59.7531;19.4054
1975;04;12;0;0.5;59.7531;19.4054
1975;04;12;3;0.0;59.7531;19.4054
1975;04;12;6;0.2;59.7531;19.4054
1975;04;12;9;2.2;59.7531;19.4054
1975;04;12;12;4.8;59.7531;19.4054
1975;04;12;15;4.2;59.7531;19.4054
1975;04;12;18;2.6;59.7531;19.4054
1975;04;12;21;2.2;59.7531;19.4054
1975;11;06;0;8.6;59.7531;19.4054
1975;11;06;3;8.6;59.7531;19.4054
1975;11;06;6;8.5;59.7531;19.4054
1975;11;06;9;8.4;59.7531;19.4054
1975;11;06;12;8.2;59.7531;19.4054
1975;11;06;15;7.8;59.7531;19.4054
1975;11;06;18;8.4;59.7531;19.4054
1975;11;06;21;7.8;59.7531;19.4054
1976;03;11;0;-4.0;59.7531;19.4054
1976;03;11;3;-3.8;59.7531;19.4054
1976;03;11;6;-5.4;59.7531;19.4054
1976;03;11;9;-4.6;59.7531;19.4054
1976;03;11;12;-4.0;59.7531;19.4054
1976;03;11;15;-3.4;59.7531;19.4054
1976;03;11;18;-3.4;59.7531;19.4054
1976;03;11;21;-3.6;59.7531;19.4054
1976;04;12;0;1.2;59.7531;19.4054
1976;04;12;3;1.2;59.7531;19.4054
1976;04;12;6;1.5;59.7531;19.4054
1976;04;12;9;3.0;59.7531;19.4054
1976;04;12;12;2.6;59.7531;19.4054
1976;04;12;15;1.4;59.7531;19.4054
1976;04;12;18;0.4;59.7531;19.4054
1976;04;12;21;0.2;59.7531;19.4054
1976;11;06;0;6.4;59.7531;19.4054
1976;11;06;3;6.6;59.7531;19.4054
1976;11;06;6;6.2;59.7531;19.4054
1976;11;06;9;6.6;59.7531;19.4054
1976;11;06;12;7.2;59.7531;19.4054
1976;11;06;15;6.4;59.7531;19.4054
1976;11;06;18;6.4;59.7531;19.4054
1976;11;06;21;6.0;59.7531;19.4054
1977;03;11;0;1.2;59.7531;19.4054
1977;03;11;3;1.9;59.7531;19.4054
1977;03;11;6;1.7;59.7531;19.4054
1977;03;11;9;1.6;59.7531;19.4054
1977;03;11;12;2.0;59.7531;19.4054
1977;03;11;15;2.6;59.7531;19.4054
1977;03;11;18;1.0;59.7531;19.4054
1977;03;11;21;1.2;59.7531;19.4054
1977;04;12;0;0.4;59.7531;19.4054
1977;04;12;3;-0.2;59.7531;19.4054
1977;04;12;6;0.4;59.7531;19.4054
1977;04;12;9;0.2;59.7531;19.4054
1977;04;12;12;1.6;59.7531;19.4054
1977;04;12;15;1.8;59.7531;19.4054
1977;04;12;18;1.0;59.7531;19.4054
1977;04;12;21;0.6;59.7531;19.4054
1977;11;06;0;4.6;59.7531;19.4054
1977;11;06;3;4.2;59.7531;19.4054
1977;11;06;6;5.0;59.7531;19.4054
1977;11;06;9;7.0;59.7531;19.4054
1977;11;06;12;7.6;59.7531;19.4054
1977;11;06;15;8.6;59.7531;19.4054
1977;11;06;18;8.4;59.7531;19.4054
1977;11;06;21;7.8;59.7531;19.4054
1978;03;11;0;0.1;59.7531;19.4054
1978;03;11;3;0.3;59.7531;19.4054
1978;03;11;6;0.3;59.7531;19.4054
1978;03;11;9;0.4;59.7531;19.4054
1978;03;11;12;0.0;59.7531;19.4054
1978;03;11;15;0.2;59.7531;19.4054
1978;03;11;18;-0.1;59.7531;19.4054
1978;03;11;21;-0.4;59.7531;19.4054
1978;04;12;0;1.2;59.7531;19.4054
1978;04;12;3;1.2;59.7531;19.4054
1978;04;12;6;1.2;59.7531;19.4054
1978;04;12;9;1.9;59.7531;19.4054
1978;04;12;12;2.0;59.7531;19.4054
1978;04;12;15;2.7;59.7531;19.4054
1978;04;12;18;1.6;59.7531;19.4054
1978;04;12;21;1.2;59.7531;19.4054
1978;11;06;0;9.7;59.7531;19.4054
1978;11;06;3;9.0;59.7531;19.4054
1978;11;06;6;7.5;59.7531;19.4054
1978;11;06;9;7.5;59.7531;19.4054
1978;11;06;12;7.3;59.7531;19.4054
1978;11;06;15;6.9;59.7531;19.4054
1978;11;06;18;6.5;59.7531;19.4054
1978;11;06;21;6.2;59.7531;19.4054
1979;03;11;0;0.0;59.7531;19.4054
1979;03;11;3;0.0;59.7531;19.4054
1979;03;11;6;-0.2;59.7531;19.4054
1979;03;11;9;0.2;59.7531;19.4054
1979;03;11;12;-0.2;59.7531;19.4054
1979;03;11;15;-0.3;59.7531;19.4054
1979;03;11;18;-0.2;59.7531;19.4054
1979;03;11;21;-0.8;59.7531;19.4054
1979;04;12;0;-0.6;59.7531;19.4054
1979;04;12;3;-0.8;59.7531;19.4054
1979;04;12;6;-0.1;59.7531;19.4054
1979;04;12;9;2.4;59.7531;19.4054
1979;04;12;12;6.4;59.7531;19.4054
1979;04;12;15;5.6;59.7531;19.4054
1979;04;12;18;2.0;59.7531;19.4054
1979;04;12;21;3.0;59.7531;19.4054
1979;11;06;0;5.6;59.7531;19.4054
1979;11;06;3;5.3;59.7531;19.4054
1979;11;06;6;5.6;59.7531;19.4054
1979;11;06;9;6.0;59.7531;19.4054
1979;11;06;12;6.1;59.7531;19.4054
1979;11;06;15;5.7;59.7531;19.4054
1979;11;06;18;6.0;59.7531;19.4054
1979;11;06;21;5.2;59.7531;19.4054
1980;03;11;0;-2.8;59.7531;19.4054
1980;03;11;3;-2.0;59.7531;19.4054
1980;03;11;6;-2.4;59.7531;19.4054
1980;03;11;9;-3.7;59.7531;19.4054
1980;03;11;12;-4.7;59.7531;19.4054
1980;03;11;15;-3.6;59.7531;19.4054
1980;03;11;18;-3.1;59.7531;19.4054
1980;03;11;21;-2.3;59.7531;19.4054
1980;04;12;0;3.2;59.7531;19.4054
1980;04;12;3;2.7;59.7531;19.4054
1980;04;12;6;1.9;59.7531;19.4054
1980;04;12;9;3.3;59.7531;19.4054
1980;04;12;12;5.0;59.7531;19.4054
1980;04;12;15;5.8;59.7531;19.4054
1980;04;12;18;3.4;59.7531;19.4054
1980;04;12;21;2.8;59.7531;19.4054
1980;11;06;0;2.8;59.7531;19.4054
1980;11;06;3;1.7;59.7531;19.4054
1980;11;06;6;3.0;59.7531;19.4054
1980;11;06;9;3.3;59.7531;19.4054
1980;11;06;12;5.2;59.7531;19.4054
1980;11;06;15;5.3;59.7531;19.4054
1980;11;06;18;5.1;59.7531;19.4054
1980;11;06;21;5.8;59.7531;19.4054
1981;03;11;0;-2.4;59.7531;19.4054
1981;03;11;3;-3.7;59.7531;19.4054
1981;03;11;6;-4.4;59.7531;19.4054
1981;03;11;9;-6.1;59.7531;19.4054
1981;03;11;12;-2.0;59.7531;19.4054
1981;03;11;15;-7.6;59.7531;19.4054
1981;03;11;18;-8.1;59.7531;19.4054
1981;03;11;21;-7.3;59.7531;19.4054
1981;04;12;0;3.0;59.7531;19.4054
1981;04;12;3;2.0;59.7531;19.4054
1981;04;12;6;3.2;59.7531;19.4054
1981;04;12;9;4.6;59.7531;19.4054
1981;04;12;12;4.6;59.7531;19.4054
1981;04;12;15;3.7;59.7531;19.4054
1981;04;12;18;3.9;59.7531;19.4054
1981;04;12;21;3.8;59.7531;19.4054
1981;11;06;0;4.7;59.7531;19.4054
1981;11;06;3;4.2;59.7531;19.4054
1981;11;06;6;3.8;59.7531;19.4054
1981;11;06;9;2.4;59.7531;19.4054
1981;11;06;12;2.2;59.7531;19.4054
1981;11;06;15;4.2;59.7531;19.4054
1981;11;06;18;2.2;59.7531;19.4054
1981;11;06;21;2.5;59.7531;19.4054
1982;03;11;0;0.4;59.7531;19.4054
1982;03;11;3;0.2;59.7531;19.4054
1982;03;11;6;0.1;59.7531;19.4054
1982;03;11;9;0.2;59.7531;19.4054
1982;03;11;12;-0.2;59.7531;19.4054
1982;03;11;15;-0.2;59.7531;19.4054
1982;03;11;18;-0.1;59.7531;19.4054
1982;03;11;21;0.1;59.7531;19.4054
1982;04;12;0;-0.2;59.7531;19.4054
1982;04;12;3;-0.3;59.7531;19.4054
1982;04;12;6;-1.2;59.7531;19.4054
1982;04;12;9;-1.0;59.7531;19.4054
1982;04;12;12;0.8;59.7531;19.4054
1982;04;12;15;-0.8;59.7531;19.4054
1982;04;12;18;-0.5;59.7531;19.4054
1982;04;12;21;-1.2;59.7531;19.4054
1982;11;06;0;0.4;59.7531;19.4054
1982;11;06;3;1.3;59.7531;19.4054
1982;11;06;6;1.6;59.7531;19.4054
1982;11;06;9;2.4;59.7531;19.4054
1982;11;06;12;3.2;59.7531;19.4054
1982;11;06;15;3.6;59.7531;19.4054
1982;11;06;18;3.2;59.7531;19.4054
1982;11;06;21;2.9;59.7531;19.4054
1983;03;11;0;-3.2;59.7531;19.4054
1983;03;11;3;-3.5;59.7531;19.4054
1983;03;11;6;-5.0;59.7531;19.4054
1983;03;11;9;-4.6;59.7531;19.4054
1983;03;11;12;-4.2;59.7531;19.4054
1983;03;11;15;-3.8;59.7531;19.4054
1983;03;11;18;-2.4;59.7531;19.4054
1983;03;11;21;-2.1;59.7531;19.4054
1983;04;12;0;0.3;59.7531;19.4054
1983;04;12;3;-0.6;59.7531;19.4054
1983;04;12;6;0.2;59.7531;19.4054
1983;04;12;9;0.8;59.7531;19.4054
1983;04;12;12;1.6;59.7531;19.4054
1983;04;12;15;1.6;59.7531;19.4054
1983;04;12;18;1.4;59.7531;19.4054
1983;04;12;21;1.8;59.7531;19.4054
1983;11;06;0;7.3;59.7531;19.4054
1983;11;06;3;7.4;59.7531;19.4054
1983;11;06;6;7.3;59.7531;19.4054
1983;11;06;9;7.8;59.7531;19.4054
1983;11;06;12;8.8;59.7531;19.4054
1983;11;06;15;9.2;59.7531;19.4054
1983;11;06;18;8.4;59.7531;19.4054
1983;11;06;21;8.1;59.7531;19.4054
1984;03;11;0;-0.4;59.7531;19.4054
1984;03;11;3;-0.4;59.7531;19.4054
1984;03;11;6;-1.0;59.7531;19.4054
1984;03;11;9;-1.5;59.7531;19.4054
1984;03;11;12;-1.4;59.7531;19.4054
1984;03;11;15;-0.2;59.7531;19.4054
1984;03;11;18;-0.4;59.7531;19.4054
1984;03;11;21;0.0;59.7531;19.4054
1984;04;12;0;-0.1;59.7531;19.4054
1984;04;12;3;0.7;59.7531;19.4054
1984;04;12;6;0.7;59.7531;19.4054
1984;04;12;9;3.1;59.7531;19.4054
1984;04;12;12;5.4;59.7531;19.4054
1984;04;12;15;3.3;59.7531;19.4054
1984;04;12;18;3.8;59.7531;19.4054
1984;04;12;21;3.2;59.7531;19.4054
1984;11;06;0;7.8;59.7531;19.4054
1984;11;06;3;7.6;59.7531;19.4054
1984;11;06;6;7.6;59.7531;19.4054
1984;11;06;9;7.7;59.7531;19.4054
1984;11;06;12;7.8;59.7531;19.4054
1984;11;06;15;7.4;59.7531;19.4054
1984;11;06;18;7.5;59.7531;19.4054
1984;11;06;21;7.1;59.7531;19.4054
1985;03;11;0;-1.2;59.7531;19.4054
1985;03;11;3;-0.4;59.7531;19.4054
1985;03;11;6;-1.5;59.7531;19.4054
1985;03;11;9;-1.0;59.7531;19.4054
1985;03;11;12;1.0;59.7531;19.4054
1985;03;11;15;1.1;59.7531;19.4054
1985;03;11;18;-3.8;59.7531;19.4054
1985;03;11;21;-5.1;59.7531;19.4054
1985;04;12;0;-3.7;59.7531;19.4054
1985;04;12;3;-4.3;59.7531;19.4054
1985;04;12;6;-4.2;59.7531;19.4054
1985;04;12;9;0.5;59.7531;19.4054
1985;04;12;12;1.0;59.7531;19.4054
1985;04;12;15;0.7;59.7531;19.4054
1985;04;12;18;-1.9;59.7531;19.4054
1985;04;12;21;-3.4;59.7531;19.4054
1985;11;06;0;6.6;59.7531;19.4054
1985;11;06;3;7.0;59.7531;19.4054
1985;11;06;6;6.8;59.7531;19.4054
1985;11;06;9;6.5;59.7531;19.4054
1985;11;06;12;6.6;59.7531;19.4054
1985;11;06;15;6.4;59.7531;19.4054
1985;11;06;18;5.9;59.7531;19.4054
1985;11;06;21;5.4;59.7531;19.4054
1986;03;11;0;-0.3;59.7531;19.4054
1986;03;11;3;-0.2;59.7531;19.4054
1986;03;11;6;-0.4;59.7531;19.4054
1986;03;11;9;-0.3;59.7531;19.4054
1986;03;11;12;-0.4;59.7531;19.4054
1986;03;11;15;-0.9;59.7531;19.4054
1986;03;11;18;-1.5;59.7531;19.4054
1986;03;11;21;-1.4;59.7531;19.4054
1986;04;12;0;-2.5;59.7531;19.4054
1986;04;12;3;-2.8;59.7531;19.4054
1986;04;12;6;-2.9;59.7531;19.4054
1986;04;12;9;-1.4;59.7531;19.4054
1986;04;12;12;0.3;59.7531;19.4054
1986;04;12;15;0.2;59.7531;19.4054
1986;04;12;18;0.4;59.7531;19.4054
1986;04;12;21;0.4;59.7531;19.4054
1986;11;06;0;5.5;59.7531;19.4054
1986;11;06;3;5.4;59.7531;19.4054
1986;11;06;6;5.0;59.7531;19.4054
1986;11;06;9;4.0;59.7531;19.4054
1986;11;06;12;3.9;59.7531;19.4054
1986;11;06;15;4.0;59.7531;19.4054
1986;11;06;18;4.8;59.7531;19.4054
1986;11;06;21;4.0;59.7531;19.4054
1987;03;11;0;-7.6;59.7531;19.4054
1987;03;11;3;-7.4;59.7531;19.4054
1987;03;11;6;-9.0;59.7531;19.4054
1987;03;11;9;-7.3;59.7531;19.4054
1987;03;11;12;-3.1;59.7531;19.4054
1987;03;11;15;-2.6;59.7531;19.4054
1987;03;11;18;-5.0;59.7531;19.4054
1987;03;11;21;-6.2;59.7531;19.4054
1987;04;12;0;0.4;59.7531;19.4054
1987;04;12;3;0.3;59.7531;19.4054
1987;04;12;6;1.0;59.7531;19.4054
1987;04;12;9;1.4;59.7531;19.4054
1987;04;12;12;1.6;59.7531;19.4054
1987;04;12;15;1.4;59.7531;19.4054
1987;04;12;18;0.6;59.7531;19.4054
1987;04;12;21;0.4;59.7531;19.4054
1987;11;06;0;7.3;59.7531;19.4054
1987;11;06;3;7.5;59.7531;19.4054
1987;11;06;6;7.3;59.7531;19.4054
1987;11;06;9;7.5;59.7531;19.4054
1987;11;06;12;8.0;59.7531;19.4054
1987;11;06;15;6.4;59.7531;19.4054
1987;11;06;18;5.1;59.7531;19.4054
1987;11;06;21;3.8;59.7531;19.4054
1988;03;11;0;-0.8;59.7531;19.4054
1988;03;11;3;0.6;59.7531;19.4054
1988;03;11;6;0.6;59.7531;19.4054
1988;03;11;9;0.3;59.7531;19.4054
1988;03;11;12;0.4;59.7531;19.4054
1988;03;11;15;0.5;59.7531;19.4054
1988;03;11;18;0.4;59.7531;19.4054
1988;03;11;21;-0.7;59.7531;19.4054
1988;04;12;0;-0.3;59.7531;19.4054
1988;04;12;3;-0.8;59.7531;19.4054
1988;04;12;6;-1.2;59.7531;19.4054
1988;04;12;9;-0.4;59.7531;19.4054
1988;04;12;12;1.4;59.7531;19.4054
1988;04;12;15;0.0;59.7531;19.4054
1988;04;12;18;0.5;59.7531;19.4054
1988;04;12;21;1.1;59.7531;19.4054
1988;11;06;0;3.7;59.7531;19.4054
1988;11;06;3;3.9;59.7531;19.4054
1988;11;06;6;2.6;59.7531;19.4054
1988;11;06;9;2.5;59.7531;19.4054
1988;11;06;12;3.2;59.7531;19.4054
1988;11;06;15;2.5;59.7531;19.4054
1988;11;06;18;2.0;59.7531;19.4054
1988;11;06;21;2.3;59.7531;19.4054
1989;03;11;0;2.6;59.7531;19.4054
1989;03;11;3;2.7;59.7531;19.4054
1989;03;11;6;2.8;59.7531;19.4054
1989;03;11;9;3.0;59.7531;19.4054
1989;03;11;12;2.9;59.7531;19.4054
1989;03;11;15;2.5;59.7531;19.4054
1989;03;11;18;2.6;59.7531;19.4054
1989;03;11;21;2.1;59.7531;19.4054
1989;04;12;0;2.7;59.7531;19.4054
1989;04;12;3;2.4;59.7531;19.4054
1989;04;12;6;1.9;59.7531;19.4054
1989;04;12;9;4.7;59.7531;19.4054
1989;04;12;12;3.6;59.7531;19.4054
1989;04;12;15;4.5;59.7531;19.4054
1989;04;12;18;4.7;59.7531;19.4054
1989;04;12;21;4.7;59.7531;19.4054
1989;11;06;0;7.4;59.7531;19.4054
1989;11;06;3;6.7;59.7531;19.4054
1989;11;06;6;6.2;59.7531;19.4054
1989;11;06;9;5.6;59.7531;19.4054
1989;11;06;12;6.9;59.7531;19.4054
1989;11;06;15;7.0;59.7531;19.4054
1989;11;06;18;7.8;59.7531;19.4054
1989;11;06;21;8.0;59.7531;19.4054
1990;03;11;0;0.9;59.7531;19.4054
1990;03;11;3;-0.5;59.7531;19.4054
1990;03;11;6;-1.4;59.7531;19.4054
1990;03;11;9;-1.0;59.7531;19.4054
1990;03;11;12;0.1;59.7531;19.4054
1990;03;11;15;-1.1;59.7531;19.4054
1990;03;11;18;-0.2;59.7531;19.4054
1990;03;11;21;0.3;59.7531;19.4054
1990;04;12;0;3.1;59.7531;19.4054
1990;04;12;3;2.7;59.7531;19.4054
1990;04;12;6;3.2;59.7531;19.4054
1990;04;12;9;4.9;59.7531;19.4054
1990;04;12;12;6.3;59.7531;19.4054
1990;04;12;15;5.6;59.7531;19.4054
1990;04;12;18;3.9;59.7531;19.4054
1990;04;12;21;3.3;59.7531;19.4054
1990;11;06;0;5.4;59.7531;19.4054
1990;11;06;3;5.4;59.7531;19.4054
1990;11;06;6;5.4;59.7531;19.4054
1990;11;06;9;7.5;59.7531;19.4054
1990;11;06;12;7.2;59.7531;19.4054
1990;11;06;15;6.9;59.7531;19.4054
1990;11;06;18;6.8;59.7531;19.4054
1990;11;06;21;7.0;59.7531;19.4054
1991;03;11;0;1.4;59.7531;19.4054
1991;03;11;3;1.2;59.7531;19.4054
1991;03;11;6;1.2;59.7531;19.4054
1991;03;11;9;1.7;59.7531;19.4054
1991;03;11;12;2.4;59.7531;19.4054
1991;03;11;15;2.4;59.7531;19.4054
1991;03;11;18;2.3;59.7531;19.4054
1991;03;11;21;2.1;59.7531;19.4054
1991;04;12;0;4.0;59.7531;19.4054
1991;04;12;3;3.8;59.7531;19.4054
1991;04;12;6;4.0;59.7531;19.4054
1991;04;12;9;6.0;59.7531;19.4054
1991;04;12;12;6.3;59.7531;19.4054
1991;04;12;15;6.8;59.7531;19.4054
1991;04;12;18;5.4;59.7531;19.4054
1991;04;12;21;4.0;59.7531;19.4054
1991;11;06;0;6.7;59.7531;19.4054
1991;11;06;3;5.0;59.7531;19.4054
1991;11;06;6;4.2;59.7531;19.4054
1991;11;06;9;4.8;59.7531;19.4054
1991;11;06;12;5.7;59.7531;19.4054
1991;11;06;15;5.5;59.7531;19.4054
1991;11;06;18;5.2;59.7531;19.4054
1991;11;06;21;4.9;59.7531;19.4054
1992;03;11;0;3.3;59.7531;19.4054
1992;03;11;3;3.7;59.7531;19.4054
1992;03;11;6;3.6;59.7531;19.4054
1992;03;11;9;3.4;59.7531;19.4054
1992;03;11;12;3.1;59.7531;19.4054
1992;03;11;15;3.0;59.7531;19.4054
1992;03;11;18;3.2;59.7531;19.4054
1992;03;11;21;3.0;59.7531;19.4054
1992;04;12;0;1.1;59.7531;19.4054
1992;04;12;3;1.0;59.7531;19.4054
1992;04;12;6;2.0;59.7531;19.4054
1992;04;12;9;2.5;59.7531;19.4054
1992;04;12;12;2.7;59.7531;19.4054
1992;04;12;15;3.1;59.7531;19.4054
1992;04;12;18;3.4;59.7531;19.4054
1992;04;12;21;2.2;59.7531;19.4054
1992;11;06;0;2.5;59.7531;19.4054
1992;11;06;3;1.8;59.7531;19.4054
1992;11;06;6;2.0;59.7531;19.4054
1992;11;06;9;3.6;59.7531;19.4054
1992;11;06;12;4.0;59.7531;19.4054
1992;11;06;15;4.2;59.7531;19.4054
1992;11;06;18;5.3;59.7531;19.4054
1992;11;06;21;5.9;59.7531;19.4054
1993;03;11;0;-0.1;59.7531;19.4054
1993;03;11;3;-0.6;59.7531;19.4054
1993;03;11;6;-2.7;59.7531;19.4054
1993;03;11;9;-1.3;59.7531;19.4054
1993;03;11;12;1.0;59.7531;19.4054
1993;03;11;15;1.2;59.7531;19.4054
1993;03;11;18;1.0;59.7531;19.4054
1993;03;11;21;0.6;59.7531;19.4054
1993;04;12;0;0.3;59.7531;19.4054
1993;04;12;3;0.5;59.7531;19.4054
1993;04;12;6;0.9;59.7531;19.4054
1993;04;12;9;1.8;59.7531;19.4054
1993;04;12;12;2.5;59.7531;19.4054
1993;04;12;15;2.3;59.7531;19.4054
1993;04;12;18;1.5;59.7531;19.4054
1993;04;12;21;0.1;59.7531;19.4054
1993;11;06;0;3.2;59.7531;19.4054
1993;11;06;3;2.9;59.7531;19.4054
1993;11;06;6;2.8;59.7531;19.4054
1993;11;06;9;2.8;59.7531;19.4054
1993;11;06;12;2.8;59.7531;19.4054
1993;11;06;15;3.0;59.7531;19.4054
1993;11;06;18;3.1;59.7531;19.4054
1993;11;06;21;3.1;59.7531;19.4054
1994;03;11;0;2.0;59.7531;19.4054
1994;03;11;3;1.4;59.7531;19.4054
1994;03;11;6;0.3;59.7531;19.4054
1994;03;11;9;1.1;59.7531;19.4054
1994;03;11;12;1.7;59.7531;19.4054
1994;03;11;15;4.0;59.7531;19.4054
1994;03;11;18;3.3;59.7531;19.4054
1994;03;11;21;2.7;59.7531;19.4054
1994;04;12;0;2.5;59.7531;19.4054
1994;04;12;3;2.4;59.7531;19.4054
1994;04;12;6;2.8;59.7531;19.4054
1994;04;12;9;5.6;59.7531;19.4054
1994;04;12;12;5.8;59.7531;19.4054
1994;04;12;15;5.1;59.7531;19.4054
1994;04;12;18;2.3;59.7531;19.4054
1994;04;12;21;2.2;59.7531;19.4054
1994;11;06;0;7.0;59.7531;19.4054
1994;11;06;3;6.6;59.7531;19.4054
1994;11;06;6;5.8;59.7531;19.4054
1994;11;06;9;5.8;59.7531;19.4054
1994;11;06;12;6.0;59.7531;19.4054
1994;11;06;15;6.7;59.7531;19.4054
1994;11;06;18;6.4;59.7531;19.4054
1994;11;06;21;6.0;59.7531;19.4054
1995;03;11;0;1.1;59.7531;19.4054
1995;03;11;3;0.8;59.7531;19.4054
1995;03;11;6;1.0;59.7531;19.4054
1995;03;11;9;1.3;59.7531;19.4054
1995;03;11;12;1.8;59.7531;19.4054
1995;03;11;15;1.6;59.7531;19.4054
1995;03;11;18;1.1;59.7531;19.4054
1995;03;11;21;1.5;59.7531;19.4054
1995;04;12;0;1.9;59.7531;19.4054
1995;04;12;3;0.3;59.7531;19.4054
1995;04;12;6;0.2;59.7531;19.4054
1995;04;12;9;0.3;59.7531;19.4054
1995;04;12;12;1.9;59.7531;19.4054
1995;04;12;15;3.0;59.7531;19.4054
1995;04;12;18;1.9;59.7531;19.4054
1995;04;12;21;2.1;59.7531;19.4054
1996;03;11;0;-2.1;59.7531;19.4054
1996;03;11;3;-2.3;59.7531;19.4054
1996;03;11;6;-2.3;59.7531;19.4054
1996;03;11;9;-1.6;59.7531;19.4054
1996;03;11;12;-2.0;59.7531;19.4054
1996;03;11;15;-2.0;59.7531;19.4054
1996;03;11;18;-2.2;59.7531;19.4054
1996;03;11;21;-3.0;59.7531;19.4054
1996;04;12;0;-0.5;59.7531;19.4054
1996;04;12;3;-0.6;59.7531;19.4054
1996;04;12;6;-1.2;59.7531;19.4054
1996;04;12;9;0.4;59.7531;19.4054
1996;04;12;12;1.8;59.7531;19.4054
1996;04;12;15;1.7;59.7531;19.4054
1996;04;12;18;0.8;59.7531;19.4054
1996;04;12;21;0.0;59.7531;19.4054
1996;11;06;0;9.0;59.7531;19.4054
1996;11;06;3;8.3;59.7531;19.4054
1996;11;06;6;8.0;59.7531;19.4054
1996;11;06;9;7.1;59.7531;19.4054
1996;11;06;12;7.4;59.7531;19.4054
1996;11;06;15;8.0;59.7531;19.4054
1996;11;06;18;7.9;59.7531;19.4054
1996;11;06;21;8.4;59.7531;19.4054
1997;03;11;0;2.5;59.7531;19.4054
1997;03;11;3;2.5;59.7531;19.4054
1997;03;11;6;1.7;59.7531;19.4054
1997;03;11;9;2.9;59.7531;19.4054
1997;03;11;12;5.4;59.7531;19.4054
1997;03;11;15;5.7;59.7531;19.4054
1997;03;11;18;4.1;59.7531;19.4054
1997;03;11;21;3.3;59.7531;19.4054
1997;04;12;0;-1.4;59.7531;19.4054
1997;04;12;6;-1.0;59.7531;19.4054
1997;04;12;9;-1.0;59.7531;19.4054
1997;04;12;12;-0.9;59.7531;19.4054
1997;04;12;15;-1.3;59.7531;19.4054
1997;04;12;18;-0.8;59.7531;19.4054
1997;04;12;21;-0.6;59.7531;19.4054
1997;11;06;0;3.7;59.7531;19.4054
1997;11;06;3;3.9;59.7531;19.4054
1997;11;06;6;3.4;59.7531;19.4054
1997;11;06;9;4.2;59.7531;19.4054
1997;11;06;12;5.4;59.7531;19.4054
1997;11;06;15;5.5;59.7531;19.4054
1997;11;06;18;5.3;59.7531;19.4054
1997;11;06;21;5.2;59.7531;19.4054
1998;03;11;0;-2.8;59.7531;19.4054
1998;03;11;3;-2.1;59.7531;19.4054
1998;03;11;6;-1.8;59.7531;19.4054
1998;03;11;9;-1.0;59.7531;19.4054
1998;03;11;12;-0.3;59.7531;19.4054
1998;03;11;15;-0.1;59.7531;19.4054
1998;03;11;18;0.1;59.7531;19.4054
1998;03;11;21;-0.2;59.7531;19.4054
1998;04;12;0;0.9;59.7531;19.4054
1998;04;12;3;0.4;59.7531;19.4054
1998;04;12;6;0.2;59.7531;19.4054
1998;04;12;9;-0.5;59.7531;19.4054
1998;04;12;12;-0.1;59.7531;19.4054
1998;04;12;15;0.2;59.7531;19.4054
1998;04;12;18;-0.1;59.7531;19.4054
1998;04;12;21;-0.2;59.7531;19.4054
1998;11;06;0;2.3;59.7531;19.4054
1998;11;06;3;2.0;59.7531;19.4054
1998;11;06;6;1.8;59.7531;19.4054
1998;11;06;9;3.1;59.7531;19.4054
1998;11;06;12;3.4;59.7531;19.4054
1998;11;06;15;3.4;59.7531;19.4054
1998;11;06;18;3.2;59.7531;19.4054
1998;11;06;21;3.4;59.7531;19.4054
1999;03;11;0;-3.3;59.7531;19.4054
1999;03;11;3;-4.1;59.7531;19.4054
1999;03;11;6;-4.5;59.7531;19.4054
1999;03;11;9;-4.2;59.7531;19.4054
1999;03;11;12;-3.6;59.7531;19.4054
1999;03;11;15;-3.6;59.7531;19.4054
1999;03;11;18;-3.1;59.7531;19.4054
1999;03;11;21;-2.7;59.7531;19.4054
1999;04;12;0;1.7;59.7531;19.4054
1999;04;12;3;1.5;59.7531;19.4054
1999;04;12;6;1.5;59.7531;19.4054
1999;04;12;9;3.0;59.7531;19.4054
1999;04;12;12;2.7;59.7531;19.4054
1999;04;12;15;2.4;59.7531;19.4054
1999;04;12;18;2.0;59.7531;19.4054
1999;04;12;21;2.3;59.7531;19.4054
1999;11;06;0;7.4;59.7531;19.4054
1999;11;06;3;7.7;59.7531;19.4054
1999;11;06;6;7.3;59.7531;19.4054
1999;11;06;9;7.3;59.7531;19.4054
1999;11;06;12;7.3;59.7531;19.4054
1999;11;06;15;6.9;59.7531;19.4054
1999;11;06;18;7.0;59.7531;19.4054
1999;11;06;21;6.7;59.7531;19.4054
2000;03;11;0;-0.6;59.7531;19.4054
2000;03;11;3;-1.6;59.7531;19.4054
2000;03;11;6;-0.7;59.7531;19.4054
2000;03;11;9;-0.6;59.7531;19.4054
2000;03;11;12;-0.8;59.7531;19.4054
2000;03;11;15;-1.1;59.7531;19.4054
2000;03;11;18;-1.1;59.7531;19.4054
2000;03;11;21;-0.7;59.7531;19.4054
2000;04;12;0;2.0;59.7531;19.4054
2000;04;12;3;1.8;59.7531;19.4054
2000;04;12;6;2.3;59.7531;19.4054
2000;04;12;9;2.7;59.7531;19.4054
2000;04;12;12;2.2;59.7531;19.4054
2000;04;12;15;2.6;59.7531;19.4054
2000;04;12;18;2.6;59.7531;19.4054
2000;04;12;21;3.7;59.7531;19.4054
2000;11;06;0;5.5;59.7531;19.4054
2000;11;06;3;4.5;59.7531;19.4054
2000;11;06;6;4.9;59.7531;19.4054
2000;11;06;9;6.8;59.7531;19.4054
2000;11;06;12;7.6;59.7531;19.4054
2000;11;06;15;7.8;59.7531;19.4054
2000;11;06;18;7.3;59.7531;19.4054
2000;11;06;21;7.9;59.7531;19.4054
2001;03;11;0;1.3;59.7531;19.4054
2001;03;11;3;1.6;59.7531;19.4054
2001;03;11;6;1.8;59.7531;19.4054
2001;03;11;9;2.9;59.7531;19.4054
2001;03;11;12;2.7;59.7531;19.4054
2001;03;11;15;2.8;59.7531;19.4054
2001;03;11;18;1.9;59.7531;19.4054
2001;03;11;21;1.4;59.7531;19.4054
2001;04;12;0;1.0;59.7531;19.4054
2001;04;12;3;1.1;59.7531;19.4054
2001;04;12;6;1.2;59.7531;19.4054
2001;04;12;9;2.5;59.7531;19.4054
2001;04;12;12;4.2;59.7531;19.4054
2001;04;12;15;2.8;59.7531;19.4054
2001;04;12;18;1.1;59.7531;19.4054
2001;04;12;21;1.7;59.7531;19.4054
2001;11;06;0;2.9;59.7531;19.4054
2001;11;06;3;3.1;59.7531;19.4054
2001;11;06;6;4.2;59.7531;19.4054
2001;11;06;9;5.8;59.7531;19.4054
2001;11;06;12;5.5;59.7531;19.4054
2001;11;06;15;5.5;59.7531;19.4054
2001;11;06;18;5.2;59.7531;19.4054
2001;11;06;21;5.2;59.7531;19.4054
2002;03;11;0;1.0;59.7531;19.4054
2002;03;11;3;1.7;59.7531;19.4054
2002;03;11;6;1.1;59.7531;19.4054
2002;03;11;9;2.2;59.7531;19.4054
2002;03;11;12;4.0;59.7531;19.4054
2002;03;11;15;4.8;59.7531;19.4054
2002;03;11;18;4.2;59.7531;19.4054
2002;03;11;21;3.4;59.7531;19.4054
2002;04;12;0;3.5;59.7531;19.4054
2002;04;12;3;3.0;59.7531;19.4054
2002;04;12;6;3.5;59.7531;19.4054
2002;04;12;9;5.1;59.7531;19.4054
2002;04;12;12;5.2;59.7531;19.4054
2002;04;12;15;5.5;59.7531;19.4054
2002;04;12;18;4.8;59.7531;19.4054
2002;04;12;21;4.6;59.7531;19.4054
2002;11;06;0;3.9;59.7531;19.4054
2002;11;06;3;3.9;59.7531;19.4054
2002;11;06;6;4.0;59.7531;19.4054
2002;11;06;9;4.5;59.7531;19.4054
2002;11;06;12;4.5;59.7531;19.4054
2002;11;06;15;3.4;59.7531;19.4054
2002;11;06;18;3.8;59.7531;19.4054
2002;11;06;21;4.0;59.7531;19.4054
2003;03;11;0;3.9;59.7531;19.4054
2003;03;11;3;1.9;59.7531;19.4054
2003;03;11;6;2.2;59.7531;19.4054
2003;03;11;9;1.6;59.7531;19.4054
2003;03;11;12;2.4;59.7531;19.4054
2003;03;11;15;2.2;59.7531;19.4054
2003;03;11;18;2.0;59.7531;19.4054
2003;03;11;21;1.2;59.7531;19.4054
2003;04;12;0;1.4;59.7531;19.4054
2003;04;12;3;1.4;59.7531;19.4054
2003;04;12;6;1.2;59.7531;19.4054
2003;04;12;9;1.2;59.7531;19.4054
2003;04;12;12;1.4;59.7531;19.4054
2003;04;12;15;1.6;59.7531;19.4054
2003;04;12;18;1.3;59.7531;19.4054
2003;04;12;21;1.4;59.7531;19.4054
2003;11;06;0;7.9;59.7531;19.4054
2003;11;06;3;7.6;59.7531;19.4054
2003;11;06;6;8.0;59.7531;19.4054
2003;11;06;9;8.6;59.7531;19.4054
2003;11;06;12;8.3;59.7531;19.4054
2003;11;06;15;7.7;59.7531;19.4054
2003;11;06;18;6.8;59.7531;19.4054
2003;11;06;21;6.3;59.7531;19.4054
2004;03;11;0;-2.2;59.7531;19.4054
2004;03;11;3;-2.5;59.7531;19.4054
2004;03;11;6;-2.4;59.7531;19.4054
2004;03;11;9;-0.9;59.7531;19.4054
2004;03;11;12;-1.0;59.7531;19.4054
2004;03;11;15;-0.1;59.7531;19.4054
2004;03;11;18;-0.6;59.7531;19.4054
2004;03;11;21;-2.3;59.7531;19.4054
2004;04;12;0;2.1;59.7531;19.4054
2004;04;12;3;1.8;59.7531;19.4054
2004;04;12;6;1.1;59.7531;19.4054
2004;04;12;9;2.7;59.7531;19.4054
2004;04;12;12;3.0;59.7531;19.4054
2004;04;12;15;2.8;59.7531;19.4054
2004;04;12;18;2.8;59.7531;19.4054
2004;04;12;21;2.6;59.7531;19.4054
2004;11;06;0;5.7;59.7531;19.4054
2004;11;06;3;5.3;59.7531;19.4054
2004;11;06;6;4.2;59.7531;19.4054
2004;11;06;9;4.7;59.7531;19.4054
2004;11;06;12;6.3;59.7531;19.4054
2004;11;06;15;6.8;59.7531;19.4054
2004;11;06;18;7.8;59.7531;19.4054
2004;11;06;21;7.2;59.7531;19.4054
2005;03;11;0;0.1;59.7531;19.4054
2005;03;11;3;0.3;59.7531;19.4054
2005;03;11;6;0.2;59.7531;19.4054
2005;03;11;9;-0.2;59.7531;19.4054
2005;03;11;12;-0.9;59.7531;19.4054
2005;03;11;15;-1.9;59.7531;19.4054
2005;03;11;18;-2.2;59.7531;19.4054
2005;03;11;21;-3.6;59.7531;19.4054
2005;04;12;0;5.3;59.7531;19.4054
2005;04;12;3;4.3;59.7531;19.4054
2005;04;12;6;4.3;59.7531;19.4054
2005;04;12;9;6.6;59.7531;19.4054
2005;04;12;12;9.3;59.7531;19.4054
2005;04;12;15;6.5;59.7531;19.4054
2005;04;12;18;5.6;59.7531;19.4054
2005;04;12;21;6.9;59.7531;19.4054
2005;11;06;0;8.1;59.7531;19.4054
2005;11;06;3;8.1;59.7531;19.4054
2005;11;06;6;8.5;59.7531;19.4054
2005;11;06;9;9.0;59.7531;19.4054
2005;11;06;12;8.8;59.7531;19.4054
2005;11;06;15;8.2;59.7531;19.4054
2005;11;06;18;8.5;59.7531;19.4054
2005;11;06;21;8.4;59.7531;19.4054
2006;03;11;0;-7.7;59.7531;19.4054
2006;03;11;3;-8.3;59.7531;19.4054
2006;03;11;6;-8.1;59.7531;19.4054
2006;03;11;9;-7.7;59.7531;19.4054
2006;03;11;12;-6.7;59.7531;19.4054
2006;03;11;15;-5.5;59.7531;19.4054
2006;03;11;18;-5.3;59.7531;19.4054
2006;03;11;21;-5.0;59.7531;19.4054
2006;04;12;0;0.8;59.7531;19.4054
2006;04;12;3;0.4;59.7531;19.4054
2006;04;12;6;1.4;59.7531;19.4054
2006;04;12;9;2.9;59.7531;19.4054
2006;04;12;12;3.4;59.7531;19.4054
2006;04;12;15;0.9;59.7531;19.4054
2006;04;12;18;1.7;59.7531;19.4054
2006;04;12;21;1.5;59.7531;19.4054
2006;11;06;0;3.1;59.7531;19.4054
2006;11;06;3;4.3;59.7531;19.4054
2006;11;06;6;5.7;59.7531;19.4054
2006;11;06;9;5.5;59.7531;19.4054
2006;11;06;12;6.6;59.7531;19.4054
2006;11;06;15;6.9;59.7531;19.4054
2006;11;06;18;6.7;59.7531;19.4054
2006;11;06;21;6.7;59.7531;19.4054
2007;03;11;0;3.2;59.7531;19.4054
2007;03;11;3;2.5;59.7531;19.4054
2007;03;11;6;2.3;59.7531;19.4054
2007;03;11;9;3.4;59.7531;19.4054
2007;03;11;12;5.9;59.7531;19.4054
2007;03;11;15;5.3;59.7531;19.4054
2007;03;11;18;4.8;59.7531;19.4054
2007;03;11;21;3.1;59.7531;19.4054
2007;04;12;0;4.0;59.7531;19.4054
2007;04;12;3;2.9;59.7531;19.4054
2007;04;12;6;2.6;59.7531;19.4054
2007;04;12;9;3.6;59.7531;19.4054
2007;04;12;12;4.7;59.7531;19.4054
2007;04;12;15;4.5;59.7531;19.4054
2007;04;12;18;3.4;59.7531;19.4054
2007;04;12;21;4.2;59.7531;19.4054
2007;11;06;0;7.3;59.7531;19.4054
2007;11;06;3;7.0;59.7531;19.4054
2007;11;06;6;6.9;59.7531;19.4054
2007;11;06;9;6.7;59.7531;19.4054
2007;11;06;12;6.7;59.7531;19.4054
2007;11;06;15;6.2;59.7531;19.4054
2007;11;06;18;6.0;59.7531;19.4054
2007;11;06;21;5.4;59.7531;19.4054
2008;03;11;0;3.7;59.7531;19.4054
2008;03;11;3;3.6;59.7531;19.4054
2008;03;11;6;3.7;59.7531;19.4054
2008;03;11;9;4.2;59.7531;19.4054
2008;03;11;12;4.1;59.7531;19.4054
2008;03;11;15;4.0;59.7531;19.4054
2008;03;11;18;4.0;59.7531;19.4054
2008;03;11;21;4.5;59.7531;19.4054
2008;04;12;0;1.4;59.7531;19.4054
2008;04;12;3;1.9;59.7531;19.4054
2008;04;12;6;2.5;59.7531;19.4054
2008;04;12;9;3.0;59.7531;19.4054
2008;04;12;12;3.7;59.7531;19.4054
2008;04;12;15;4.0;59.7531;19.4054
2008;04;12;18;3.8;59.7531;19.4054
2008;04;12;21;4.0;59.7531;19.4054
2008;11;06;0;7.1;59.7531;19.4054
2008;11;06;3;6.5;59.7531;19.4054
2008;11;06;6;5.9;59.7531;19.4054
2008;11;06;9;5.8;59.7531;19.4054
2008;11;06;12;5.5;59.7531;19.4054
2008;11;06;15;5.5;59.7531;19.4054
2008;11;06;18;6.0;59.7531;19.4054
2008;11;06;21;5.8;59.7531;19.4054
2009;03;11;0;-1.4;59.7531;19.4054
2009;03;11;3;-1.0;59.7531;19.4054
2009;03;11;6;-0.7;59.7531;19.4054
2009;03;11;9;-0.3;59.7531;19.4054
2009;03;11;12;0.2;59.7531;19.4054
2009;03;11;15;0.1;59.7531;19.4054
2009;03;11;18;0.0;59.7531;19.4054
2009;03;11;21;-0.2;59.7531;19.4054
2009;04;12;0;4.5;59.7531;19.4054
2009;04;12;3;4.5;59.7531;19.4054
2009;04;12;6;4.9;59.7531;19.4054
2009;04;12;9;6.3;59.7531;19.4054
2009;04;12;12;6.4;59.7531;19.4054
2009;04;12;15;3.7;59.7531;19.4054
2009;04;12;18;1.7;59.7531;19.4054
2009;04;12;21;2.3;59.7531;19.4054
2009;11;06;0;6.2;59.7531;19.4054
2009;11;06;3;5.9;59.7531;19.4054
2009;11;06;6;5.5;59.7531;19.4054
2009;11;06;9;5.6;59.7531;19.4054
2009;11;06;12;5.7;59.7531;19.4054
2009;11;06;15;5.7;59.7531;19.4054
2009;11;06;18;5.9;59.7531;19.4054
2009;11;06;21;6.2;59.7531;19.4054
2010;03;11;0;-2.6;59.7531;19.4054
2010;03;11;3;-3.1;59.7531;19.4054
2010;03;11;6;-3.5;59.7531;19.4054
2010;03;11;9;-1.8;59.7531;19.4054
2010;03;11;12;-0.3;59.7531;19.4054
2010;03;11;15;1.1;59.7531;19.4054
2010;03;11;18;0.1;59.7531;19.4054
2010;03;11;21;0.0;59.7531;19.4054
2010;04;12;0;-0.7;59.7531;19.4054
2010;04;12;3;-0.1;59.7531;19.4054
2010;04;12;6;0.0;59.7531;19.4054
2010;04;12;9;0.8;59.7531;19.4054
2010;04;12;12;2.0;59.7531;19.4054
2010;04;12;15;1.6;59.7531;19.4054
2010;04;12;18;2.3;59.7531;19.4054
2010;04;12;21;1.0;59.7531;19.4054
2010;11;06;0;3.5;59.7531;19.4054
2010;11;06;1;3.4;59.7531;19.4054
2010;11;06;2;3.8;59.7531;19.4054
2010;11;06;3;3.8;59.7531;19.4054
2010;11;06;4;4.5;59.7531;19.4054
2010;11;06;5;5.1;59.7531;19.4054
2010;11;06;6;4.3;59.7531;19.4054
2010;11;06;7;3.7;59.7531;19.4054
2010;11;06;8;3.8;59.7531;19.4054
2010;11;06;9;3.7;59.7531;19.4054
2010;11;06;10;3.7;59.7531;19.4054
2010;11;06;11;3.8;59.7531;19.4054
2010;11;06;12;3.7;59.7531;19.4054
2010;11;06;13;4.0;59.7531;19.4054
2010;11;06;14;4.1;59.7531;19.4054
2010;11;06;15;3.9;59.7531;19.4054
2010;11;06;16;3.5;59.7531;19.4054
2010;11;06;17;3.5;59.7531;19.4054
2010;11;06;18;3.2;59.7531;19.4054
2010;11;06;19;2.9;59.7531;19.4054
2010;11;06;20;2.6;59.7531;19.4054
2010;11;06;21;2.4;59.7531;19.4054
2010;11;06;22;2.2;59.7531;19.4054
2010;11;06;23;2.0;59.7531;19.4054
2011;03;11;0;1.2;59.7531;19.4054
2011;03;11;1;1.2;59.7531;19.4054
2011;03;11;2;1.3;59.7531;19.4054
2011;03;11;3;1.1;59.7531;19.4054
2011;03;11;4;0.7;59.7531;19.4054
2011;03;11;5;0.7;59.7531;19.4054
2011;03;11;6;0.8;59.7531;19.4054
2011;03;11;7;0.5;59.7531;19.4054
2011;03;11;8;-0.3;59.7531;19.4054
2011;03;11;9;0.1;59.7531;19.4054
2011;03;11;10;0.2;59.7531;19.4054
2011;03;11;11;0.7;59.7531;19.4054
2011;03;11;12;1.1;59.7531;19.4054
2011;03;11;13;1.4;59.7531;19.4054
2011;03;11;14;1.8;59.7531;19.4054
2011;03;11;15;1.6;59.7531;19.4054
2011;03;11;16;1.6;59.7531;19.4054
2011;03;11;17;0.4;59.7531;19.4054
2011;03;11;18;-0.2;59.7531;19.4054
2011;03;11;19;-0.7;59.7531;19.4054
2011;03;11;20;-0.5;59.7531;19.4054
2011;03;11;21;-0.2;59.7531;19.4054
2011;03;11;22;0.6;59.7531;19.4054
2011;03;11;23;0.5;59.7531;19.4054
2011;04;12;0;0.0;59.7531;19.4054
2011;04;12;1;0.3;59.7531;19.4054
2011;04;12;2;0.6;59.7531;19.4054
2011;04;12;3;0.9;59.7531;19.4054
2011;04;12;4;0.9;59.7531;19.4054
2011;04;12;5;1.1;59.7531;19.4054
2011;04;12;6;1.3;59.7531;19.4054
2011;04;12;7;1.6;59.7531;19.4054
2011;04;12;8;1.8;59.7531;19.4054
2011;04;12;9;1.7;59.7531;19.4054
2011;04;12;10;2.0;59.7531;19.4054
2011;04;12;11;2.4;59.7531;19.4054
2011;04;12;12;2.2;59.7531;19.4054
2011;04;12;13;2.5;59.7531;19.4054
2011;04;12;14;1.7;59.7531;19.4054
2011;04;12;15;1.6;59.7531;19.4054
2011;04;12;16;1.6;59.7531;19.4054
2011;04;12;17;1.5;59.7531;19.4054
2011;04;12;18;1.4;59.7531;19.4054
2011;04;12;19;1.5;59.7531;19.4054
2011;04;12;20;1.4;59.7531;19.4054
2011;04;12;21;1.2;59.7531;19.4054
2011;04;12;22;1.3;59.7531;19.4054
2011;04;12;23;1.3;59.7531;19.4054
2011;11;06;0;8.4;59.7531;19.4054
2011;11;06;1;8.5;59.7531;19.4054
2011;11;06;2;8.5;59.7531;19.4054
2011;11;06;3;8.8;59.7531;19.4054
2011;11;06;4;8.5;59.7531;19.4054
2011;11;06;5;8.6;59.7531;19.4054
2011;11;06;6;8.8;59.7531;19.4054
2011;11;06;7;8.8;59.7531;19.4054
2011;11;06;8;8.6;59.7531;19.4054
2011;11;06;9;8.5;59.7531;19.4054
2011;11;06;10;8.5;59.7531;19.4054
2011;11;06;11;8.6;59.7531;19.4054
2011;11;06;12;8.5;59.7531;19.4054
2011;11;06;13;8.5;59.7531;19.4054
2011;11;06;14;8.5;59.7531;19.4054
2011;11;06;15;8.5;59.7531;19.4054
2011;11;06;16;8.6;59.7531;19.4054
2011;11;06;17;8.7;59.7531;19.4054
2011;11;06;18;8.8;59.7531;19.4054
2011;11;06;19;8.5;59.7531;19.4054
2011;11;06;20;8.7;59.7531;19.4054
2011;11;06;21;8.5;59.7531;19.4054
2011;11;06;22;8.3;59.7531;19.4054
2011;11;06;23;8.2;59.7531;19.4054
2012;03;11;0;1.9;59.7531;19.4054
2012;03;11;1;1.8;59.7531;19.4054
2012;03;11;2;1.8;59.7531;19.4054
2012;03;11;3;1.8;59.7531;19.4054
2012;03;11;4;1.6;59.7531;19.4054
2012;03;11;5;1.6;59.7531;19.4054
2012;03;11;6;1.6;59.7531;19.4054
2012;03;11;7;1.8;59.7531;19.4054
2012;03;11;8;2.0;59.7531;19.4054
2012;03;11;9;2.1;59.7531;19.4054
2012;03;11;10;2.3;59.7531;19.4054
2012;03;11;11;2.6;59.7531;19.4054
2012;03;11;12;3.0;59.7531;19.4054
2012;03;11;13;2.7;59.7531;19.4054
2012;03;11;14;3.4;59.7531;19.4054
2012;03;11;15;3.6;59.7531;19.4054
2012;03;11;16;3.5;59.7531;19.4054
2012;03;11;17;3.0;59.7531;19.4054
2012;03;11;18;3.7;59.7531;19.4054
2012;03;11;19;3.5;59.7531;19.4054
2012;03;11;20;3.4;59.7531;19.4054
2012;03;11;21;3.5;59.7531;19.4054
2012;03;11;22;3.8;59.7531;19.4054
2012;03;11;23;3.8;59.7531;19.4054
2012;04;12;0;3.3;59.7531;19.4054
2012;04;12;1;3.5;59.7531;19.4054
2012;04;12;2;3.6;59.7531;19.4054
2012;04;12;3;3.8;59.7531;19.4054
2012;04;12;4;3.9;59.7531;19.4054
2012;04;12;5;3.7;59.7531;19.4054
2012;04;12;6;3.6;59.7531;19.4054
2012;04;12;7;3.7;59.7531;19.4054
2012;04;12;8;4.2;59.7531;19.4054
2012;04;12;9;4.5;59.7531;19.4054
2012;04;12;10;4.1;59.7531;19.4054
2012;04;12;11;4.5;59.7531;19.4054
2012;04;12;12;4.9;59.7531;19.4054
2012;04;12;13;4.1;59.7531;19.4054
2012;04;12;14;4.2;59.7531;19.4054
2012;04;12;15;3.8;59.7531;19.4054
2012;04;12;16;3.8;59.7531;19.4054
2012;04;12;17;3.5;59.7531;19.4054
2012;04;12;18;3.7;59.7531;19.4054
2012;04;12;19;2.8;59.7531;19.4054
2012;04;12;20;2.7;59.7531;19.4054
2012;04;12;21;3.0;59.7531;19.4054
2012;04;12;22;2.7;59.7531;19.4054
2012;04;12;23;2.7;59.7531;19.4054
2012;11;06;0;4.8;59.7531;19.4054
2012;11;06;1;5.0;59.7531;19.4054
2012;11;06;2;4.8;59.7531;19.4054
2012;11;06;3;5.0;59.7531;19.4054
2012;11;06;4;5.0;59.7531;19.4054
2012;11;06;5;4.5;59.7531;19.4054
2012;11;06;6;4.2;59.7531;19.4054
2012;11;06;7;3.5;59.7531;19.4054
2012;11;06;8;2.5;59.7531;19.4054
2012;11;06;9;2.0;59.7531;19.4054
2012;11;06;10;1.8;59.7531;19.4054
2012;11;06;11;1.3;59.7531;19.4054
2012;11;06;12;0.7;59.7531;19.4054
2012;11;06;13;0.5;59.7531;19.4054
2012;11;06;14;1.0;59.7531;19.4054
2012;11;06;15;1.7;59.7531;19.4054
2012;11;06;16;2.3;59.7531;19.4054
2012;11;06;17;3.1;59.7531;19.4054
2012;11;06;18;2.5;59.7531;19.4054
2012;11;06;19;2.9;59.7531;19.4054
2012;11;06;20;3.3;59.7531;19.4054
2012;11;06;21;3.5;59.7531;19.4054
2012;11;06;22;3.5;59.7531;19.4054
2012;11;06;23;3.7;59.7531;19.4054
2013;03;11;0;-5.6;59.7531;19.4054
2013;03;11;1;-5.9;59.7531;19.4054
2013;03;11;2;-6.1;59.7531;19.4054
2013;03;11;3;-6.2;59.7531;19.4054
2013;03;11;4;-6.7;59.7531;19.4054
2013;03;11;5;-7.4;59.7531;19.4054
2013;03;11;6;-7.8;59.7531;19.4054
2013;03;11;7;-7.7;59.7531;19.4054
2013;03;11;8;-7.3;59.7531;19.4054
2013;03;11;9;-6.2;59.7531;19.4054
2013;03;11;10;-5.3;59.7531;19.4054
2013;03;11;11;-4.1;59.7531;19.4054
2013;03;11;12;-3.2;59.7531;19.4054
2013;03;11;13;-2.5;59.7531;19.4054
2013;03;11;14;-2.7;59.7531;19.4054
2013;03;11;15;-2.8;59.7531;19.4054
2013;03;11;16;-2.4;59.7531;19.4054
2013;03;11;17;-2.4;59.7531;19.4054
2013;03;11;18;-3.0;59.7531;19.4054
2013;03;11;19;-3.0;59.7531;19.4054
2013;03;11;20;-2.8;59.7531;19.4054
2013;03;11;21;-2.9;59.7531;19.4054
2013;03;11;22;-3.3;59.7531;19.4054
2013;03;11;23;-3.7;59.7531;19.4054
2013;04;12;0;1.0;59.7531;19.4054
2013;04;12;1;1.0;59.7531;19.4054
2013;04;12;2;1.0;59.7531;19.4054
2013;04;12;3;0.9;59.7531;19.4054
2013;04;12;4;0.9;59.7531;19.4054
2013;04;12;5;0.9;59.7531;19.4054
2013;04;12;6;1.0;59.7531;19.4054
2013;04;12;7;1.1;59.7531;19.4054
2013;04;12;8;1.1;59.7531;19.4054
2013;04;12;9;1.0;59.7531;19.4054
2013;04;12;10;1.0;59.7531;19.4054
2013;04;12;11;1.2;59.7531;19.4054
2013;04;12;12;1.1;59.7531;19.4054
2013;04;12;13;1.2;59.7531;19.4054
2013;04;12;14;1.4;59.7531;19.4054
2013;04;12;15;1.8;59.7531;19.4054
2013;04;12;16;1.8;59.7531;19.4054
2013;04;12;17;1.6;59.7531;19.4054
2013;04;12;18;1.5;59.7531;19.4054
2013;04;12;19;1.6;59.7531;19.4054
2013;04;12;20;1.7;59.7531;19.4054
2013;04;12;21;1.9;59.7531;19.4054
2013;04;12;22;1.7;59.7531;19.4054
2013;04;12;23;1.8;59.7531;19.4054
2013;11;06;0;6.0;59.7531;19.4054
2013;11;06;1;6.0;59.7531;19.4054
2013;11;06;2;6.0;59.7531;19.4054
2013;11;06;3;6.2;59.7531;19.4054
2013;11;06;4;5.9;59.7531;19.4054
2013;11;06;5;5.9;59.7531;19.4054
2013;11;06;6;5.5;59.7531;19.4054
2013;11;06;7;4.7;59.7531;19.4054
2013;11;06;8;5.5;59.7531;19.4054
2013;11;06;9;5.8;59.7531;19.4054
2013;11;06;10;6.1;59.7531;19.4054
2013;11;06;11;6.3;59.7531;19.4054
2013;11;06;12;6.3;59.7531;19.4054
2013;11;06;13;6.2;59.7531;19.4054
2013;11;06;14;6.2;59.7531;19.4054
2013;11;06;15;6.2;59.7531;19.4054
2013;11;06;16;6.0;59.7531;19.4054
2013;11;06;17;6.0;59.7531;19.4054
2013;11;06;18;5.9;59.7531;19.4054
2013;11;06;19;5.9;59.7531;19.4054
2013;11;06;20;5.7;59.7531;19.4054
2013;11;06;21;5.4;59.7531;19.4054
2013;11;06;22;5.3;59.7531;19.4054
2013;11;06;23;5.4;59.7531;19.4054
2014;03;11;0;4.3;59.7531;19.4054
2014;03;11;1;4.5;59.7531;19.4054
2014;03;11;2;4.2;59.7531;19.4054
2014;03;11;3;3.8;59.7531;19.4054
2014;03;11;4;3.8;59.7531;19.4054
2014;03;11;5;3.4;59.7531;19.4054
2014;03;11;6;3.5;59.7531;19.4054
2014;03;11;7;3.6;59.7531;19.4054
2014;03;11;8;3.7;59.7531;19.4054
2014;03;11;9;4.0;59.7531;19.4054
2014;03;11;10;4.1;59.7531;19.4054
2014;03;11;11;4.3;59.7531;19.4054
2014;03;11;12;4.1;59.7531;19.4054
2014;03;11;13;4.8;59.7531;19.4054
2014;03;11;14;5.7;59.7531;19.4054
2014;03;11;15;5.7;59.7531;19.4054
2014;03;11;16;5.3;59.7531;19.4054
2014;03;11;17;3.8;59.7531;19.4054
2014;03;11;18;3.9;59.7531;19.4054
2014;03;11;19;4.1;59.7531;19.4054
2014;03;11;20;4.4;59.7531;19.4054
2014;03;11;21;3.9;59.7531;19.4054
2014;03;11;22;3.9;59.7531;19.4054
2014;03;11;23;3.8;59.7531;19.4054
2014;04;12;0;2.9;59.7531;19.4054
2014;04;12;1;3.6;59.7531;19.4054
2014;04;12;2;3.6;59.7531;19.4054
2014;04;12;3;3.4;59.7531;19.4054
2014;04;12;4;3.3;59.7531;19.4054
2014;04;12;5;3.4;59.7531;19.4054
2014;04;12;6;3.9;59.7531;19.4054
2014;04;12;7;4.4;59.7531;19.4054
2014;04;12;8;4.8;59.7531;19.4054
2014;04;12;9;5.1;59.7531;19.4054
2014;04;12;10;5.9;59.7531;19.4054
2014;04;12;11;6.1;59.7531;19.4054
2014;04;12;12;5.6;59.7531;19.4054
2014;04;12;13;5.1;59.7531;19.4054
2014;04;12;14;5.2;59.7531;19.4054
2014;04;12;15;5.0;59.7531;19.4054
2014;04;12;16;5.1;59.7531;19.4054
2014;04;12;17;5.1;59.7531;19.4054
2014;04;12;18;4.7;59.7531;19.4054
2014;04;12;19;5.2;59.7531;19.4054
2014;04;12;20;4.6;59.7531;19.4054
2014;04;12;21;5.3;59.7531;19.4054
2014;04;12;22;4.8;59.7531;19.4054
2014;04;12;23;4.7;59.7531;19.4054
2014;11;06;0;2.7;59.7531;19.4054
2014;11;06;1;2.5;59.7531;19.4054
2014;11;06;2;2.4;59.7531;19.4054
2014;11;06;3;2.3;59.7531;19.4054
2014;11;06;4;2.4;59.7531;19.4054
2014;11;06;5;2.9;59.7531;19.4054
2014;11;06;6;3.2;59.7531;19.4054
2014;11;06;7;3.3;59.7531;19.4054
2014;11;06;8;3.3;59.7531;19.4054
2014;11;06;9;3.1;59.7531;19.4054
2014;11;06;10;3.2;59.7531;19.4054
2014;11;06;11;3.2;59.7531;19.4054
2014;11;06;12;3.1;59.7531;19.4054
2014;11;06;13;3.3;59.7531;19.4054
2014;11;06;14;3.3;59.7531;19.4054
2014;11;06;15;3.3;59.7531;19.4054
2014;11;06;16;3.2;59.7531;19.4054
2014;11;06;17;3.5;59.7531;19.4054
2014;11;06;18;3.7;59.7531;19.4054
2014;11;06;19;3.8;59.7531;19.4054
2014;11;06;20;4.1;59.7531;19.4054
2014;11;06;21;3.7;59.7531;19.4054
2014;11;06;22;3.5;59.7531;19.4054
2014;11;06;23;3.4;59.7531;19.4054
2015;03;11;0;4.7;59.7531;19.4054
2015;03;11;1;4.3;59.7531;19.4054
2015;03;11;2;4.0;59.7531;19.4054
2015;03;11;3;3.9;59.7531;19.4054
2015;03;11;4;3.7;59.7531;19.4054
2015;03;11;5;3.5;59.7531;19.4054
2015;03;11;6;3.1;59.7531;19.4054
2015;03;11;7;2.9;59.7531;19.4054
2015;03;11;8;2.6;59.7531;19.4054
2015;03;11;9;2.7;59.7531;19.4054
2015;03;11;10;2.8;59.7531;19.4054
2015;03;11;11;2.9;59.7531;19.4054
2015;03;11;12;3.3;59.7531;19.4054
2015;03;11;13;3.2;59.7531;19.4054
2015;03;11;14;2.9;59.7531;19.4054
2015;03;11;15;2.9;59.7531;19.4054
2015;03;11;16;2.7;59.7531;19.4054
2015;03;11;17;2.6;59.7531;19.4054
2015;03;11;18;2.3;59.7531;19.4054
2015;03;11;19;2.4;59.7531;19.4054
2015;03;11;20;2.4;59.7531;19.4054
2015;03;11;21;2.2;59.7531;19.4054
2015;03;11;22;1.8;59.7531;19.4054
2015;03;11;23;1.7;59.7531;19.4054
2015;04;12;0;5.3;59.7531;19.4054
2015;04;12;1;5.0;59.7531;19.4054
2015;04;12;2;4.8;59.7531;19.4054
2015;04;12;3;5.1;59.7531;19.4054
2015;04;12;4;4.8;59.7531;19.4054
2015;04;12;5;4.7;59.7531;19.4054
2015;04;12;6;5.2;59.7531;19.4054
2015;04;12;7;5.5;59.7531;19.4054
2015;04;12;8;5.4;59.7531;19.4054
2015;04;12;9;6.1;59.7531;19.4054
2015;04;12;10;5.9;59.7531;19.4054
2015;04;12;11;6.2;59.7531;19.4054
2015;04;12;12;6.5;59.7531;19.4054
2015;04;12;13;5.8;59.7531;19.4054
2015;04;12;14;6.5;59.7531;19.4054
2015;04;12;15;6.6;59.7531;19.4054
2015;04;12;16;6.1;59.7531;19.4054
2015;04;12;17;6.9;59.7531;19.4054
2015;04;12;18;7.1;59.7531;19.4054
2015;04;12;19;7.0;59.7531;19.4054
2015;04;12;20;5.7;59.7531;19.4054
2015;04;12;21;5.6;59.7531;19.4054
2015;04;12;22;5.5;59.7531;19.4054
2015;04;12;23;4.9;59.7531;19.4054
2015;11;06;0;9.5;59.7531;19.4054
2015;11;06;1;9.6;59.7531;19.4054
2015;11;06;2;9.7;59.7531;19.4054
2015;11;06;3;9.6;59.7531;19.4054
2015;11;06;4;9.6;59.7531;19.4054
2015;11;06;5;9.5;59.7531;19.4054
2015;11;06;6;9.4;59.7531;19.4054
2015;11;06;7;9.3;59.7531;19.4054
2015;11;06;8;9.6;59.7531;19.4054
2015;11;06;9;9.9;59.7531;19.4054
2015;11;06;10;10.2;59.7531;19.4054
2015;11;06;11;10.1;59.7531;19.4054
2015;11;06;12;10.0;59.7531;19.4054
2015;11;06;13;9.9;59.7531;19.4054
2015;11;06;14;9.9;59.7531;19.4054
2015;11;06;15;9.8;59.7531;19.4054
2015;11;06;16;9.7;59.7531;19.4054
2015;11;06;17;9.7;59.7531;19.4054
2015;11;06;18;9.7;59.7531;19.4054
2015;11;06;19;9.6;59.7531;19.4054
2015;11;06;20;9.6;59.7531;19.4054
2015;11;06;21;9.7;59.7531;19.4054
2015;11;06;22;9.7;59.7531;19.4054
2015;11;06;23;9.7;59.7531;19.4054
2016;03;11;0;0.4;59.7531;19.4054
2016;03;11;1;0.4;59.7531;19.4054
2016;03;11;2;0.4;59.7531;19.4054
2016;03;11;3;0.4;59.7531;19.4054
2016;03;11;4;0.2;59.7531;19.4054
2016;03;11;5;0.1;59.7531;19.4054
2016;03;11;6;0.1;59.7531;19.4054
2016;03;11;7;0.2;59.7531;19.4054
2016;03;11;8;0.1;59.7531;19.4054
2016;03;11;9;0.7;59.7531;19.4054
2016;03;11;10;0.9;59.7531;19.4054
2016;03;11;11;0.9;59.7531;19.4054
2016;03;11;12;0.8;59.7531;19.4054
2016;03;11;13;0.7;59.7531;19.4054
2016;03;11;14;-0.8;59.7531;19.4054
2016;03;11;15;-1.6;59.7531;19.4054
2016;03;11;16;-2.2;59.7531;19.4054
2016;03;11;17;-2.3;59.7531;19.4054
2016;03;11;18;-2.4;59.7531;19.4054
2016;03;11;19;-2.2;59.7531;19.4054
2016;03;11;20;-2.4;59.7531;19.4054
2016;03;11;21;-2.5;59.7531;19.4054
2016;03;11;22;-2.5;59.7531;19.4054
2016;03;11;23;-2.5;59.7531;19.4054
2016;04;12;0;3.1;59.7531;19.4054
2016;04;12;1;3.4;59.7531;19.4054
2016;04;12;2;3.3;59.7531;19.4054
2016;04;12;3;2.4;59.7531;19.4054
2016;04;12;4;2.3;59.7531;19.4054
2016;04;12;5;3.1;59.7531;19.4054
2016;04;12;6;4.6;59.7531;19.4054
2016;04;12;7;5.6;59.7531;19.4054
2016;04;12;8;5.5;59.7531;19.4054
2016;04;12;9;6.2;59.7531;19.4054
2016;04;12;10;6.8;59.7531;19.4054
2016;04;12;11;7.3;59.7531;19.4054
2016;04;12;12;7.3;59.7531;19.4054
2016;04;12;13;7.3;59.7531;19.4054
2016;04;12;14;6.9;59.7531;19.4054
2016;04;12;15;6.4;59.7531;19.4054
2016;04;12;16;5.4;59.7531;19.4054
2016;04;12;17;5.4;59.7531;19.4054
2016;04;12;18;4.4;59.7531;19.4054
2016;04;12;19;4.3;59.7531;19.4054
2016;04;12;20;4.0;59.7531;19.4054
2016;04;12;21;4.0;59.7531;19.4054
2016;04;12;22;4.1;59.7531;19.4054
2016;04;12;23;3.8;59.7531;19.4054
2016;11;06;0;1.4;59.7531;19.4054
2016;11;06;1;1.0;59.7531;19.4054
2016;11;06;2;1.0;59.7531;19.4054
2016;11;06;3;1.0;59.7531;19.4054
2016;11;06;4;0.7;59.7531;19.4054
2016;11;06;5;1.0;59.7531;19.4054
2016;11;06;6;0.9;59.7531;19.4054
2016;11;06;7;0.7;59.7531;19.4054
2016;11;06;8;0.5;59.7531;19.4054
2016;11;06;9;0.1;59.7531;19.4054
2016;11;06;10;-0.2;59.7531;19.4054
2016;11;06;11;-0.6;59.7531;19.4054
2016;11;06;12;-0.7;59.7531;19.4054
2016;11;06;13;-0.4;59.7531;19.4054
2016;11;06;14;-0.7;59.7531;19.4054
2016;11;06;15;-0.5;59.7531;19.4054
2016;11;06;16;-0.6;59.7531;19.4054
2016;11;06;17;0.0;59.7531;19.4054
2016;11;06;18;0.2;59.7531;19.4054
2016;11;06;19;0.1;59.7531;19.4054
2016;11;06;20;0.4;59.7531;19.4054
2016;11;06;21;-0.2;59.7531;19.4054
2016;11;06;22;-0.2;59.7531;19.4054
2016;11;06;23;-0.7;59.7531;19.4054
2017;03;11;0;-0.3;59.7531;19.4054
2017;03;11;1;-0.1;59.7531;19.4054
2017;03;11;2;-0.6;59.7531;19.4054
2017;03;11;3;-0.1;59.7531;19.4054
2017;03;11;4;0.0;59.7531;19.4054
2017;03;11;5;0.0;59.7531;19.4054
2017;03;11;6;0.1;59.7531;19.4054
2017;03;11;7;0.0;59.7531;19.4054
2017;03;11;8;0.2;59.7531;19.4054
2017;03;11;9;0.5;59.7531;19.4054
2017;03;11;10;0.8;59.7531;19.4054
2017;03;11;11;1.7;59.7531;19.4054
2017;03;11;12;1.5;59.7531;19.4054
2017;03;11;13;1.6;59.7531;19.4054
2017;03;11;14;1.8;59.7531;19.4054
2017;03;11;15;1.4;59.7531;19.4054
2017;03;11;16;1.5;59.7531;19.4054
2017;03;11;17;0.9;59.7531;19.4054
2017;03;11;18;0.7;59.7531;19.4054
2017;03;11;19;0.8;59.7531;19.4054
2017;03;11;20;1.1;59.7531;19.4054
2017;03;11;21;0.9;59.7531;19.4054
2017;03;11;22;0.7;59.7531;19.4054
2017;03;11;23;0.7;59.7531;19.4054
2017;04;12;0;3.3;59.7531;19.4054
2017;04;12;1;2.9;59.7531;19.4054
2017;04;12;2;2.3;59.7531;19.4054
2017;04;12;3;2.1;59.7531;19.4054
2017;04;12;4;2.5;59.7531;19.4054
2017;04;12;5;2.3;59.7531;19.4054
2017;04;12;6;2.7;59.7531;19.4054
2017;04;12;7;3.2;59.7531;19.4054
2017;04;12;8;3.5;59.7531;19.4054
2017;04;12;9;4.3;59.7531;19.4054
2017;04;12;10;4.1;59.7531;19.4054
2017;04;12;11;3.9;59.7531;19.4054
2017;04;12;12;4.0;59.7531;19.4054
2017;04;12;13;3.8;59.7531;19.4054
2017;04;12;14;3.5;59.7531;19.4054
2017;04;12;15;3.3;59.7531;19.4054
2017;04;12;16;3.1;59.7531;19.4054
2017;04;12;17;2.9;59.7531;19.4054
2017;04;12;18;2.5;59.7531;19.4054
2017;04;12;19;2.5;59.7531;19.4054
2017;04;12;20;2.7;59.7531;19.4054
2017;04;12;21;2.5;59.7531;19.4054
2017;04;12;22;2.4;59.7531;19.4054
2017;04;12;23;2.3;59.7531;19.4054
2017;11;06;0;8.8;59.7531;19.4054
2017;11;06;1;8.8;59.7531;19.4054
2017;11;06;2;8.7;59.7531;19.4054
2017;11;06;3;8.6;59.7531;19.4054
2017;11;06;4;8.3;59.7531;19.4054
2017;11;06;5;8.2;59.7531;19.4054
2017;11;06;6;8.0;59.7531;19.4054
2017;11;06;7;7.6;59.7531;19.4054
2017;11;06;8;7.2;59.7531;19.4054
2017;11;06;9;6.9;59.7531;19.4054
2017;11;06;10;6.7;59.7531;19.4054
2017;11;06;11;7.1;59.7531;19.4054
2017;11;06;12;7.4;59.7531;19.4054
2017;11;06;13;7.5;59.7531;19.4054
2017;11;06;14;7.7;59.7531;19.4054
2017;11;06;15;7.5;59.7531;19.4054
2017;11;06;16;7.3;59.7531;19.4054
2017;11;06;17;6.9;59.7531;19.4054
2017;11;06;18;6.4;59.7531;19.4054
2017;11;06;19;6.1;59.7531;19.4054
2017;11;06;20;5.6;59.7531;19.4054
2017;11;06;21;5.2;59.7531;19.4054
2017;11;06;22;5.1;59.7531;19.4054
2017;11;06;23;4.5;59.7531;19.4054
2018;03;11;0;0.6;59.7531;19.4054
2018;03;11;1;0.6;59.7531;19.4054
2018;03;11;2;-0.2;59.7531;19.4054
2018;03;11;3;-0.5;59.7531;19.4054
2018;03;11;4;-0.7;59.7531;19.4054
2018;03;11;5;-0.9;59.7531;19.4054
2018;03;11;6;-1.1;59.7531;19.4054
2018;03;11;7;-1.2;59.7531;19.4054
2018;03;11;8;-1.2;59.7531;19.4054
2018;03;11;9;-1.3;59.7531;19.4054
2018;03;11;10;-1.3;59.7531;19.4054
2018;03;11;11;-0.8;59.7531;19.4054
2018;03;11;12;-1.1;59.7531;19.4054
2018;03;11;13;-0.8;59.7531;19.4054
2018;03;11;14;-0.5;59.7531;19.4054
2018;03;11;15;-0.4;59.7531;19.4054
2018;03;11;16;-0.4;59.7531;19.4054
2018;03;11;17;-0.3;59.7531;19.4054
2018;03;11;18;-0.1;59.7531;19.4054
2018;03;11;19;0.0;59.7531;19.4054
2018;03;11;20;0.1;59.7531;19.4054
2018;03;11;21;0.3;59.7531;19.4054
2018;03;11;22;0.5;59.7531;19.4054
2018;03;11;23;0.6;59.7531;19.4054
2018;04;12;0;1.2;59.7531;19.4054
2018;04;12;1;1.5;59.7531;19.4054
2018;04;12;2;1.3;59.7531;19.4054
2018;04;12;3;1.1;59.7531;19.4054
2018;04;12;4;1.0;59.7531;19.4054
2018;04;12;5;1.2;59.7531;19.4054
2018;04;12;6;1.4;59.7531;19.4054
2018;04;12;7;1.8;59.7531;19.4054
2018;04;12;8;2.0;59.7531;19.4054
2018;04;12;9;2.1;59.7531;19.4054
2018;04;12;10;2.5;59.7531;19.4054
2018;04;12;11;2.2;59.7531;19.4054
2018;04;12;12;2.2;59.7531;19.4054
2018;04;12;13;2.6;59.7531;19.4054
2018;04;12;14;2.5;59.7531;19.4054
2018;04;12;15;2.5;59.7531;19.4054
2018;04;12;16;2.8;59.7531;19.4054
2018;04;12;17;1.9;59.7531;19.4054
2018;04;12;18;1.7;59.7531;19.4054
2018;04;12;19;1.6;59.7531;19.4054
2018;04;12;20;1.8;59.7531;19.4054
2018;04;12;21;1.7;59.7531;19.4054
2018;04;12;22;1.7;59.7531;19.4054
2018;04;12;23;1.4;59.7531;19.4054
2018;11;06;0;7.5;59.7531;19.4054
2018;11;06;1;7.6;59.7531;19.4054
2018;11;06;2;7.7;59.7531;19.4054
2018;11;06;3;7.7;59.7531;19.4054
2018;11;06;4;7.6;59.7531;19.4054
2018;11;06;5;7.8;59.7531;19.4054
2018;11;06;6;7.8;59.7531;19.4054
2018;11;06;7;7.9;59.7531;19.4054
2018;11;06;8;8.0;59.7531;19.4054
2018;11;06;9;8.3;59.7531;19.4054
2018;11;06;10;8.3;59.7531;19.4054
2018;11;06;11;8.2;59.7531;19.4054
2018;11;06;12;8.4;59.7531;19.4054
2018;11;06;13;8.2;59.7531;19.4054
2018;11;06;14;8.1;59.7531;19.4054
2018;11;06;15;7.9;59.7531;19.4054
2018;11;06;16;7.8;59.7531;19.4054
2018;11;06;17;8.1;59.7531;19.4054
2018;11;06;18;8.1;59.7531;19.4054
2018;11;06;19;8.0;59.7531;19.4054
2018;11;06;20;8.0;59.7531;19.4054
2018;11;06;21;8.2;59.7531;19.4054
2018;11;06;22;8.1;59.7531;19.4054
2018;11;06;23;8.1;59.7531;19.4054
2019;03;11;0;-3.1;59.7531;19.4054
2019;03;11;1;-3.3;59.7531;19.4054
2019;03;11;2;-3.4;59.7531;19.4054
2019;03;11;3;-3.4;59.7531;19.4054
2019;03;11;4;-3.9;59.7531;19.4054
2019;03;11;5;-4.1;59.7531;19.4054
2019;03;11;6;-3.3;59.7531;19.4054
2019;03;11;7;-3.4;59.7531;19.4054
2019;03;11;8;-3.9;59.7531;19.4054
2019;03;11;9;-3.6;59.7531;19.4054
2019;03;11;10;-3.6;59.7531;19.4054
2019;03;11;11;-3.9;59.7531;19.4054
2019;03;11;12;-3.9;59.7531;19.4054
2019;03;11;13;-3.7;59.7531;19.4054
2019;03;11;14;-3.1;59.7531;19.4054
2019;03;11;15;-3.0;59.7531;19.4054
2019;03;11;16;-3.5;59.7531;19.4054
2019;03;11;17;-3.1;59.7531;19.4054
2019;03;11;18;-2.4;59.7531;19.4054
2019;03;11;19;-1.7;59.7531;19.4054
2019;03;11;20;-1.1;59.7531;19.4054
2019;03;11;21;-1.2;59.7531;19.4054
2019;03;11;22;-1.6;59.7531;19.4054
2019;03;11;23;-1.3;59.7531;19.4054
2019;04;12;0;0.1;59.7531;19.4054
2019;04;12;1;0.3;59.7531;19.4054
2019;04;12;2;0.4;59.7531;19.4054
2019;04;12;3;0.5;59.7531;19.4054
2019;04;12;4;0.6;59.7531;19.4054
2019;04;12;5;1.0;59.7531;19.4054
2019;04;12;6;1.2;59.7531;19.4054
2019;04;12;7;1.4;59.7531;19.4054
2019;04;12;8;1.7;59.7531;19.4054
2019;04;12;9;1.8;59.7531;19.4054
2019;04;12;10;2.2;59.7531;19.4054
2019;04;12;11;2.7;59.7531;19.4054
2019;04;12;12;2.9;59.7531;19.4054
2019;04;12;13;2.6;59.7531;19.4054
2019;04;12;14;2.5;59.7531;19.4054
2019;04;12;15;2.0;59.7531;19.4054
2019;04;12;16;1.8;59.7531;19.4054
2019;04;12;17;1.7;59.7531;19.4054
2019;04;12;18;1.8;59.7531;19.4054
2019;04;12;19;1.6;59.7531;19.4054
2019;04;12;20;1.4;59.7531;19.4054
2019;04;12;21;1.4;59.7531;19.4054
2019;04;12;22;1.2;59.7531;19.4054
2019;04;12;23;1.2;59.7531;19.4054
2019;11;06;0;3.3;59.7531;19.4054
2019;11;06;1;2.9;59.7531;19.4054
2019;11;06;2;3.1;59.7531;19.4054
2019;11;06;3;3.0;59.7531;19.4054
2019;11;06;4;2.8;59.7531;19.4054
2019;11;06;5;2.6;59.7531;19.4054
2019;11;06;6;2.6;59.7531;19.4054
2019;11;06;7;2.8;59.7531;19.4054
2019;11;06;8;3.0;59.7531;19.4054
2019;11;06;9;3.1;59.7531;19.4054
2019;11;06;10;3.3;59.7531;19.4054
2019;11;06;11;3.5;59.7531;19.4054
2019;11;06;12;3.7;59.7531;19.4054
2019;11;06;13;3.7;59.7531;19.4054
2019;11;06;14;3.5;59.7531;19.4054
2019;11;06;15;3.0;59.7531;19.4054
2019;11;06;16;2.9;59.7531;19.4054
2019;11;06;17;2.9;59.7531;19.4054
2019;11;06;18;2.5;59.7531;19.4054
2019;11;06;19;2.4;59.7531;19.4054
2019;11;06;20;2.4;59.7531;19.4054
2019;11;06;21;2.0;59.7531;19.4054
2019;11;06;22;1.9;59.7531;19.4054
2019;11;06;23;1.8;59.7531;19.4054
2020;03;11;0;4.0;59.7531;19.4054
2020;03;11;1;4.1;59.7531;19.4054
2020;03;11;2;3.9;59.7531;19.4054
2020;03;11;3;4.0;59.7531;19.4054
2020;03;11;4;4.0;59.7531;19.4054
2020;03;11;5;3.7;59.7531;19.4054
2020;03;11;6;3.8;59.7531;19.4054
2020;03;11;7;3.7;59.7531;19.4054
2020;03;11;8;3.8;59.7531;19.4054
2020;03;11;9;3.9;59.7531;19.4054
2020;03;11;10;4.0;59.7531;19.4054
2020;03;11;11;4.0;59.7531;19.4054
2020;03;11;12;4.0;59.7531;19.4054
2020;03;11;13;4.4;59.7531;19.4054
2020;03;11;14;4.2;59.7531;19.4054
2020;03;11;15;4.1;59.7531;19.4054
2020;03;11;16;4.2;59.7531;19.4054
2020;03;11;17;4.4;59.7531;19.4054
2020;03;11;18;4.4;59.7531;19.4054
2020;03;11;19;4.5;59.7531;19.4054
2020;03;11;20;5.4;59.7531;19.4054
2020;03;11;21;4.7;59.7531;19.4054
2020;03;11;22;4.9;59.7531;19.4054
2020;03;11;23;4.3;59.7531;19.4054
2020;04;12;0;4.8;59.7531;19.4054
2020;04;12;1;4.8;59.7531;19.4054
2020;04;12;2;4.7;59.7531;19.4054
2020;04;12;3;4.5;59.7531;19.4054
2020;04;12;4;4.4;59.7531;19.4054
2020;04;12;5;4.5;59.7531;19.4054
2020;04;12;6;4.6;59.7531;19.4054
2020;04;12;7;4.7;59.7531;19.4054
2020;04;12;8;5.0;59.7531;19.4054
2020;04;12;9;5.1;59.7531;19.4054
2020;04;12;10;5.4;59.7531;19.4054
2020;04;12;11;5.9;59.7531;19.4054
2020;04;12;12;6.6;59.7531;19.4054
2020;04;12;13;6.8;59.7531;19.4054
2020;04;12;14;8.5;59.7531;19.4054
2020;04;12;15;8.8;59.7531;19.4054
2020;04;12;16;9.8;59.7531;19.4054
2020;04;12;17;8.5;59.7531;19.4054
2020;04;12;18;7.9;59.7531;19.4054
2020;04;12;19;7.1;59.7531;19.4054
2020;04;12;20;6.9;59.7531;19.4054
2020;04;12;21;6.8;59.7531;19.4054
2020;04;12;22;4.2;59.7531;19.4054
2020;04;12;23;4.2;59.7531;19.4054
2020;11;06;0;9.5;59.7531;19.4054
2020;11;06;1;9.0;59.7531;19.4054
2020;11;06;2;9.1;59.7531;19.4054
2020;11;06;3;9.2;59.7531;19.4054
2020;11;06;4;8.9;59.7531;19.4054
2020;11;06;5;9.1;59.7531;19.4054
2020;11;06;6;9.4;59.7531;19.4054
2020;11;06;7;9.6;59.7531;19.4054
2020;11;06;8;9.8;59.7531;19.4054
2020;11;06;9;10.6;59.7531;19.4054
2020;11;06;10;11.5;59.7531;19.4054
2020;11;06;11;12.3;59.7531;19.4054
2020;11;06;12;12.3;59.7531;19.4054
2020;11;06;13;12.6;59.7531;19.4054
2020;11;06;14;11.7;59.7531;19.4054
2020;11;06;15;11.0;59.7531;19.4054
2020;11;06;16;11.0;59.7531;19.4054
2020;11;06;17;10.6;59.7531;19.4054
2020;11;06;18;10.4;59.7531;19.4054
2020;11;06;19;10.1;59.7531;19.4054
2020;11;06;20;10.0;59.7531;19.4054
2020;11;06;21;9.9;59.7531;19.4054
2020;11;06;22;9.7;59.7531;19.4054
2020;11;06;23;9.3;59.7531;19.4054
2021;03;11;0;-2.9;59.7531;19.4054
2021;03;11;1;-2.1;59.7531;19.4054
2021;03;11;3;-1.8;59.7531;19.4054
2021;03;11;4;-1.4;59.7531;19.4054
2021;03;11;5;-0.9;59.7531;19.4054
2021;03;11;6;-0.4;59.7531;19.4054
2021;03;11;7;-0.2;59.7531;19.4054
2021;03;11;8;0.3;59.7531;19.4054
2021;03;11;9;0.7;59.7531;19.4054
2021;03;11;10;0.9;59.7531;19.4054
2021;03;11;11;1.3;59.7531;19.4054
2021;03;11;12;1.7;59.7531;19.4054
2021;03;11;13;1.7;59.7531;19.4054
2021;03;11;14;1.8;59.7531;19.4054
2021;03;11;15;1.4;59.7531;19.4054
2021;03;11;16;-0.0;59.7531;19.4054
2021;03;11;17;-0.2;59.7531;19.4054
2021;03;11;18;-0.5;59.7531;19.4054
2021;03;11;19;-0.5;59.7531;19.4054
2021;03;11;20;0.0;59.7531;19.4054
2021;03;11;21;0.4;59.7531;19.4054
2021;03;11;22;0.6;59.7531;19.4054
2021;03;11;23;0.5;59.7531;19.4054
2021;04;12;0;3.7;59.7531;19.4054
2021;04;12;1;3.9;59.7531;19.4054
2021;04;12;2;3.9;59.7531;19.4054
2021;04;12;3;3.9;59.7531;19.4054
2021;04;12;4;4.2;59.7531;19.4054
2021;04;12;5;4.6;59.7531;19.4054
2021;04;12;6;4.9;59.7531;19.4054
2021;04;12;7;5.4;59.7531;19.4054
2021;04;12;8;5.7;59.7531;19.4054
2021;04;12;9;5.8;59.7531;19.4054
2021;04;12;10;6.1;59.7531;19.4054
2021;04;12;11;5.3;59.7531;19.4054
2021;04;12;12;5.2;59.7531;19.4054
2021;04;12;13;5.7;59.7531;19.4054
2021;04;12;14;5.7;59.7531;19.4054
2021;04;12;15;5.3;59.7531;19.4054
2021;04;12;16;4.8;59.7531;19.4054
2021;04;12;17;4.9;59.7531;19.4054
2021;04;12;18;4.4;59.7531;19.4054
2021;04;12;19;4.1;59.7531;19.4054
2021;04;12;20;4.0;59.7531;19.4054
2021;04;12;21;3.8;59.7531;19.4054
2021;04;12;22;3.5;59.7531;19.4054
2021;04;12;23;3.6;59.7531;19.4054
2021;11;06;0;4.9;59.7531;19.4054
2021;11;06;1;5.2;59.7531;19.4054
2021;11;06;2;4.3;59.7531;19.4054
2021;11;06;3;4.7;59.7531;19.4054
2021;11;06;4;5.1;59.7531;19.4054
2021;11;06;5;5.3;59.7531;19.4054
2021;11;06;6;4.8;59.7531;19.4054
2021;11;06;7;4.9;59.7531;19.4054
2021;11;06;8;4.9;59.7531;19.4054
2021;11;06;9;5.0;59.7531;19.4054
2021;11;06;10;5.7;59.7531;19.4054
2021;11;06;11;6.0;59.7531;19.4054
2021;11;06;12;6.5;59.7531;19.4054
2021;11;06;13;6.6;59.7531;19.4054
2021;11;06;14;6.5;59.7531;19.4054
2021;11;06;15;6.2;59.7531;19.4054
2021;11;06;16;6.1;59.7531;19.4054
2021;11;06;17;5.9;59.7531;19.4054
2021;11;06;18;5.8;59.7531;19.4054
2021;11;06;19;5.2;59.7531;19.4054
2021;11;06;20;5.1;59.7531;19.4054
2021;11;06;21;5.0;59.7531;19.4054
2021;11;06;22;4.8;59.7531;19.4054
2021;11;06;23;5.3;59.7531;19.4054
2022;03;11;0;1.0;59.7531;19.4054
2022;03;11;1;0.9;59.7531;19.4054
2022;03;11;2;0.8;59.7531;19.4054
2022;03;11;3;0.6;59.7531;19.4054
2022;03;11;4;0.4;59.7531;19.4054
2022;03;11;5;0.1;59.7531;19.4054
2022;03;11;6;-0.1;59.7531;19.4054
2022;03;11;7;-0.1;59.7531;19.4054
2022;03;11;8;0.3;59.7531;19.4054
2022;03;11;9;1.0;59.7531;19.4054
2022;03;11;10;1.4;59.7531;19.4054
2022;03;11;11;2.5;59.7531;19.4054
2022;03;11;12;3.2;59.7531;19.4054
2022;03;11;13;3.5;59.7531;19.4054
2022;03;11;14;4.3;59.7531;19.4054
2022;03;11;15;3.9;59.7531;19.4054
2022;03;11;16;2.4;59.7531;19.4054
2022;03;11;17;2.0;59.7531;19.4054
2022;03;11;18;2.1;59.7531;19.4054
2022;03;11;19;1.9;59.7531;19.4054
2022;03;11;20;1.7;59.7531;19.4054
2022;03;11;21;1.3;59.7531;19.4054
2022;03;11;22;1.2;59.7531;19.4054
2022;03;11;23;1.1;59.7531;19.4054
2022;04;12;0;3.2;59.7531;19.4054
2022;04;12;1;2.9;59.7531;19.4054
2022;04;12;2;2.7;59.7531;19.4054
2022;04;12;3;2.3;59.7531;19.4054
2022;04;12;4;2.3;59.7531;19.4054
2022;04;12;5;2.3;59.7531;19.4054
2022;04;12;6;2.6;59.7531;19.4054
2022;04;12;7;2.9;59.7531;19.4054
2022;04;12;8;3.2;59.7531;19.4054
2022;04;12;9;3.6;59.7531;19.4054
2022;04;12;10;4.3;59.7531;19.4054
2022;04;12;11;4.6;59.7531;19.4054
2022;04;12;12;3.9;59.7531;19.4054
2022;04;12;13;3.9;59.7531;19.4054
2022;04;12;14;3.7;59.7531;19.4054
2022;04;12;15;3.6;59.7531;19.4054
2022;04;12;16;4.7;59.7531;19.4054
2022;04;12;17;3.6;59.7531;19.4054
2022;04;12;18;3.3;59.7531;19.4054
2022;04;12;19;3.3;59.7531;19.4054
2022;04;12;20;3.5;59.7531;19.4054
2022;04;12;21;3.5;59.7531;19.4054
2022;04;12;22;3.2;59.7531;19.4054
2022;04;12;23;3.2;59.7531;19.4054
2022;11;06;0;8.7;59.7531;19.4054
2022;11;06;1;8.7;59.7531;19.4054
2022;11;06;2;8.7;59.7531;19.4054
2022;11;06;3;8.5;59.7531;19.4054
2022;11;06;4;8.5;59.7531;19.4054
2022;11;06;5;8.6;59.7531;19.4054
2022;11;06;6;8.6;59.7531;19.4054
2022;11;06;7;8.8;59.7531;19.4054
2022;11;06;8;9.0;59.7531;19.4054
2022;11;06;9;9.1;59.7531;19.4054
2022;11;06;10;9.6;59.7531;19.4054
2022;11;06;11;9.4;59.7531;19.4054
2022;11;06;12;9.6;59.7531;19.4054
2022;11;06;13;9.8;59.7531;19.4054
2022;11;06;14;9.9;59.7531;19.4054
2022;11;06;15;9.8;59.7531;19.4054
2022;11;06;16;9.5;59.7531;19.4054
2022;11;06;17;9.8;59.7531;19.4054
2022;11;06;18;9.8;59.7531;19.4054
2022;11;06;19;9.7;59.7531;19.4054
2022;11;06;20;9.7;59.7531;19.4054
2022;11;06;21;9.8;59.7531;19.4054
2022;11;06;22;9.8;59.7531;19.4054
2022;11;06;23;9.9;59.7531;19.4054
2023;03;11;0;-0.8;59.7531;19.4054
2023;03;11;1;-0.7;59.7531;19.4054
2023;03;11;2;-1.1;59.7531;19.4054
2023;03;11;3;-0.8;59.7531;19.4054
2023;03;11;4;-0.7;59.7531;19.4054
2023;03;11;5;-0.8;59.7531;19.4054
2023;03;11;6;-1.1;59.7531;19.4054
2023;03;11;7;-1.1;59.7531;19.4054
2023;03;11;8;-1.4;59.7531;19.4054
2023;03;11;9;-1.3;59.7531;19.4054
2023;03;11;10;-1.1;59.7531;19.4054
2023;03;11;11;-0.9;59.7531;19.4054
2023;03;11;12;-0.9;59.7531;19.4054
2023;03;11;13;-0.8;59.7531;19.4054
2023;03;11;14;-0.6;59.7531;19.4054
2023;03;11;15;-0.7;59.7531;19.4054
2023;03;11;16;-0.8;59.7531;19.4054
2023;03;11;17;-0.9;59.7531;19.4054
2023;03;11;18;-0.9;59.7531;19.4054
2023;03;11;19;-1.0;59.7531;19.4054
2023;03;11;20;-1.6;59.7531;19.4054
2023;03;11;21;-1.8;59.7531;19.4054
2023;03;11;22;-2.0;59.7531;19.4054
2023;03;11;23;-2.2;59.7531;19.4054
2023;04;12;0;4.3;59.7531;19.4054
2023;04;12;1;3.5;59.7531;19.4054
2023;04;12;2;3.1;59.7531;19.4054
2023;04;12;3;3.5;59.7531;19.4054
2023;04;12;4;3.4;59.7531;19.4054
2023;04;12;5;4.1;59.7531;19.4054
2023;04;12;6;4.4;59.7531;19.4054
2023;04;12;7;4.7;59.7531;19.4054
2023;04;12;8;4.8;59.7531;19.4054
2023;04;12;9;5.1;59.7531;19.4054
2023;04;12;10;4.9;59.7531;19.4054
2023;04;12;11;4.3;59.7531;19.4054
2023;04;12;12;4.2;59.7531;19.4054
2023;04;12;13;4.0;59.7531;19.4054
2023;04;12;14;4.0;59.7531;19.4054
2023;04;12;15;4.0;59.7531;19.4054
2023;04;12;16;4.1;59.7531;19.4054
2023;04;12;17;4.5;59.7531;19.4054
2023;04;12;18;5.2;59.7531;19.4054
2023;04;12;19;5.7;59.7531;19.4054
2023;04;12;20;4.5;59.7531;19.4054
2023;04;12;21;4.2;59.7531;19.4054
2023;04;12;22;5.9;59.7531;19.4054
2023;04;12;23;4.2;59.7531;19.4054
