1945;11;06;7;5.2;57.6678;18.3516
1945;11;06;13;4.0;57.6678;18.3516
1945;11;06;18;4.6;57.6678;18.3516
1946;03;11;7;-2.5;57.6678;18.3516
1946;03;11;13;-0.2;57.6678;18.3516
1946;03;11;18;-0.8;57.6678;18.3516
1946;04;12;7;0.8;57.6678;18.3516
1946;04;12;13;3.2;57.6678;18.3516
1946;04;12;18;0.7;57.6678;18.3516
1946;11;06;7;5.1;57.6678;18.3516
1946;11;06;13;6.4;57.6678;18.3516
1946;11;06;18;5.5;57.6678;18.3516
1947;03;11;6;-22.5;57.6678;18.3516
1947;03;11;12;-4.3;57.6678;18.3516
1947;03;11;18;-12.6;57.6678;18.3516
1947;04;12;6;3.0;57.6678;18.3516
1947;04;12;12;6.0;57.6678;18.3516
1947;04;12;18;5.5;57.6678;18.3516
1947;11;06;6;4.0;57.6678;18.3516
1947;11;06;12;7.2;57.6678;18.3516
1947;11;06;18;5.0;57.6678;18.3516
1948;03;11;6;-2.3;57.6678;18.3516
1948;03;11;12;-1.9;57.6678;18.3516
1948;03;11;18;-1.8;57.6678;18.3516
1948;04;12;6;0.0;57.6678;18.3516
1948;04;12;12;3.3;57.6678;18.3516
1948;04;12;18;2.4;57.6678;18.3516
1948;11;06;6;7.0;57.6678;18.3516
1948;11;06;12;5.4;57.6678;18.3516
1948;11;06;18;1.6;57.6678;18.3516
1949;03;11;6;-3.4;57.6678;18.3516
1949;03;11;12;3.6;57.6678;18.3516
1949;03;11;18;-2.2;57.6678;18.3516
1949;04;12;6;3.1;57.6678;18.3516
1949;04;12;12;3.8;57.6678;18.3516
1949;04;12;18;2.4;57.6678;18.3516
1949;11;06;6;5.2;57.6678;18.3516
1949;11;06;12;5.0;57.6678;18.3516
1949;11;06;18;6.5;57.6678;18.3516
1950;03;11;6;-0.4;57.6678;18.3516
1950;03;11;12;1.6;57.6678;18.3516
1950;03;11;18;0.6;57.6678;18.3516
1950;04;12;6;4.3;57.6678;18.3516
1950;04;12;12;8.1;57.6678;18.3516
1950;04;12;18;5.2;57.6678;18.3516
1950;11;06;6;2.1;57.6678;18.3516
1950;11;06;12;2.2;57.6678;18.3516
1950;11;06;18;1.9;57.6678;18.3516
1955;11;06;0;7.4;57.6678;18.3516
1957;11;06;0;10.6;57.6678;18.3516
1958;11;06;0;8.0;57.6678;18.3516
1959;11;06;0;5.0;57.6678;18.3516
1960;04;12;0;5.0;57.6678;18.3516
1960;11;06;0;8.0;57.6678;18.3516
1961;03;11;6;4.0;57.6678;18.3516
1961;03;11;12;6.4;57.6678;18.3516
1961;03;11;18;5.4;57.6678;18.3516
1961;04;12;6;2.2;57.6678;18.3516
1961;04;12;12;4.3;57.6678;18.3516
1961;04;12;18;5.3;57.6678;18.3516
1961;11;06;6;0.6;57.6678;18.3516
1961;11;06;12;7.3;57.6678;18.3516
1961;11;06;18;-1.6;57.6678;18.3516
1962;03;11;6;0.2;57.6678;18.3516
1962;03;11;12;-2.0;57.6678;18.3516
1962;03;11;18;-3.2;57.6678;18.3516
1962;04;12;6;4.4;57.6678;18.3516
1962;04;12;12;8.4;57.6678;18.3516
1962;04;12;18;5.5;57.6678;18.3516
1962;11;06;6;6.4;57.6678;18.3516
1962;11;06;12;7.2;57.6678;18.3516
1962;11;06;18;7.1;57.6678;18.3516
1963;03;11;6;-2.0;57.6678;18.3516
1963;03;11;12;-0.1;57.6678;18.3516
1963;03;11;18;-0.4;57.6678;18.3516
1963;04;12;6;4.2;57.6678;18.3516
1963;04;12;12;4.7;57.6678;18.3516
1963;04;12;18;3.2;57.6678;18.3516
1963;11;06;6;5.6;57.6678;18.3516
1963;11;06;12;6.0;57.6678;18.3516
1963;11;06;18;5.2;57.6678;18.3516
1964;03;11;6;0.9;57.6678;18.3516
1964;03;11;12;2.3;57.6678;18.3516
1964;03;11;18;-1.8;57.6678;18.3516
1964;04;12;6;4.0;57.6678;18.3516
1964;04;12;12;10.0;57.6678;18.3516
1964;04;12;18;4.4;57.6678;18.3516
1964;11;06;6;-1.0;57.6678;18.3516
1964;11;06;12;5.2;57.6678;18.3516
1964;11;06;18;4.6;57.6678;18.3516
1965;03;11;0;0.0;57.6678;18.3516
1965;03;11;6;0.2;57.6678;18.3516
1965;03;11;12;1.9;57.6678;18.3516
1965;03;11;18;0.9;57.6678;18.3516
1965;04;12;0;3.0;57.6678;18.3516
1965;04;12;6;3.1;57.6678;18.3516
1965;04;12;12;5.7;57.6678;18.3516
1965;04;12;18;4.1;57.6678;18.3516
1965;11;06;0;8.1;57.6678;18.3516
1965;11;06;6;7.2;57.6678;18.3516
1965;11;06;12;7.4;57.6678;18.3516
1965;11;06;18;0.6;57.6678;18.3516
1966;03;11;0;0.5;57.6678;18.3516
1966;03;11;6;2.7;57.6678;18.3516
1966;03;11;12;3.0;57.6678;18.3516
1966;03;11;18;1.8;57.6678;18.3516
1966;04;12;0;-2.7;57.6678;18.3516
1966;04;12;6;-1.9;57.6678;18.3516
1966;04;12;12;-1.8;57.6678;18.3516
1966;04;12;18;-2.5;57.6678;18.3516
1966;11;06;0;7.5;57.6678;18.3516
1966;11;06;6;5.8;57.6678;18.3516
1966;11;06;12;11.8;57.6678;18.3516
1966;11;06;18;7.2;57.6678;18.3516
1967;03;11;0;4.5;57.6678;18.3516
1967;03;11;6;4.9;57.6678;18.3516
1967;03;11;12;9.0;57.6678;18.3516
1967;03;11;18;4.1;57.6678;18.3516
1967;04;12;0;3.9;57.6678;18.3516
1967;04;12;6;3.8;57.6678;18.3516
1967;04;12;12;8.5;57.6678;18.3516
1967;04;12;18;4.8;57.6678;18.3516
1967;11;06;0;9.8;57.6678;18.3516
1967;11;06;6;10.0;57.6678;18.3516
1967;11;06;12;10.0;57.6678;18.3516
1967;11;06;18;8.5;57.6678;18.3516
1968;03;11;0;-2.1;57.6678;18.3516
1968;03;11;6;-4.0;57.6678;18.3516
1968;03;11;12;-2.2;57.6678;18.3516
1968;03;11;18;-3.3;57.6678;18.3516
1968;04;12;0;2.0;57.6678;18.3516
1968;04;12;6;0.7;57.6678;18.3516
1968;04;12;12;1.8;57.6678;18.3516
1968;04;12;18;2.0;57.6678;18.3516
1968;11;06;0;2.9;57.6678;18.3516
1968;11;06;6;0.6;57.6678;18.3516
1968;11;06;12;4.0;57.6678;18.3516
1968;11;06;18;1.4;57.6678;18.3516
1969;03;11;0;-5.5;57.6678;18.3516
1969;03;11;6;-1.7;57.6678;18.3516
1969;03;11;12;-0.6;57.6678;18.3516
1969;03;11;18;-3.6;57.6678;18.3516
1969;04;12;0;2.1;57.6678;18.3516
1969;04;12;6;2.0;57.6678;18.3516
1969;04;12;12;6.7;57.6678;18.3516
1969;04;12;18;3.4;57.6678;18.3516
1969;11;06;0;1.8;57.6678;18.3516
1969;11;06;6;1.6;57.6678;18.3516
1969;11;06;12;2.3;57.6678;18.3516
1969;11;06;18;-1.4;57.6678;18.3516
1970;03;11;0;-1.7;57.6678;18.3516
1970;03;11;6;-1.8;57.6678;18.3516
1970;03;11;12;1.8;57.6678;18.3516
1970;03;11;18;0.0;57.6678;18.3516
1970;04;12;0;-0.1;57.6678;18.3516
1970;04;12;6;-0.9;57.6678;18.3516
1970;04;12;12;1.0;57.6678;18.3516
1970;04;12;18;0.5;57.6678;18.3516
1970;11;06;0;1.8;57.6678;18.3516
1970;11;06;6;-0.8;57.6678;18.3516
1970;11;06;12;0.0;57.6678;18.3516
1970;11;06;18;0.3;57.6678;18.3516
1971;03;11;0;-2.0;57.6678;18.3516
1971;03;11;6;-3.9;57.6678;18.3516
1971;03;11;12;-4.1;57.6678;18.3516
1971;03;11;18;-3.8;57.6678;18.3516
1971;04;12;0;2.8;57.6678;18.3516
1971;04;12;6;3.3;57.6678;18.3516
1971;04;12;12;5.0;57.6678;18.3516
1971;04;12;18;3.1;57.6678;18.3516
1971;11;06;0;1.0;57.6678;18.3516
1971;11;06;6;3.0;57.6678;18.3516
1971;11;06;12;4.0;57.6678;18.3516
1971;11;06;18;8.2;57.6678;18.3516
1972;03;11;0;-6.8;57.6678;18.3516
1972;03;11;6;-10.7;57.6678;18.3516
1972;03;11;12;-3.0;57.6678;18.3516
1972;03;11;18;-7.5;57.6678;18.3516
1972;04;12;0;6.3;57.6678;18.3516
1972;04;12;6;5.9;57.6678;18.3516
1972;04;12;12;8.9;57.6678;18.3516
1972;04;12;18;9.8;57.6678;18.3516
1972;11;06;0;6.4;57.6678;18.3516
1972;11;06;6;5.1;57.6678;18.3516
1972;11;06;12;5.9;57.6678;18.3516
1972;11;06;18;6.3;57.6678;18.3516
1973;03;11;0;3.0;57.6678;18.3516
1973;03;11;3;2.0;57.6678;18.3516
1973;03;11;6;0.8;57.6678;18.3516
1973;03;11;9;0.2;57.6678;18.3516
1973;03;11;12;0.9;57.6678;18.3516
1973;03;11;15;1.1;57.6678;18.3516
1973;03;11;18;0.6;57.6678;18.3516
1973;03;11;21;0.2;57.6678;18.3516
1973;04;12;0;1.1;57.6678;18.3516
1973;04;12;3;1.0;57.6678;18.3516
1973;04;12;6;0.9;57.6678;18.3516
1973;04;12;9;1.8;57.6678;18.3516
1973;04;12;12;2.7;57.6678;18.3516
1973;04;12;15;2.3;57.6678;18.3516
1973;04;12;18;0.6;57.6678;18.3516
1973;04;12;21;-0.7;57.6678;18.3516
1973;11;06;0;8.8;57.6678;18.3516
1973;11;06;3;9.1;57.6678;18.3516
1973;11;06;6;6.0;57.6678;18.3516
1973;11;06;9;6.0;57.6678;18.3516
1973;11;06;12;7.4;57.6678;18.3516
1973;11;06;15;6.5;57.6678;18.3516
1973;11;06;18;5.2;57.6678;18.3516
1973;11;06;21;5.6;57.6678;18.3516
1974;03;11;0;-2.1;57.6678;18.3516
1974;03;11;3;-3.0;57.6678;18.3516
1974;03;11;6;-3.5;57.6678;18.3516
1974;03;11;9;2.1;57.6678;18.3516
1974;03;11;12;5.0;57.6678;18.3516
1974;03;11;15;4.3;57.6678;18.3516
1974;03;11;18;-2.8;57.6678;18.3516
1974;03;11;21;-1.8;57.6678;18.3516
1974;04;12;0;0.4;57.6678;18.3516
1974;04;12;3;0.0;57.6678;18.3516
1974;04;12;6;0.1;57.6678;18.3516
1974;04;12;9;1.5;57.6678;18.3516
1974;04;12;12;2.9;57.6678;18.3516
1974;04;12;15;1.9;57.6678;18.3516
1974;04;12;18;-0.2;57.6678;18.3516
1974;04;12;21;0.7;57.6678;18.3516
1974;11;06;0;2.2;57.6678;18.3516
1974;11;06;3;0.3;57.6678;18.3516
1974;11;06;6;1.0;57.6678;18.3516
1974;11;06;9;4.0;57.6678;18.3516
1974;11;06;12;3.6;57.6678;18.3516
1974;11;06;15;2.1;57.6678;18.3516
1974;11;06;18;3.0;57.6678;18.3516
1974;11;06;21;3.5;57.6678;18.3516
1975;03;11;0;3.0;57.6678;18.3516
1975;03;11;3;2.9;57.6678;18.3516
1975;03;11;6;2.1;57.6678;18.3516
1975;03;11;9;4.2;57.6678;18.3516
1975;03;11;12;3.8;57.6678;18.3516
1975;03;11;15;3.0;57.6678;18.3516
1975;03;11;18;1.8;57.6678;18.3516
1975;03;11;21;1.9;57.6678;18.3516
1975;04;12;0;1.3;57.6678;18.3516
1975;04;12;3;1.4;57.6678;18.3516
1975;04;12;6;1.0;57.6678;18.3516
1975;04;12;9;3.0;57.6678;18.3516
1975;04;12;12;3.8;57.6678;18.3516
1975;04;12;15;6.0;57.6678;18.3516
1975;04;12;18;3.3;57.6678;18.3516
1975;04;12;21;3.1;57.6678;18.3516
1975;11;06;0;7.3;57.6678;18.3516
1975;11;06;3;7.1;57.6678;18.3516
1975;11;06;6;7.1;57.6678;18.3516
1975;11;06;9;7.3;57.6678;18.3516
1975;11;06;12;8.1;57.6678;18.3516
1975;11;06;15;8.0;57.6678;18.3516
1975;11;06;18;7.8;57.6678;18.3516
1975;11;06;21;7.9;57.6678;18.3516
1976;03;11;0;-4.0;57.6678;18.3516
1976;03;11;3;-3.8;57.6678;18.3516
1976;03;11;6;-3.8;57.6678;18.3516
1976;03;11;9;-2.9;57.6678;18.3516
1976;03;11;12;-2.3;57.6678;18.3516
1976;03;11;15;-2.6;57.6678;18.3516
1976;03;11;18;-8.3;57.6678;18.3516
1976;03;11;21;-11.2;57.6678;18.3516
1976;04;12;0;0.1;57.6678;18.3516
1976;04;12;3;-0.5;57.6678;18.3516
1976;04;12;6;-0.5;57.6678;18.3516
1976;04;12;9;3.0;57.6678;18.3516
1976;04;12;12;2.9;57.6678;18.3516
1976;04;12;15;4.7;57.6678;18.3516
1976;04;12;18;4.4;57.6678;18.3516
1976;04;12;21;0.2;57.6678;18.3516
1976;11;06;0;6.0;57.6678;18.3516
1976;11;06;3;7.4;57.6678;18.3516
1976;11;06;6;7.0;57.6678;18.3516
1976;11;06;9;7.0;57.6678;18.3516
1976;11;06;12;7.9;57.6678;18.3516
1976;11;06;15;7.4;57.6678;18.3516
1976;11;06;18;6.5;57.6678;18.3516
1976;11;06;21;4.9;57.6678;18.3516
1977;03;11;0;3.9;57.6678;18.3516
1977;03;11;3;3.0;57.6678;18.3516
1977;03;11;6;1.2;57.6678;18.3516
1977;03;11;9;4.0;57.6678;18.3516
1977;03;11;12;7.1;57.6678;18.3516
1977;03;11;15;8.8;57.6678;18.3516
1977;03;11;18;3.1;57.6678;18.3516
1977;03;11;21;3.1;57.6678;18.3516
1977;04;12;0;-1.0;57.6678;18.3516
1977;04;12;3;-2.6;57.6678;18.3516
1977;04;12;6;0.0;57.6678;18.3516
1977;04;12;9;1.6;57.6678;18.3516
1977;04;12;12;2.8;57.6678;18.3516
1977;04;12;15;3.3;57.6678;18.3516
1977;04;12;18;1.4;57.6678;18.3516
1977;04;12;21;-0.7;57.6678;18.3516
1977;11;06;0;7.7;57.6678;18.3516
1977;11;06;3;6.0;57.6678;18.3516
1977;11;06;6;5.3;57.6678;18.3516
1977;11;06;9;7.9;57.6678;18.3516
1977;11;06;12;10.0;57.6678;18.3516
1977;11;06;15;10.0;57.6678;18.3516
1977;11;06;18;9.7;57.6678;18.3516
1977;11;06;21;9.1;57.6678;18.3516
1978;03;11;0;1.8;57.6678;18.3516
1978;03;11;3;1.1;57.6678;18.3516
1978;03;11;6;0.9;57.6678;18.3516
1978;03;11;9;1.6;57.6678;18.3516
1978;03;11;12;2.0;57.6678;18.3516
1978;03;11;15;2.1;57.6678;18.3516
1978;03;11;18;1.1;57.6678;18.3516
1978;03;11;21;0.6;57.6678;18.3516
1978;04;12;0;3.3;57.6678;18.3516
1978;04;12;3;3.4;57.6678;18.3516
1978;04;12;6;2.2;57.6678;18.3516
1978;04;12;9;3.6;57.6678;18.3516
1978;04;12;12;5.2;57.6678;18.3516
1978;04;12;15;5.6;57.6678;18.3516
1978;04;12;18;3.0;57.6678;18.3516
1978;04;12;21;2.2;57.6678;18.3516
1978;11;06;0;10.8;57.6678;18.3516
1978;11;06;3;10.2;57.6678;18.3516
1978;11;06;6;9.4;57.6678;18.3516
1978;11;06;9;10.1;57.6678;18.3516
1978;11;06;12;10.1;57.6678;18.3516
1978;11;06;15;8.8;57.6678;18.3516
1978;11;06;18;4.8;57.6678;18.3516
1978;11;06;21;4.1;57.6678;18.3516
1979;03;11;0;-2.2;57.6678;18.3516
1979;03;11;3;-2.0;57.6678;18.3516
1979;03;11;6;-2.1;57.6678;18.3516
1979;03;11;9;1.6;57.6678;18.3516
1979;03;11;12;1.9;57.6678;18.3516
1979;03;11;15;0.2;57.6678;18.3516
1979;03;11;18;-1.9;57.6678;18.3516
1979;03;11;21;-1.2;57.6678;18.3516
1979;04;12;0;0.0;57.6678;18.3516
1979;04;12;3;-1.7;57.6678;18.3516
1979;04;12;6;2.7;57.6678;18.3516
1979;04;12;9;10.4;57.6678;18.3516
1979;04;12;12;10.5;57.6678;18.3516
1979;04;12;15;12.4;57.6678;18.3516
1979;04;12;18;8.1;57.6678;18.3516
1979;04;12;21;3.2;57.6678;18.3516
1979;11;06;0;6.0;57.6678;18.3516
1979;11;06;3;6.0;57.6678;18.3516
1979;11;06;6;5.2;57.6678;18.3516
1979;11;06;9;6.0;57.6678;18.3516
1979;11;06;12;6.3;57.6678;18.3516
1979;11;06;15;4.9;57.6678;18.3516
1979;11;06;18;4.4;57.6678;18.3516
1979;11;06;21;4.1;57.6678;18.3516
1980;03;11;0;-4.1;57.6678;18.3516
1980;03;11;3;-5.7;57.6678;18.3516
1980;03;11;6;-4.3;57.6678;18.3516
1980;03;11;9;-2.0;57.6678;18.3516
1980;03;11;12;-2.8;57.6678;18.3516
1980;03;11;15;-2.3;57.6678;18.3516
1980;03;11;18;-2.1;57.6678;18.3516
1980;03;11;21;-1.9;57.6678;18.3516
1980;04;12;0;4.2;57.6678;18.3516
1980;04;12;3;2.8;57.6678;18.3516
1980;04;12;6;3.0;57.6678;18.3516
1980;04;12;9;4.1;57.6678;18.3516
1980;04;12;12;5.9;57.6678;18.3516
1980;04;12;15;9.8;57.6678;18.3516
1980;04;12;18;7.4;57.6678;18.3516
1980;04;12;21;3.1;57.6678;18.3516
1980;11;06;0;-3.0;57.6678;18.3516
1980;11;06;3;-3.1;57.6678;18.3516
1980;11;06;6;1.8;57.6678;18.3516
1980;11;06;9;3.0;57.6678;18.3516
1980;11;06;12;3.7;57.6678;18.3516
1980;11;06;15;3.7;57.6678;18.3516
1980;11;06;18;3.8;57.6678;18.3516
1980;11;06;21;4.0;57.6678;18.3516
1981;03;11;0;0.5;57.6678;18.3516
1981;03;11;3;0.0;57.6678;18.3516
1981;03;11;6;-0.9;57.6678;18.3516
1981;03;11;9;-0.5;57.6678;18.3516
1981;03;11;12;-0.6;57.6678;18.3516
1981;03;11;15;-1.4;57.6678;18.3516
1981;03;11;18;-3.9;57.6678;18.3516
1981;03;11;21;-5.2;57.6678;18.3516
1981;04;12;0;3.5;57.6678;18.3516
1981;04;12;3;3.8;57.6678;18.3516
1981;04;12;6;7.2;57.6678;18.3516
1981;04;12;9;14.2;57.6678;18.3516
1981;04;12;12;16.9;57.6678;18.3516
1981;04;12;15;14.9;57.6678;18.3516
1981;04;12;18;10.8;57.6678;18.3516
1981;04;12;21;10.0;57.6678;18.3516
1981;11;06;0;4.1;57.6678;18.3516
1981;11;06;3;4.3;57.6678;18.3516
1981;11;06;6;3.0;57.6678;18.3516
1981;11;06;9;3.0;57.6678;18.3516
1981;11;06;12;3.4;57.6678;18.3516
1981;11;06;15;3.4;57.6678;18.3516
1981;11;06;18;3.2;57.6678;18.3516
1981;11;06;21;3.0;57.6678;18.3516
1982;03;11;0;2.8;57.6678;18.3516
1982;03;11;3;2.1;57.6678;18.3516
1982;03;11;6;1.2;57.6678;18.3516
1982;03;11;9;1.3;57.6678;18.3516
1982;03;11;12;1.3;57.6678;18.3516
1982;03;11;15;1.6;57.6678;18.3516
1982;03;11;18;1.4;57.6678;18.3516
1982;03;11;21;1.2;57.6678;18.3516
1982;04;12;0;2.0;57.6678;18.3516
1982;04;12;3;0.6;57.6678;18.3516
1982;04;12;6;0.9;57.6678;18.3516
1982;04;12;9;1.8;57.6678;18.3516
1982;04;12;12;2.3;57.6678;18.3516
1982;04;12;15;2.1;57.6678;18.3516
1982;04;12;18;0.2;57.6678;18.3516
1982;04;12;21;-0.2;57.6678;18.3516
1982;11;06;0;1.0;57.6678;18.3516
1982;11;06;3;1.1;57.6678;18.3516
1982;11;06;6;1.8;57.6678;18.3516
1982;11;06;9;3.0;57.6678;18.3516
1982;11;06;12;3.8;57.6678;18.3516
1982;11;06;15;3.7;57.6678;18.3516
1982;11;06;18;4.0;57.6678;18.3516
1982;11;06;21;4.8;57.6678;18.3516
1983;03;11;0;0.1;57.6678;18.3516
1983;03;11;3;-1.3;57.6678;18.3516
1983;03;11;6;-3.1;57.6678;18.3516
1983;03;11;9;-2.9;57.6678;18.3516
1983;03;11;12;-1.8;57.6678;18.3516
1983;03;11;15;-1.8;57.6678;18.3516
1983;03;11;18;-1.8;57.6678;18.3516
1983;03;11;21;-1.1;57.6678;18.3516
1983;04;12;0;-0.1;57.6678;18.3516
1983;04;12;3;0.9;57.6678;18.3516
1983;04;12;6;1.8;57.6678;18.3516
1983;04;12;9;2.7;57.6678;18.3516
1983;04;12;12;3.5;57.6678;18.3516
1983;04;12;15;2.8;57.6678;18.3516
1983;04;12;18;2.1;57.6678;18.3516
1983;04;12;21;1.8;57.6678;18.3516
1983;11;06;0;7.3;57.6678;18.3516
1983;11;06;3;7.0;57.6678;18.3516
1983;11;06;6;7.1;57.6678;18.3516
1983;11;06;9;8.0;57.6678;18.3516
1983;11;06;12;9.4;57.6678;18.3516
1983;11;06;15;8.9;57.6678;18.3516
1983;11;06;18;9.0;57.6678;18.3516
1983;11;06;21;7.9;57.6678;18.3516
1984;03;11;0;-1.9;57.6678;18.3516
1984;03;11;3;-0.3;57.6678;18.3516
1984;03;11;6;0.1;57.6678;18.3516
1984;03;11;9;1.5;57.6678;18.3516
1984;03;11;12;2.3;57.6678;18.3516
1984;03;11;15;1.8;57.6678;18.3516
1984;03;11;18;0.1;57.6678;18.3516
1984;03;11;21;0.8;57.6678;18.3516
1984;04;12;0;4.1;57.6678;18.3516
1984;04;12;3;2.0;57.6678;18.3516
1984;04;12;6;3.4;57.6678;18.3516
1984;04;12;9;8.9;57.6678;18.3516
1984;04;12;12;3.0;57.6678;18.3516
1984;04;12;15;2.0;57.6678;18.3516
1984;04;12;18;3.1;57.6678;18.3516
1984;04;12;21;2.9;57.6678;18.3516
1984;11;06;0;7.6;57.6678;18.3516
1984;11;06;3;7.4;57.6678;18.3516
1984;11;06;6;4.9;57.6678;18.3516
1984;11;06;9;5.8;57.6678;18.3516
1984;11;06;12;7.6;57.6678;18.3516
1984;11;06;15;7.2;57.6678;18.3516
1984;11;06;18;6.5;57.6678;18.3516
1984;11;06;21;6.3;57.6678;18.3516
1985;03;11;0;-2.2;57.6678;18.3516
1985;03;11;3;-2.0;57.6678;18.3516
1985;03;11;6;-1.3;57.6678;18.3516
1985;03;11;9;-0.3;57.6678;18.3516
1985;03;11;12;0.8;57.6678;18.3516
1985;03;11;15;0.0;57.6678;18.3516
1985;03;11;18;-3.1;57.6678;18.3516
1985;03;11;21;-1.4;57.6678;18.3516
1985;04;12;0;-4.0;57.6678;18.3516
1985;04;12;3;-4.4;57.6678;18.3516
1985;04;12;6;-0.7;57.6678;18.3516
1985;04;12;9;3.4;57.6678;18.3516
1985;04;12;12;5.5;57.6678;18.3516
1985;04;12;15;5.6;57.6678;18.3516
1985;04;12;18;0.9;57.6678;18.3516
1985;04;12;21;-0.7;57.6678;18.3516
1985;11;06;0;8.1;57.6678;18.3516
1985;11;06;3;8.1;57.6678;18.3516
1985;11;06;6;6.7;57.6678;18.3516
1985;11;06;9;7.5;57.6678;18.3516
1985;11;06;12;7.0;57.6678;18.3516
1985;11;06;15;7.5;57.6678;18.3516
1985;11;06;18;5.5;57.6678;18.3516
1985;11;06;21;5.7;57.6678;18.3516
1986;03;11;0;0.0;57.6678;18.3516
1986;03;11;3;-0.5;57.6678;18.3516
1986;03;11;6;-0.7;57.6678;18.3516
1986;03;11;9;-0.6;57.6678;18.3516
1986;03;11;12;-0.3;57.6678;18.3516
1986;03;11;15;-0.5;57.6678;18.3516
1986;03;11;18;-1.0;57.6678;18.3516
1986;03;11;21;-0.7;57.6678;18.3516
1986;04;12;0;-6.0;57.6678;18.3516
1986;04;12;3;-3.7;57.6678;18.3516
1986;04;12;6;-2.2;57.6678;18.3516
1986;04;12;9;-0.7;57.6678;18.3516
1986;04;12;12;0.5;57.6678;18.3516
1986;04;12;15;2.1;57.6678;18.3516
1986;04;12;18;-1.0;57.6678;18.3516
1986;04;12;21;-1.3;57.6678;18.3516
1986;11;06;0;5.6;57.6678;18.3516
1986;11;06;3;6.6;57.6678;18.3516
1986;11;06;6;6.9;57.6678;18.3516
1986;11;06;9;3.8;57.6678;18.3516
1986;11;06;12;3.1;57.6678;18.3516
1986;11;06;15;4.7;57.6678;18.3516
1986;11;06;18;4.6;57.6678;18.3516
1986;11;06;21;4.0;57.6678;18.3516
1987;03;11;0;-8.3;57.6678;18.3516
1987;03;11;3;-8.8;57.6678;18.3516
1987;03;11;6;-11.2;57.6678;18.3516
1987;03;11;9;-2.1;57.6678;18.3516
1987;03;11;12;1.5;57.6678;18.3516
1987;03;11;15;1.4;57.6678;18.3516
1987;03;11;18;-4.5;57.6678;18.3516
1987;03;11;21;-8.5;57.6678;18.3516
1987;04;12;0;3.4;57.6678;18.3516
1987;04;12;3;2.4;57.6678;18.3516
1987;04;12;6;2.9;57.6678;18.3516
1987;04;12;9;6.4;57.6678;18.3516
1987;04;12;12;7.4;57.6678;18.3516
1987;04;12;15;6.0;57.6678;18.3516
1987;04;12;18;3.9;57.6678;18.3516
1987;04;12;21;2.5;57.6678;18.3516
1987;11;06;0;7.2;57.6678;18.3516
1987;11;06;3;6.8;57.6678;18.3516
1987;11;06;6;6.8;57.6678;18.3516
1987;11;06;9;8.2;57.6678;18.3516
1987;11;06;12;8.1;57.6678;18.3516
1987;11;06;15;7.5;57.6678;18.3516
1987;11;06;18;7.5;57.6678;18.3516
1987;11;06;21;7.6;57.6678;18.3516
1988;03;11;0;1.6;57.6678;18.3516
1988;03;11;3;1.7;57.6678;18.3516
1988;03;11;6;1.3;57.6678;18.3516
1988;03;11;9;1.8;57.6678;18.3516
1988;03;11;12;2.1;57.6678;18.3516
1988;03;11;15;2.0;57.6678;18.3516
1988;03;11;18;1.3;57.6678;18.3516
1988;03;11;21;0.5;57.6678;18.3516
1988;04;12;0;0.8;57.6678;18.3516
1988;04;12;3;0.5;57.6678;18.3516
1988;04;12;6;1.1;57.6678;18.3516
1988;04;12;9;2.4;57.6678;18.3516
1988;04;12;12;4.8;57.6678;18.3516
1988;04;12;15;5.8;57.6678;18.3516
1988;04;12;18;3.2;57.6678;18.3516
1988;04;12;21;0.4;57.6678;18.3516
1988;11;06;0;2.7;57.6678;18.3516
1988;11;06;3;3.5;57.6678;18.3516
1988;11;06;6;4.5;57.6678;18.3516
1988;11;06;9;5.4;57.6678;18.3516
1988;11;06;12;5.6;57.6678;18.3516
1988;11;06;15;2.0;57.6678;18.3516
1988;11;06;18;2.9;57.6678;18.3516
1988;11;06;21;3.2;57.6678;18.3516
1989;03;11;0;4.4;57.6678;18.3516
1989;03;11;3;4.3;57.6678;18.3516
1989;03;11;6;4.2;57.6678;18.3516
1989;03;11;9;5.0;57.6678;18.3516
1989;03;11;12;4.6;57.6678;18.3516
1989;03;11;15;3.9;57.6678;18.3516
1989;03;11;18;3.7;57.6678;18.3516
1989;03;11;21;3.7;57.6678;18.3516
1989;04;12;0;4.8;57.6678;18.3516
1989;04;12;3;6.1;57.6678;18.3516
1989;04;12;6;7.1;57.6678;18.3516
1989;04;12;9;16.1;57.6678;18.3516
1989;04;12;12;14.0;57.6678;18.3516
1989;04;12;15;15.1;57.6678;18.3516
1989;04;12;18;13.9;57.6678;18.3516
1989;04;12;21;12.7;57.6678;18.3516
1989;11;06;0;6.1;57.6678;18.3516
1989;11;06;3;5.8;57.6678;18.3516
1989;11;06;6;5.8;57.6678;18.3516
1989;11;06;9;8.0;57.6678;18.3516
1989;11;06;12;9.3;57.6678;18.3516
1989;11;06;15;8.5;57.6678;18.3516
1989;11;06;18;7.7;57.6678;18.3516
1989;11;06;21;8.3;57.6678;18.3516
1990;03;11;0;2.3;57.6678;18.3516
1990;03;11;3;2.0;57.6678;18.3516
1990;03;11;6;0.9;57.6678;18.3516
1990;03;11;9;2.3;57.6678;18.3516
1990;03;11;12;2.7;57.6678;18.3516
1990;03;11;15;3.0;57.6678;18.3516
1990;03;11;18;5.6;57.6678;18.3516
1990;03;11;21;4.9;57.6678;18.3516
1990;04;12;0;0.8;57.6678;18.3516
1990;04;12;3;2.8;57.6678;18.3516
1990;04;12;6;4.1;57.6678;18.3516
1990;04;12;9;4.8;57.6678;18.3516
1990;04;12;12;5.4;57.6678;18.3516
1990;04;12;15;8.7;57.6678;18.3516
1990;04;12;18;5.3;57.6678;18.3516
1990;04;12;21;2.0;57.6678;18.3516
1990;11;06;0;5.0;57.6678;18.3516
1990;11;06;3;5.4;57.6678;18.3516
1990;11;06;6;6.3;57.6678;18.3516
1990;11;06;9;6.5;57.6678;18.3516
1990;11;06;12;6.9;57.6678;18.3516
1990;11;06;15;6.9;57.6678;18.3516
1990;11;06;18;6.9;57.6678;18.3516
1990;11;06;21;6.1;57.6678;18.3516
1991;03;11;0;2.5;57.6678;18.3516
1991;03;11;3;2.3;57.6678;18.3516
1991;03;11;6;2.0;57.6678;18.3516
1991;03;11;9;2.3;57.6678;18.3516
1991;03;11;12;3.2;57.6678;18.3516
1991;03;11;15;3.5;57.6678;18.3516
1991;03;11;18;3.4;57.6678;18.3516
1991;03;11;21;4.2;57.6678;18.3516
1991;04;12;0;1.5;57.6678;18.3516
1991;04;12;3;0.9;57.6678;18.3516
1991;04;12;6;7.1;57.6678;18.3516
1991;04;12;9;13.5;57.6678;18.3516
1991;04;12;12;11.7;57.6678;18.3516
1991;04;12;15;12.7;57.6678;18.3516
1991;04;12;18;9.6;57.6678;18.3516
1991;04;12;21;6.1;57.6678;18.3516
1991;11;06;0;6.3;57.6678;18.3516
1991;11;06;3;6.0;57.6678;18.3516
1991;11;06;6;5.6;57.6678;18.3516
1991;11;06;9;5.5;57.6678;18.3516
1991;11;06;12;5.9;57.6678;18.3516
1991;11;06;15;4.3;57.6678;18.3516
1991;11;06;18;4.3;57.6678;18.3516
1991;11;06;21;5.0;57.6678;18.3516
1992;03;11;0;7.6;57.6678;18.3516
1992;03;11;3;5.6;57.6678;18.3516
1992;03;11;6;4.8;57.6678;18.3516
1992;03;11;9;5.1;57.6678;18.3516
1992;03;11;12;4.1;57.6678;18.3516
1992;03;11;15;2.3;57.6678;18.3516
1992;03;11;18;1.9;57.6678;18.3516
1992;03;11;21;2.4;57.6678;18.3516
1992;04;12;0;2.9;57.6678;18.3516
1992;04;12;3;2.1;57.6678;18.3516
1992;04;12;6;3.2;57.6678;18.3516
1992;04;12;9;4.5;57.6678;18.3516
1992;04;12;12;5.5;57.6678;18.3516
1992;04;12;15;6.5;57.6678;18.3516
1992;04;12;18;6.6;57.6678;18.3516
1992;04;12;21;7.0;57.6678;18.3516
1992;11;06;0;2.9;57.6678;18.3516
1992;11;06;3;-1.0;57.6678;18.3516
1992;11;06;6;1.0;57.6678;18.3516
1992;11;06;9;3.1;57.6678;18.3516
1992;11;06;12;4.5;57.6678;18.3516
1992;11;06;15;6.5;57.6678;18.3516
1992;11;06;18;8.3;57.6678;18.3516
1992;11;06;21;9.1;57.6678;18.3516
1993;03;11;0;0.2;57.6678;18.3516
1993;03;11;3;-1.0;57.6678;18.3516
1993;03;11;6;-1.6;57.6678;18.3516
1993;03;11;9;0.6;57.6678;18.3516
1993;03;11;12;0.8;57.6678;18.3516
1993;03;11;15;0.9;57.6678;18.3516
1993;03;11;18;1.5;57.6678;18.3516
1993;03;11;21;1.5;57.6678;18.3516
1993;04;12;0;-2.8;57.6678;18.3516
1993;04;12;3;-4.4;57.6678;18.3516
1993;04;12;6;1.6;57.6678;18.3516
1993;04;12;9;2.7;57.6678;18.3516
1993;04;12;12;2.6;57.6678;18.3516
1993;04;12;15;3.5;57.6678;18.3516
1993;04;12;18;1.2;57.6678;18.3516
1993;04;12;21;-3.2;57.6678;18.3516
1993;11;06;0;1.8;57.6678;18.3516
1993;11;06;3;1.7;57.6678;18.3516
1993;11;06;6;2.0;57.6678;18.3516
1993;11;06;9;2.5;57.6678;18.3516
1993;11;06;12;3.0;57.6678;18.3516
1993;11;06;15;3.0;57.6678;18.3516
1993;11;06;18;3.4;57.6678;18.3516
1993;11;06;21;3.5;57.6678;18.3516
1994;03;11;0;1.9;57.6678;18.3516
1994;03;11;3;1.0;57.6678;18.3516
1994;03;11;6;0.9;57.6678;18.3516
1994;03;11;9;2.8;57.6678;18.3516
1994;03;11;12;4.5;57.6678;18.3516
1994;03;11;15;5.2;57.6678;18.3516
1994;03;11;18;4.1;57.6678;18.3516
1994;03;11;21;2.5;57.6678;18.3516
1994;04;12;0;0.8;57.6678;18.3516
1994;04;12;3;1.1;57.6678;18.3516
1994;04;12;6;4.9;57.6678;18.3516
1994;04;12;9;10.1;57.6678;18.3516
1994;04;12;12;11.2;57.6678;18.3516
1994;04;12;15;10.8;57.6678;18.3516
1994;04;12;18;7.7;57.6678;18.3516
1994;04;12;21;6.0;57.6678;18.3516
1994;11;06;0;4.9;57.6678;18.3516
1994;11;06;3;3.7;57.6678;18.3516
1994;11;06;6;2.7;57.6678;18.3516
1994;11;06;9;5.9;57.6678;18.3516
1994;11;06;12;7.5;57.6678;18.3516
1994;11;06;15;5.3;57.6678;18.3516
1994;11;06;18;2.1;57.6678;18.3516
1994;11;06;21;4.4;57.6678;18.3516
1995;03;11;0;0.9;57.6678;18.3516
1995;03;11;3;1.0;57.6678;18.3516
1995;03;11;6;0.9;57.6678;18.3516
1995;03;11;9;2.1;57.6678;18.3516
1995;03;11;12;2.3;57.6678;18.3516
1995;03;11;15;2.2;57.6678;18.3516
1995;03;11;18;1.5;57.6678;18.3516
1995;03;11;21;1.4;57.6678;18.3516
1995;04;12;0;-2.4;57.6678;18.3516
1995;04;12;3;-3.2;57.6678;18.3516
1995;04;12;6;-1.7;57.6678;18.3516
1995;04;12;9;1.7;57.6678;18.3516
1995;04;12;12;3.6;57.6678;18.3516
1995;04;12;15;5.0;57.6678;18.3516
1995;04;12;18;4.0;57.6678;18.3516
1995;04;12;21;0.4;57.6678;18.3516
1995;11;06;0;3.4;57.6678;18.3516
1995;11;06;3;4.4;57.6678;18.3516
1995;11;06;6;5.2;57.6678;18.3516
1995;11;06;9;6.2;57.6678;18.3516
1995;11;06;12;6.4;57.6678;18.3516
1995;11;06;15;5.0;57.6678;18.3516
1995;11;06;18;3.1;57.6678;18.3516
1995;11;06;21;2.5;57.6678;18.3516
1996;03;11;0;-4.0;57.6678;18.3516
1996;03;11;3;-6.0;57.6678;18.3516
1996;03;11;6;-7.1;57.6678;18.3516
1996;03;11;9;-0.7;57.6678;18.3516
1996;03;11;12;-0.9;57.6678;18.3516
1996;03;11;15;-1.2;57.6678;18.3516
1996;03;11;18;-3.4;57.6678;18.3516
1996;03;11;21;-6.4;57.6678;18.3516
1996;04;12;0;-1.4;57.6678;18.3516
1996;04;12;3;-0.7;57.6678;18.3516
1996;04;12;6;-0.7;57.6678;18.3516
1996;04;12;9;0.1;57.6678;18.3516
1996;04;12;12;1.3;57.6678;18.3516
1996;04;12;15;1.0;57.6678;18.3516
1996;04;12;18;0.2;57.6678;18.3516
1996;04;12;21;0.0;57.6678;18.3516
1996;11;06;0;8.9;57.6678;18.3516
1996;11;06;3;8.0;57.6678;18.3516
1996;11;06;6;7.2;57.6678;18.3516
1996;11;06;9;7.7;57.6678;18.3516
1996;11;06;12;7.5;57.6678;18.3516
1996;11;06;15;8.0;57.6678;18.3516
1996;11;06;18;8.5;57.6678;18.3516
1996;11;06;21;9.3;57.6678;18.3516
1997;03;11;0;2.8;57.6678;18.3516
1997;03;11;3;3.7;57.6678;18.3516
1997;03;11;6;2.8;57.6678;18.3516
1997;03;11;9;4.3;57.6678;18.3516
1997;03;11;12;6.5;57.6678;18.3516
1997;03;11;15;7.3;57.6678;18.3516
1997;03;11;18;4.5;57.6678;18.3516
1997;03;11;21;3.8;57.6678;18.3516
1997;04;12;0;-0.8;57.6678;18.3516
1997;04;12;3;-1.6;57.6678;18.3516
1997;04;12;6;-1.8;57.6678;18.3516
1997;04;12;9;-2.4;57.6678;18.3516
1997;04;12;12;-1.0;57.6678;18.3516
1997;04;12;15;-0.1;57.6678;18.3516
1997;04;12;18;-0.2;57.6678;18.3516
1997;04;12;21;-0.5;57.6678;18.3516
1997;11;06;0;2.7;57.6678;18.3516
1997;11;06;3;2.8;57.6678;18.3516
1997;11;06;6;3.6;57.6678;18.3516
1997;11;06;9;4.3;57.6678;18.3516
1997;11;06;12;4.8;57.6678;18.3516
1997;11;06;15;5.3;57.6678;18.3516
1997;11;06;18;5.3;57.6678;18.3516
1997;11;06;21;5.4;57.6678;18.3516
1998;03;11;0;-8.7;57.6678;18.3516
1998;03;11;3;-9.0;57.6678;18.3516
1998;03;11;6;-5.6;57.6678;18.3516
1998;03;11;9;-0.2;57.6678;18.3516
1998;03;11;12;1.0;57.6678;18.3516
1998;03;11;15;0.0;57.6678;18.3516
1998;03;11;18;-2.9;57.6678;18.3516
1998;03;11;21;-3.8;57.6678;18.3516
1998;04;12;0;4.5;57.6678;18.3516
1998;04;12;3;3.4;57.6678;18.3516
1998;04;12;6;2.5;57.6678;18.3516
1998;04;12;9;2.0;57.6678;18.3516
1998;04;12;12;2.0;57.6678;18.3516
1998;04;12;15;1.6;57.6678;18.3516
1998;04;12;18;0.9;57.6678;18.3516
1998;04;12;21;0.8;57.6678;18.3516
1998;11;06;0;2.1;57.6678;18.3516
1998;11;06;3;-0.5;57.6678;18.3516
1998;11;06;6;-0.8;57.6678;18.3516
1998;11;06;9;1.9;57.6678;18.3516
1998;11;06;12;3.5;57.6678;18.3516
1998;11;06;15;3.1;57.6678;18.3516
1998;11;06;18;2.5;57.6678;18.3516
1998;11;06;21;2.8;57.6678;18.3516
1999;03;11;0;-2.5;57.6678;18.3516
1999;03;11;3;-3.8;57.6678;18.3516
1999;03;11;6;-2.2;57.6678;18.3516
1999;03;11;9;-2.1;57.6678;18.3516
1999;03;11;12;-2.2;57.6678;18.3516
1999;03;11;15;-2.6;57.6678;18.3516
1999;03;11;18;-2.9;57.6678;18.3516
1999;03;11;21;-3.2;57.6678;18.3516
1999;04;12;0;4.8;57.6678;18.3516
1999;04;12;3;4.2;57.6678;18.3516
1999;04;12;6;3.5;57.6678;18.3516
1999;04;12;9;4.1;57.6678;18.3516
1999;04;12;12;4.2;57.6678;18.3516
1999;04;12;15;4.0;57.6678;18.3516
1999;04;12;18;3.0;57.6678;18.3516
1999;04;12;21;3.2;57.6678;18.3516
1999;11;06;0;6.5;57.6678;18.3516
1999;11;06;3;6.8;57.6678;18.3516
1999;11;06;6;7.4;57.6678;18.3516
1999;11;06;9;7.0;57.6678;18.3516
1999;11;06;12;7.0;57.6678;18.3516
1999;11;06;15;6.6;57.6678;18.3516
1999;11;06;18;6.6;57.6678;18.3516
1999;11;06;21;6.5;57.6678;18.3516
2000;03;11;0;0.1;57.6678;18.3516
2000;03;11;3;-2.3;57.6678;18.3516
2000;03;11;6;-4.8;57.6678;18.3516
2000;03;11;9;1.4;57.6678;18.3516
2000;03;11;12;1.7;57.6678;18.3516
2000;03;11;15;1.4;57.6678;18.3516
2000;03;11;18;-2.5;57.6678;18.3516
2000;03;11;21;-2.4;57.6678;18.3516
2000;04;12;0;4.0;57.6678;18.3516
2000;04;12;3;3.4;57.6678;18.3516
2000;04;12;6;3.5;57.6678;18.3516
2000;04;12;9;5.9;57.6678;18.3516
2000;04;12;15;9.3;57.6678;18.3516
2000;04;12;18;7.3;57.6678;18.3516
2000;04;12;21;6.1;57.6678;18.3516
2000;11;06;0;7.4;57.6678;18.3516
2000;11;06;3;5.9;57.6678;18.3516
2000;11;06;6;2.1;57.6678;18.3516
2000;11;06;9;7.5;57.6678;18.3516
2000;11;06;12;8.5;57.6678;18.3516
2000;11;06;15;5.9;57.6678;18.3516
2000;11;06;18;5.6;57.6678;18.3516
2000;11;06;21;6.6;57.6678;18.3516
2001;03;11;0;3.9;57.6678;18.3516
2001;03;11;3;3.8;57.6678;18.3516
2001;03;11;6;3.6;57.6678;18.3516
2001;03;11;9;3.6;57.6678;18.3516
2001;03;11;12;6.8;57.6678;18.3516
2001;03;11;15;6.0;57.6678;18.3516
2001;03;11;18;5.5;57.6678;18.3516
2001;03;11;21;5.2;57.6678;18.3516
2001;04;12;0;1.6;57.6678;18.3516
2001;04;12;3;1.7;57.6678;18.3516
2001;04;12;9;2.3;57.6678;18.3516
2001;04;12;12;1.2;57.6678;18.3516
2001;04;12;15;0.4;57.6678;18.3516
2001;04;12;18;1.8;57.6678;18.3516
2001;04;12;21;1.0;57.6678;18.3516
2001;11;06;0;1.9;57.6678;18.3516
2001;11;06;3;2.6;57.6678;18.3516
2001;11;06;9;3.9;57.6678;18.3516
2001;11;06;12;4.3;57.6678;18.3516
2001;11;06;15;4.9;57.6678;18.3516
2001;11;06;18;4.5;57.6678;18.3516
2001;11;06;21;4.8;57.6678;18.3516
2002;03;11;0;3.2;57.6678;18.3516
2002;03;11;3;1.1;57.6678;18.3516
2002;03;11;6;4.0;57.6678;18.3516
2002;03;11;9;5.8;57.6678;18.3516
2002;03;11;12;7.0;57.6678;18.3516
2002;03;11;15;7.1;57.6678;18.3516
2002;03;11;18;3.7;57.6678;18.3516
2002;03;11;21;3.6;57.6678;18.3516
2002;04;12;0;6.0;57.6678;18.3516
2002;04;12;3;5.0;57.6678;18.3516
2002;04;12;6;7.6;57.6678;18.3516
2002;04;12;9;11.8;57.6678;18.3516
2002;04;12;12;12.8;57.6678;18.3516
2002;04;12;15;13.1;57.6678;18.3516
2002;04;12;18;9.0;57.6678;18.3516
2002;04;12;21;7.2;57.6678;18.3516
2002;11;06;0;5.0;57.6678;18.3516
2002;11;06;3;4.8;57.6678;18.3516
2002;11;06;6;4.4;57.6678;18.3516
2002;11;06;9;4.9;57.6678;18.3516
2002;11;06;12;4.6;57.6678;18.3516
2002;11;06;15;4.7;57.6678;18.3516
2002;11;06;18;4.2;57.6678;18.3516
2002;11;06;21;3.6;57.6678;18.3516
2003;03;11;0;4.8;57.6678;18.3516
2003;03;11;3;4.2;57.6678;18.3516
2003;03;11;6;5.0;57.6678;18.3516
2003;03;11;9;6.0;57.6678;18.3516
2003;03;11;12;4.9;57.6678;18.3516
2003;03;11;15;4.8;57.6678;18.3516
2003;03;11;18;3.8;57.6678;18.3516
2003;03;11;21;3.4;57.6678;18.3516
2003;04;12;0;0.1;57.6678;18.3516
2003;04;12;3;0.1;57.6678;18.3516
2003;04;12;6;0.2;57.6678;18.3516
2003;04;12;9;0.9;57.6678;18.3516
2003;04;12;12;1.2;57.6678;18.3516
2003;04;12;15;1.8;57.6678;18.3516
2003;04;12;18;1.5;57.6678;18.3516
2003;04;12;21;1.7;57.6678;18.3516
2003;11;06;0;7.0;57.6678;18.3516
2003;11;06;3;7.3;57.6678;18.3516
2003;11;06;6;7.3;57.6678;18.3516
2003;11;06;9;7.1;57.6678;18.3516
2003;11;06;12;6.9;57.6678;18.3516
2003;11;06;15;5.9;57.6678;18.3516
2003;11;06;18;5.3;57.6678;18.3516
2003;11;06;21;6.4;57.6678;18.3516
2004;03;11;0;-0.3;57.6678;18.3516
2004;03;11;3;-1.5;57.6678;18.3516
2004;03;11;6;-0.7;57.6678;18.3516
2004;03;11;9;2.9;57.6678;18.3516
2004;03;11;12;3.1;57.6678;18.3516
2004;03;11;15;2.1;57.6678;18.3516
2004;03;11;18;-1.7;57.6678;18.3516
2004;03;11;21;-3.2;57.6678;18.3516
2004;04;12;0;2.8;57.6678;18.3516
2004;04;12;3;1.2;57.6678;18.3516
2004;04;12;6;3.2;57.6678;18.3516
2004;04;12;9;3.8;57.6678;18.3516
2004;04;12;12;4.0;57.6678;18.3516
2004;04;12;15;6.3;57.6678;18.3516
2004;04;12;18;2.8;57.6678;18.3516
2004;04;12;21;0.9;57.6678;18.3516
2004;11;06;0;7.2;57.6678;18.3516
2004;11;06;3;6.4;57.6678;18.3516
2004;11;06;6;5.5;57.6678;18.3516
2004;11;06;9;5.5;57.6678;18.3516
2004;11;06;12;4.6;57.6678;18.3516
2004;11;06;15;4.9;57.6678;18.3516
2004;11;06;18;4.0;57.6678;18.3516
2004;11;06;21;4.3;57.6678;18.3516
2005;03;11;0;0.9;57.6678;18.3516
2005;03;11;3;-1.0;57.6678;18.3516
2005;03;11;6;0.4;57.6678;18.3516
2005;03;11;9;0.9;57.6678;18.3516
2005;03;11;12;1.2;57.6678;18.3516
2005;03;11;15;0.6;57.6678;18.3516
2005;03;11;18;0.4;57.6678;18.3516
2005;03;11;21;0.4;57.6678;18.3516
2005;04;12;0;7.3;57.6678;18.3516
2005;04;12;3;6.5;57.6678;18.3516
2005;04;12;6;8.5;57.6678;18.3516
2005;04;12;9;10.5;57.6678;18.3516
2005;04;12;12;12.9;57.6678;18.3516
2005;04;12;15;12.7;57.6678;18.3516
2005;04;12;18;9.3;57.6678;18.3516
2005;04;12;21;10.0;57.6678;18.3516
2005;11;06;0;8.9;57.6678;18.3516
2005;11;06;3;8.9;57.6678;18.3516
2005;11;06;6;8.9;57.6678;18.3516
2005;11;06;9;9.7;57.6678;18.3516
2005;11;06;12;9.6;57.6678;18.3516
2005;11;06;15;9.1;57.6678;18.3516
2005;11;06;18;9.2;57.6678;18.3516
2005;11;06;21;9.7;57.6678;18.3516
2006;03;11;0;-6.7;57.6678;18.3516
2006;03;11;3;-6.0;57.6678;18.3516
2006;03;11;6;-5.9;57.6678;18.3516
2006;03;11;9;-5.2;57.6678;18.3516
2006;03;11;12;-4.8;57.6678;18.3516
2006;03;11;15;-5.1;57.6678;18.3516
2006;03;11;18;-5.6;57.6678;18.3516
2006;03;11;21;-9.2;57.6678;18.3516
2006;04;12;0;0.5;57.6678;18.3516
2006;04;12;3;-0.4;57.6678;18.3516
2006;04;12;6;2.6;57.6678;18.3516
2006;04;12;9;5.5;57.6678;18.3516
2006;04;12;12;6.4;57.6678;18.3516
2006;04;12;15;6.8;57.6678;18.3516
2006;04;12;18;3.8;57.6678;18.3516
2006;04;12;21;1.6;57.6678;18.3516
2006;11;06;0;5.0;57.6678;18.3516
2006;11;06;3;5.1;57.6678;18.3516
2006;11;06;6;6.9;57.6678;18.3516
2006;11;06;9;9.0;57.6678;18.3516
2006;11;06;12;10.4;57.6678;18.3516
2006;11;06;15;9.9;57.6678;18.3516
2006;11;06;18;9.1;57.6678;18.3516
2006;11;06;21;8.8;57.6678;18.3516
2007;03;11;0;5.2;57.6678;18.3516
2007;03;11;3;4.3;57.6678;18.3516
2007;03;11;6;4.3;57.6678;18.3516
2007;03;11;9;5.6;57.6678;18.3516
2007;03;11;12;8.8;57.6678;18.3516
2007;03;11;15;8.4;57.6678;18.3516
2007;03;11;18;8.8;57.6678;18.3516
2007;03;11;21;7.3;57.6678;18.3516
2007;04;12;0;4.8;57.6678;18.3516
2007;04;12;3;3.4;57.6678;18.3516
2007;04;12;6;4.4;57.6678;18.3516
2007;04;12;9;5.9;57.6678;18.3516
2007;04;12;12;5.9;57.6678;18.3516
2007;04;12;15;7.7;57.6678;18.3516
2007;04;12;18;4.6;57.6678;18.3516
2007;04;12;21;1.5;57.6678;18.3516
2007;11;06;0;5.8;57.6678;18.3516
2007;11;06;3;5.2;57.6678;18.3516
2007;11;06;6;5.2;57.6678;18.3516
2007;11;06;9;5.5;57.6678;18.3516
2007;11;06;12;5.7;57.6678;18.3516
2007;11;06;15;6.0;57.6678;18.3516
2007;11;06;18;4.9;57.6678;18.3516
2007;11;06;21;4.9;57.6678;18.3516
2008;03;11;0;5.0;57.6678;18.3516
2008;03;11;3;3.8;57.6678;18.3516
2008;03;11;6;3.8;57.6678;18.3516
2008;03;11;9;5.7;57.6678;18.3516
2008;03;11;12;5.6;57.6678;18.3516
2008;03;11;15;6.8;57.6678;18.3516
2008;03;11;18;5.6;57.6678;18.3516
2008;03;11;21;4.5;57.6678;18.3516
2008;04;12;0;1.4;57.6678;18.3516
2008;04;12;3;2.0;57.6678;18.3516
2008;04;12;6;3.9;57.6678;18.3516
2008;04;12;9;7.9;57.6678;18.3516
2008;04;12;12;6.1;57.6678;18.3516
2008;04;12;15;4.8;57.6678;18.3516
2008;04;12;18;4.1;57.6678;18.3516
2008;04;12;21;3.9;57.6678;18.3516
2008;11;06;0;3.9;57.6678;18.3516
2008;11;06;3;4.1;57.6678;18.3516
2008;11;06;6;3.7;57.6678;18.3516
2008;11;06;9;7.1;57.6678;18.3516
2008;11;06;12;7.8;57.6678;18.3516
2008;11;06;15;4.9;57.6678;18.3516
2008;11;06;18;3.2;57.6678;18.3516
2008;11;06;21;2.8;57.6678;18.3516
2009;03;11;0;-1.1;57.6678;18.3516
2009;03;11;3;-1.1;57.6678;18.3516
2009;03;11;6;-1.1;57.6678;18.3516
2009;03;11;9;-0.6;57.6678;18.3516
2009;03;11;12;-0.1;57.6678;18.3516
2009;03;11;15;0.6;57.6678;18.3516
2009;03;11;18;0.7;57.6678;18.3516
2009;03;11;21;0.8;57.6678;18.3516
2009;04;12;0;0.6;57.6678;18.3516
2009;04;12;3;-0.2;57.6678;18.3516
2009;04;12;6;1.6;57.6678;18.3516
2009;04;12;9;10.0;57.6678;18.3516
2009;04;12;12;5.1;57.6678;18.3516
2009;04;12;15;6.2;57.6678;18.3516
2009;04;12;18;6.5;57.6678;18.3516
2009;04;12;21;4.9;57.6678;18.3516
2009;11;06;0;6.2;57.6678;18.3516
2009;11;06;3;5.9;57.6678;18.3516
2009;11;06;6;5.6;57.6678;18.3516
2009;11;06;9;6.1;57.6678;18.3516
2009;11;06;12;6.5;57.6678;18.3516
2009;11;06;15;6.5;57.6678;18.3516
2009;11;06;18;6.8;57.6678;18.3516
2009;11;06;21;6.6;57.6678;18.3516
2010;03;11;0;-2.3;57.6678;18.3516
2010;03;11;3;-2.5;57.6678;18.3516
2010;03;11;6;-2.5;57.6678;18.3516
2010;03;11;9;-2.3;57.6678;18.3516
2010;03;11;12;-0.9;57.6678;18.3516
2010;03;11;15;0.1;57.6678;18.3516
2010;03;11;18;-1.3;57.6678;18.3516
2010;03;11;21;-1.3;57.6678;18.3516
2010;04;12;0;-0.1;57.6678;18.3516
2010;04;12;3;-0.4;57.6678;18.3516
2010;04;12;6;-0.1;57.6678;18.3516
2010;04;12;9;0.5;57.6678;18.3516
2010;04;12;12;0.5;57.6678;18.3516
2010;04;12;15;0.3;57.6678;18.3516
2010;04;12;18;-1.0;57.6678;18.3516
2010;04;12;21;-2.2;57.6678;18.3516
2010;11;06;0;6.1;57.6678;18.3516
2010;11;06;1;6.1;57.6678;18.3516
2010;11;06;2;6.1;57.6678;18.3516
2010;11;06;3;5.8;57.6678;18.3516
2010;11;06;4;5.7;57.6678;18.3516
2010;11;06;5;5.6;57.6678;18.3516
2010;11;06;6;5.6;57.6678;18.3516
2010;11;06;7;5.5;57.6678;18.3516
2010;11;06;8;5.3;57.6678;18.3516
2010;11;06;9;5.3;57.6678;18.3516
2010;11;06;10;5.4;57.6678;18.3516
2010;11;06;11;5.3;57.6678;18.3516
2010;11;06;12;5.2;57.6678;18.3516
2010;11;06;13;5.0;57.6678;18.3516
2010;11;06;14;4.5;57.6678;18.3516
2010;11;06;15;4.0;57.6678;18.3516
2010;11;06;16;3.7;57.6678;18.3516
2010;11;06;17;4.0;57.6678;18.3516
2010;11;06;18;3.9;57.6678;18.3516
2010;11;06;19;3.1;57.6678;18.3516
2010;11;06;20;3.3;57.6678;18.3516
2010;11;06;21;3.5;57.6678;18.3516
2010;11;06;22;3.4;57.6678;18.3516
2010;11;06;23;3.2;57.6678;18.3516
2011;03;11;0;2.8;57.6678;18.3516
2011;03;11;1;2.3;57.6678;18.3516
2011;03;11;2;2.3;57.6678;18.3516
2011;03;11;3;2.0;57.6678;18.3516
2011;03;11;4;2.0;57.6678;18.3516
2011;03;11;5;2.0;57.6678;18.3516
2011;03;11;6;1.8;57.6678;18.3516
2011;03;11;7;1.3;57.6678;18.3516
2011;03;11;8;0.9;57.6678;18.3516
2011;03;11;9;1.1;57.6678;18.3516
2011;03;11;10;1.2;57.6678;18.3516
2011;03;11;11;1.4;57.6678;18.3516
2011;03;11;12;1.9;57.6678;18.3516
2011;03;11;13;2.0;57.6678;18.3516
2011;03;11;14;2.0;57.6678;18.3516
2011;03;11;15;2.1;57.6678;18.3516
2011;03;11;16;2.2;57.6678;18.3516
2011;03;11;17;1.4;57.6678;18.3516
2011;03;11;18;1.9;57.6678;18.3516
2011;03;11;19;1.5;57.6678;18.3516
2011;03;11;20;1.7;57.6678;18.3516
2011;03;11;21;1.2;57.6678;18.3516
2011;03;11;22;1.3;57.6678;18.3516
2011;03;11;23;1.3;57.6678;18.3516
2011;04;12;0;2.2;57.6678;18.3516
2011;04;12;1;3.4;57.6678;18.3516
2011;04;12;2;3.5;57.6678;18.3516
2011;04;12;3;3.4;57.6678;18.3516
2011;04;12;4;2.0;57.6678;18.3516
2011;04;12;5;1.1;57.6678;18.3516
2011;04;12;6;2.5;57.6678;18.3516
2011;04;12;7;4.5;57.6678;18.3516
2011;04;12;8;5.2;57.6678;18.3516
2011;04;12;9;6.0;57.6678;18.3516
2011;04;12;10;7.7;57.6678;18.3516
2011;04;12;11;7.0;57.6678;18.3516
2011;04;12;12;7.2;57.6678;18.3516
2011;04;12;13;8.5;57.6678;18.3516
2011;04;12;14;7.7;57.6678;18.3516
2011;04;12;15;5.5;57.6678;18.3516
2011;04;12;16;5.9;57.6678;18.3516
2011;04;12;17;6.5;57.6678;18.3516
2011;04;12;18;4.6;57.6678;18.3516
2011;04;12;19;3.4;57.6678;18.3516
2011;04;12;20;3.5;57.6678;18.3516
2011;04;12;21;3.6;57.6678;18.3516
2011;04;12;22;3.3;57.6678;18.3516
2011;04;12;23;2.8;57.6678;18.3516
2011;11;06;0;6.2;57.6678;18.3516
2011;11;06;1;6.7;57.6678;18.3516
2011;11;06;2;6.4;57.6678;18.3516
2011;11;06;3;6.7;57.6678;18.3516
2011;11;06;4;7.3;57.6678;18.3516
2011;11;06;5;7.6;57.6678;18.3516
2011;11;06;6;7.6;57.6678;18.3516
2011;11;06;7;7.5;57.6678;18.3516
2011;11;06;8;7.8;57.6678;18.3516
2011;11;06;9;8.4;57.6678;18.3516
2011;11;06;10;9.1;57.6678;18.3516
2011;11;06;11;9.4;57.6678;18.3516
2011;11;06;12;9.8;57.6678;18.3516
2011;11;06;13;9.5;57.6678;18.3516
2011;11;06;14;8.8;57.6678;18.3516
2011;11;06;15;8.1;57.6678;18.3516
2011;11;06;16;7.8;57.6678;18.3516
2011;11;06;17;7.8;57.6678;18.3516
2011;11;06;18;7.1;57.6678;18.3516
2011;11;06;19;7.8;57.6678;18.3516
2011;11;06;20;8.5;57.6678;18.3516
2011;11;06;21;8.5;57.6678;18.3516
2011;11;06;22;8.0;57.6678;18.3516
2011;11;06;23;7.3;57.6678;18.3516
2012;03;11;0;2.8;57.6678;18.3516
2012;03;11;1;2.8;57.6678;18.3516
2012;03;11;2;2.5;57.6678;18.3516
2012;03;11;3;2.5;57.6678;18.3516
2012;03;11;4;2.2;57.6678;18.3516
2012;03;11;5;2.1;57.6678;18.3516
2012;03;11;6;2.0;57.6678;18.3516
2012;03;11;7;2.4;57.6678;18.3516
2012;03;11;8;2.8;57.6678;18.3516
2012;03;11;9;3.2;57.6678;18.3516
2012;03;11;10;3.7;57.6678;18.3516
2012;03;11;11;4.5;57.6678;18.3516
2012;03;11;12;4.3;57.6678;18.3516
2012;03;11;13;3.8;57.6678;18.3516
2012;03;11;14;4.9;57.6678;18.3516
2012;03;11;15;4.2;57.6678;18.3516
2012;03;11;16;4.1;57.6678;18.3516
2012;03;11;17;3.6;57.6678;18.3516
2012;03;11;18;1.5;57.6678;18.3516
2012;03;11;19;1.8;57.6678;18.3516
2012;03;11;20;3.0;57.6678;18.3516
2012;03;11;21;4.8;57.6678;18.3516
2012;03;11;22;4.8;57.6678;18.3516
2012;03;11;23;3.8;57.6678;18.3516
2012;04;12;0;5.7;57.6678;18.3516
2012;04;12;1;5.6;57.6678;18.3516
2012;04;12;2;4.8;57.6678;18.3516
2012;04;12;3;4.1;57.6678;18.3516
2012;04;12;4;1.8;57.6678;18.3516
2012;04;12;5;4.3;57.6678;18.3516
2012;04;12;6;4.4;57.6678;18.3516
2012;04;12;7;3.9;57.6678;18.3516
2012;04;12;8;3.9;57.6678;18.3516
2012;04;12;9;4.8;57.6678;18.3516
2012;04;12;10;4.6;57.6678;18.3516
2012;04;12;11;4.5;57.6678;18.3516
2012;04;12;12;4.6;57.6678;18.3516
2012;04;12;13;4.7;57.6678;18.3516
2012;04;12;14;4.6;57.6678;18.3516
2012;04;12;15;4.7;57.6678;18.3516
2012;04;12;16;4.6;57.6678;18.3516
2012;04;12;17;4.9;57.6678;18.3516
2012;04;12;18;4.4;57.6678;18.3516
2012;04;12;19;4.3;57.6678;18.3516
2012;04;12;20;3.7;57.6678;18.3516
2012;04;12;21;3.7;57.6678;18.3516
2012;04;12;22;3.5;57.6678;18.3516
2012;04;12;23;3.5;57.6678;18.3516
2012;11;06;0;5.4;57.6678;18.3516
2012;11;06;1;5.4;57.6678;18.3516
2012;11;06;2;5.4;57.6678;18.3516
2012;11;06;3;5.2;57.6678;18.3516
2012;11;06;4;5.1;57.6678;18.3516
2012;11;06;5;4.9;57.6678;18.3516
2012;11;06;6;4.6;57.6678;18.3516
2012;11;06;7;4.6;57.6678;18.3516
2012;11;06;8;4.3;57.6678;18.3516
2012;11;06;9;3.9;57.6678;18.3516
2012;11;06;10;3.9;57.6678;18.3516
2012;11;06;11;4.0;57.6678;18.3516
2012;11;06;12;3.7;57.6678;18.3516
2012;11;06;13;3.6;57.6678;18.3516
2012;11;06;14;3.4;57.6678;18.3516
2012;11;06;15;3.6;57.6678;18.3516
2012;11;06;16;4.0;57.6678;18.3516
2012;11;06;17;4.2;57.6678;18.3516
2012;11;06;18;4.2;57.6678;18.3516
2012;11;06;19;4.9;57.6678;18.3516
2012;11;06;20;5.3;57.6678;18.3516
2012;11;06;21;5.1;57.6678;18.3516
2012;11;06;22;5.5;57.6678;18.3516
2012;11;06;23;5.6;57.6678;18.3516
2013;03;11;0;-8.4;57.6678;18.3516
2013;03;11;1;-8.6;57.6678;18.3516
2013;03;11;2;-9.2;57.6678;18.3516
2013;03;11;3;-9.2;57.6678;18.3516
2013;03;11;4;-9.7;57.6678;18.3516
2013;03;11;5;-9.8;57.6678;18.3516
2013;03;11;6;-8.7;57.6678;18.3516
2013;03;11;7;-5.9;57.6678;18.3516
2013;03;11;8;-5.0;57.6678;18.3516
2013;03;11;9;-4.2;57.6678;18.3516
2013;03;11;10;-3.6;57.6678;18.3516
2013;03;11;11;-3.3;57.6678;18.3516
2013;03;11;12;-2.9;57.6678;18.3516
2013;03;11;13;-2.8;57.6678;18.3516
2013;03;11;14;-3.0;57.6678;18.3516
2013;03;11;15;-3.1;57.6678;18.3516
2013;03;11;16;-4.0;57.6678;18.3516
2013;03;11;17;-5.4;57.6678;18.3516
2013;03;11;18;-8.4;57.6678;18.3516
2013;03;11;19;-10.1;57.6678;18.3516
2013;03;11;20;-9.9;57.6678;18.3516
2013;03;11;21;-9.9;57.6678;18.3516
2013;03;11;22;-9.7;57.6678;18.3516
2013;03;11;23;-9.5;57.6678;18.3516
2013;04;12;0;1.2;57.6678;18.3516
2013;04;12;1;0.9;57.6678;18.3516
2013;04;12;2;1.5;57.6678;18.3516
2013;04;12;3;1.9;57.6678;18.3516
2013;04;12;4;2.1;57.6678;18.3516
2013;04;12;5;2.4;57.6678;18.3516
2013;04;12;6;2.9;57.6678;18.3516
2013;04;12;7;3.7;57.6678;18.3516
2013;04;12;8;3.1;57.6678;18.3516
2013;04;12;9;3.0;57.6678;18.3516
2013;04;12;10;3.4;57.6678;18.3516
2013;04;12;11;3.2;57.6678;18.3516
2013;04;12;12;3.6;57.6678;18.3516
2013;04;12;13;4.2;57.6678;18.3516
2013;04;12;14;5.0;57.6678;18.3516
2013;04;12;15;4.5;57.6678;18.3516
2013;04;12;16;4.7;57.6678;18.3516
2013;04;12;17;4.7;57.6678;18.3516
2013;04;12;18;5.1;57.6678;18.3516
2013;04;12;19;5.0;57.6678;18.3516
2013;04;12;20;4.9;57.6678;18.3516
2013;04;12;21;4.5;57.6678;18.3516
2013;04;12;22;4.1;57.6678;18.3516
2013;04;12;23;3.8;57.6678;18.3516
2013;11;06;0;7.4;57.6678;18.3516
2013;11;06;1;7.3;57.6678;18.3516
2013;11;06;2;6.9;57.6678;18.3516
2013;11;06;3;4.2;57.6678;18.3516
2013;11;06;4;3.1;57.6678;18.3516
2013;11;06;5;4.4;57.6678;18.3516
2013;11;06;6;3.1;57.6678;18.3516
2013;11;06;7;2.4;57.6678;18.3516
2013;11;06;8;5.6;57.6678;18.3516
2013;11;06;9;6.2;57.6678;18.3516
2013;11;06;10;6.1;57.6678;18.3516
2013;11;06;11;6.9;57.6678;18.3516
2013;11;06;12;7.1;57.6678;18.3516
2013;11;06;13;7.3;57.6678;18.3516
2013;11;06;14;6.7;57.6678;18.3516
2013;11;06;15;6.6;57.6678;18.3516
2013;11;06;16;6.3;57.6678;18.3516
2013;11;06;17;5.6;57.6678;18.3516
2013;11;06;18;6.4;57.6678;18.3516
2013;11;06;19;7.0;57.6678;18.3516
2013;11;06;20;7.1;57.6678;18.3516
2013;11;06;21;6.6;57.6678;18.3516
2013;11;06;22;5.6;57.6678;18.3516
2013;11;06;23;3.9;57.6678;18.3516
2014;03;11;0;3.2;57.6678;18.3516
2014;03;11;1;3.2;57.6678;18.3516
2014;03;11;2;2.9;57.6678;18.3516
2014;03;11;3;2.7;57.6678;18.3516
2014;03;11;4;1.7;57.6678;18.3516
2014;03;11;5;2.3;57.6678;18.3516
2014;03;11;6;2.6;57.6678;18.3516
2014;03;11;7;3.2;57.6678;18.3516
2014;03;11;8;4.1;57.6678;18.3516
2014;03;11;9;4.3;57.6678;18.3516
2014;03;11;10;4.7;57.6678;18.3516
2014;03;11;11;4.7;57.6678;18.3516
2014;03;11;12;4.7;57.6678;18.3516
2014;03;11;13;4.6;57.6678;18.3516
2014;03;11;14;4.4;57.6678;18.3516
2014;03;11;15;4.7;57.6678;18.3516
2014;03;11;16;4.0;57.6678;18.3516
2014;03;11;17;0.8;57.6678;18.3516
2014;03;11;18;0.6;57.6678;18.3516
2014;03;11;19;0.7;57.6678;18.3516
2014;03;11;20;2.8;57.6678;18.3516
2014;03;11;21;2.4;57.6678;18.3516
2014;03;11;22;2.2;57.6678;18.3516
2014;03;11;23;2.7;57.6678;18.3516
2014;04;12;0;4.3;57.6678;18.3516
2014;04;12;1;1.7;57.6678;18.3516
2014;04;12;2;1.7;57.6678;18.3516
2014;04;12;3;1.5;57.6678;18.3516
2014;04;12;4;1.3;57.6678;18.3516
2014;04;12;5;2.0;57.6678;18.3516
2014;04;12;6;4.5;57.6678;18.3516
2014;04;12;7;5.8;57.6678;18.3516
2014;04;12;8;6.0;57.6678;18.3516
2014;04;12;9;6.4;57.6678;18.3516
2014;04;12;10;9.7;57.6678;18.3516
2014;04;12;11;9.9;57.6678;18.3516
2014;04;12;12;8.9;57.6678;18.3516
2014;04;12;13;9.9;57.6678;18.3516
2014;04;12;14;9.9;57.6678;18.3516
2014;04;12;15;9.4;57.6678;18.3516
2014;04;12;16;8.6;57.6678;18.3516
2014;04;12;17;7.6;57.6678;18.3516
2014;04;12;18;7.1;57.6678;18.3516
2014;04;12;19;6.8;57.6678;18.3516
2014;04;12;20;6.5;57.6678;18.3516
2014;04;12;21;6.3;57.6678;18.3516
2014;04;12;22;6.0;57.6678;18.3516
2014;04;12;23;5.8;57.6678;18.3516
2014;11;06;0;5.9;57.6678;18.3516
2014;11;06;1;6.2;57.6678;18.3516
2014;11;06;2;6.2;57.6678;18.3516
2014;11;06;3;6.2;57.6678;18.3516
2014;11;06;4;6.1;57.6678;18.3516
2014;11;06;5;6.2;57.6678;18.3516
2014;11;06;6;6.3;57.6678;18.3516
2014;11;06;7;6.3;57.6678;18.3516
2014;11;06;8;6.3;57.6678;18.3516
2014;11;06;9;6.6;57.6678;18.3516
2014;11;06;10;6.8;57.6678;18.3516
2014;11;06;11;6.9;57.6678;18.3516
2014;11;06;12;6.9;57.6678;18.3516
2014;11;06;13;6.9;57.6678;18.3516
2014;11;06;14;7.1;57.6678;18.3516
2014;11;06;15;7.5;57.6678;18.3516
2014;11;06;16;7.5;57.6678;18.3516
2014;11;06;17;7.5;57.6678;18.3516
2014;11;06;18;7.4;57.6678;18.3516
2014;11;06;19;7.5;57.6678;18.3516
2014;11;06;20;7.3;57.6678;18.3516
2014;11;06;21;7.1;57.6678;18.3516
2014;11;06;22;6.8;57.6678;18.3516
2014;11;06;23;6.6;57.6678;18.3516
2015;03;11;0;4.4;57.6678;18.3516
2015;03;11;1;4.1;57.6678;18.3516
2015;03;11;2;3.8;57.6678;18.3516
2015;03;11;3;3.6;57.6678;18.3516
2015;03;11;4;2.9;57.6678;18.3516
2015;03;11;5;2.5;57.6678;18.3516
2015;03;11;6;2.8;57.6678;18.3516
2015;03;11;7;3.7;57.6678;18.3516
2015;03;11;8;5.4;57.6678;18.3516
2015;03;11;9;6.2;57.6678;18.3516
2015;03;11;10;5.2;57.6678;18.3516
2015;03;11;11;5.3;57.6678;18.3516
2015;03;11;12;4.5;57.6678;18.3516
2015;03;11;13;3.9;57.6678;18.3516
2015;03;11;14;4.3;57.6678;18.3516
2015;03;11;15;4.0;57.6678;18.3516
2015;03;11;16;3.2;57.6678;18.3516
2015;03;11;17;1.8;57.6678;18.3516
2015;03;11;18;1.1;57.6678;18.3516
2015;03;11;19;-0.1;57.6678;18.3516
2015;03;11;20;-0.3;57.6678;18.3516
2015;03;11;21;-0.3;57.6678;18.3516
2015;03;11;22;-0.4;57.6678;18.3516
2015;03;11;23;-0.4;57.6678;18.3516
2015;04;12;0;8.5;57.6678;18.3516
2015;04;12;1;8.0;57.6678;18.3516
2015;04;12;2;8.8;57.6678;18.3516
2015;04;12;3;8.0;57.6678;18.3516
2015;04;12;4;7.8;57.6678;18.3516
2015;04;12;5;5.9;57.6678;18.3516
2015;04;12;6;5.6;57.6678;18.3516
2015;04;12;7;5.5;57.6678;18.3516
2015;04;12;8;6.2;57.6678;18.3516
2015;04;12;9;7.5;57.6678;18.3516
2015;04;12;10;8.1;57.6678;18.3516
2015;04;12;11;8.7;57.6678;18.3516
2015;04;12;12;8.9;57.6678;18.3516
2015;04;12;13;9.1;57.6678;18.3516
2015;04;12;14;9.1;57.6678;18.3516
2015;04;12;15;8.2;57.6678;18.3516
2015;04;12;16;7.9;57.6678;18.3516
2015;04;12;17;6.7;57.6678;18.3516
2015;04;12;18;6.5;57.6678;18.3516
2015;04;12;19;6.4;57.6678;18.3516
2015;04;12;20;6.5;57.6678;18.3516
2015;04;12;21;6.5;57.6678;18.3516
2015;04;12;22;5.8;57.6678;18.3516
2015;04;12;23;5.5;57.6678;18.3516
2015;11;06;0;8.1;57.6678;18.3516
2015;11;06;1;8.0;57.6678;18.3516
2015;11;06;2;8.1;57.6678;18.3516
2015;11;06;3;8.0;57.6678;18.3516
2015;11;06;4;7.9;57.6678;18.3516
2015;11;06;5;7.8;57.6678;18.3516
2015;11;06;6;8.0;57.6678;18.3516
2015;11;06;7;8.2;57.6678;18.3516
2015;11;06;8;8.7;57.6678;18.3516
2015;11;06;9;9.0;57.6678;18.3516
2015;11;06;10;9.3;57.6678;18.3516
2015;11;06;11;9.5;57.6678;18.3516
2015;11;06;12;9.6;57.6678;18.3516
2015;11;06;13;9.6;57.6678;18.3516
2015;11;06;14;9.2;57.6678;18.3516
2015;11;06;15;8.9;57.6678;18.3516
2015;11;06;16;8.6;57.6678;18.3516
2015;11;06;17;8.4;57.6678;18.3516
2015;11;06;18;8.4;57.6678;18.3516
2015;11;06;19;8.4;57.6678;18.3516
2015;11;06;20;8.4;57.6678;18.3516
2015;11;06;21;8.2;57.6678;18.3516
2015;11;06;22;8.2;57.6678;18.3516
2015;11;06;23;8.1;57.6678;18.3516
2016;03;11;0;-0.7;57.6678;18.3516
2016;03;11;1;-0.9;57.6678;18.3516
2016;03;11;2;-1.2;57.6678;18.3516
2016;03;11;3;-1.4;57.6678;18.3516
2016;03;11;4;-0.9;57.6678;18.3516
2016;03;11;5;-0.8;57.6678;18.3516
2016;03;11;6;-1.2;57.6678;18.3516
2016;03;11;7;-0.9;57.6678;18.3516
2016;03;11;8;0.3;57.6678;18.3516
2016;03;11;9;1.2;57.6678;18.3516
2016;03;11;10;1.5;57.6678;18.3516
2016;03;11;11;1.9;57.6678;18.3516
2016;03;11;12;1.7;57.6678;18.3516
2016;03;11;13;1.5;57.6678;18.3516
2016;03;11;14;1.1;57.6678;18.3516
2016;03;11;15;0.1;57.6678;18.3516
2016;03;11;16;-0.8;57.6678;18.3516
2016;03;11;17;-0.8;57.6678;18.3516
2016;03;11;18;-1.7;57.6678;18.3516
2016;03;11;19;-3.3;57.6678;18.3516
2016;03;11;20;-3.9;57.6678;18.3516
2016;03;11;21;-4.4;57.6678;18.3516
2016;03;11;22;-5.2;57.6678;18.3516
2016;03;11;23;-5.7;57.6678;18.3516
2016;04;12;0;1.1;57.6678;18.3516
2016;04;12;1;0.5;57.6678;18.3516
2016;04;12;2;1.0;57.6678;18.3516
2016;04;12;3;1.3;57.6678;18.3516
2016;04;12;4;0.8;57.6678;18.3516
2016;04;12;5;2.0;57.6678;18.3516
2016;04;12;6;5.7;57.6678;18.3516
2016;04;12;7;8.4;57.6678;18.3516
2016;04;12;8;10.0;57.6678;18.3516
2016;04;12;9;11.5;57.6678;18.3516
2016;04;12;10;12.3;57.6678;18.3516
2016;04;12;11;12.3;57.6678;18.3516
2016;04;12;12;12.5;57.6678;18.3516
2016;04;12;13;12.2;57.6678;18.3516
2016;04;12;14;11.5;57.6678;18.3516
2016;04;12;15;11.1;57.6678;18.3516
2016;04;12;16;10.5;57.6678;18.3516
2016;04;12;17;9.3;57.6678;18.3516
2016;04;12;18;7.0;57.6678;18.3516
2016;04;12;19;4.2;57.6678;18.3516
2016;04;12;20;2.5;57.6678;18.3516
2016;04;12;21;1.4;57.6678;18.3516
2016;04;12;22;-0.5;57.6678;18.3516
2016;04;12;23;-0.1;57.6678;18.3516
2016;11;06;0;1.8;57.6678;18.3516
2016;11;06;1;2.0;57.6678;18.3516
2016;11;06;2;2.2;57.6678;18.3516
2016;11;06;3;2.1;57.6678;18.3516
2016;11;06;4;1.9;57.6678;18.3516
2016;11;06;5;1.4;57.6678;18.3516
2016;11;06;6;0.7;57.6678;18.3516
2016;11;06;7;0.2;57.6678;18.3516
2016;11;06;8;-0.1;57.6678;18.3516
2016;11;06;9;-0.1;57.6678;18.3516
2016;11;06;10;-0.2;57.6678;18.3516
2016;11;06;11;-0.3;57.6678;18.3516
2016;11;06;12;-0.4;57.6678;18.3516
2016;11;06;13;-0.2;57.6678;18.3516
2016;11;06;14;-0.3;57.6678;18.3516
2016;11;06;15;-0.4;57.6678;18.3516
2016;11;06;16;-0.4;57.6678;18.3516
2016;11;06;17;-0.4;57.6678;18.3516
2016;11;06;18;-0.5;57.6678;18.3516
2016;11;06;19;-0.7;57.6678;18.3516
2016;11;06;20;-1.0;57.6678;18.3516
2016;11;06;21;-1.0;57.6678;18.3516
2016;11;06;22;-0.9;57.6678;18.3516
2016;11;06;23;-1.0;57.6678;18.3516
2017;03;11;0;1.3;57.6678;18.3516
2017;03;11;1;1.4;57.6678;18.3516
2017;03;11;2;0.9;57.6678;18.3516
2017;03;11;3;0.6;57.6678;18.3516
2017;03;11;4;0.8;57.6678;18.3516
2017;03;11;5;0.9;57.6678;18.3516
2017;03;11;6;0.8;57.6678;18.3516
2017;03;11;7;1.4;57.6678;18.3516
2017;03;11;8;2.2;57.6678;18.3516
2017;03;11;9;2.5;57.6678;18.3516
2017;03;11;10;2.3;57.6678;18.3516
2017;03;11;11;2.5;57.6678;18.3516
2017;03;11;12;2.9;57.6678;18.3516
2017;03;11;15;2.3;57.6678;18.3516
2017;03;11;16;1.4;57.6678;18.3516
2017;03;11;17;0.3;57.6678;18.3516
2017;03;11;18;-2.3;57.6678;18.3516
2017;03;11;19;-2.9;57.6678;18.3516
2017;03;11;20;-3.5;57.6678;18.3516
2017;03;11;21;-4.0;57.6678;18.3516
2017;03;11;22;-4.2;57.6678;18.3516
2017;03;11;23;-4.7;57.6678;18.3516
2017;04;12;0;2.7;57.6678;18.3516
2017;04;12;1;2.8;57.6678;18.3516
2017;04;12;2;1.2;57.6678;18.3516
2017;04;12;3;-0.6;57.6678;18.3516
2017;04;12;4;2.5;57.6678;18.3516
2017;04;12;5;3.5;57.6678;18.3516
2017;04;12;6;4.4;57.6678;18.3516
2017;04;12;7;4.2;57.6678;18.3516
2017;04;12;8;4.5;57.6678;18.3516
2017;04;12;9;4.5;57.6678;18.3516
2017;04;12;10;4.9;57.6678;18.3516
2017;04;12;11;6.2;57.6678;18.3516
2017;04;12;12;7.3;57.6678;18.3516
2017;04;12;13;6.4;57.6678;18.3516
2017;04;12;14;6.0;57.6678;18.3516
2017;04;12;15;5.5;57.6678;18.3516
2017;04;12;16;5.6;57.6678;18.3516
2017;04;12;17;4.5;57.6678;18.3516
2017;04;12;18;3.8;57.6678;18.3516
2017;04;12;19;3.8;57.6678;18.3516
2017;04;12;20;2.8;57.6678;18.3516
2017;04;12;21;2.5;57.6678;18.3516
2017;04;12;22;2.3;57.6678;18.3516
2017;04;12;23;2.5;57.6678;18.3516
2017;11;06;0;8.7;57.6678;18.3516
2017;11;06;1;8.6;57.6678;18.3516
2017;11;06;2;8.5;57.6678;18.3516
2017;11;06;3;7.9;57.6678;18.3516
2017;11;06;4;8.0;57.6678;18.3516
2017;11;06;5;8.3;57.6678;18.3516
2017;11;06;6;8.3;57.6678;18.3516
2017;11;06;7;8.2;57.6678;18.3516
2017;11;06;8;8.2;57.6678;18.3516
2017;11;06;9;8.1;57.6678;18.3516
2017;11;06;10;8.0;57.6678;18.3516
2017;11;06;11;7.9;57.6678;18.3516
2017;11;06;12;7.8;57.6678;18.3516
2017;11;06;13;7.7;57.6678;18.3516
2017;11;06;14;7.8;57.6678;18.3516
2017;11;06;15;7.4;57.6678;18.3516
2017;11;06;16;7.5;57.6678;18.3516
2017;11;06;17;7.6;57.6678;18.3516
2017;11;06;18;7.5;57.6678;18.3516
2017;11;06;19;7.2;57.6678;18.3516
2017;11;06;20;6.9;57.6678;18.3516
2017;11;06;21;6.4;57.6678;18.3516
2017;11;06;22;1.9;57.6678;18.3516
2017;11;06;23;0.5;57.6678;18.3516
2018;03;11;0;-1.0;57.6678;18.3516
2018;03;11;1;-1.1;57.6678;18.3516
2018;03;11;2;-1.1;57.6678;18.3516
2018;03;11;3;-0.9;57.6678;18.3516
2018;03;11;4;-0.7;57.6678;18.3516
2018;03;11;5;-0.6;57.6678;18.3516
2018;03;11;6;-0.3;57.6678;18.3516
2018;03;11;7;0.2;57.6678;18.3516
2018;03;11;8;0.9;57.6678;18.3516
2018;03;11;9;1.4;57.6678;18.3516
2018;03;11;10;1.7;57.6678;18.3516
2018;03;11;11;1.7;57.6678;18.3516
2018;03;11;12;1.8;57.6678;18.3516
2018;03;11;13;2.0;57.6678;18.3516
2018;03;11;14;2.1;57.6678;18.3516
2018;03;11;15;1.5;57.6678;18.3516
2018;03;11;16;1.4;57.6678;18.3516
2018;03;11;17;1.5;57.6678;18.3516
2018;03;11;18;1.5;57.6678;18.3516
2018;03;11;19;1.9;57.6678;18.3516
2018;03;11;20;2.3;57.6678;18.3516
2018;03;11;21;2.3;57.6678;18.3516
2018;03;11;22;2.0;57.6678;18.3516
2018;03;11;23;1.9;57.6678;18.3516
2018;04;12;0;1.7;57.6678;18.3516
2018;04;12;1;1.3;57.6678;18.3516
2018;04;12;2;-0.3;57.6678;18.3516
2018;04;12;3;-0.3;57.6678;18.3516
2018;04;12;4;-0.5;57.6678;18.3516
2018;04;12;5;1.5;57.6678;18.3516
2018;04;12;6;4.5;57.6678;18.3516
2018;04;12;7;6.6;57.6678;18.3516
2018;04;12;8;8.4;57.6678;18.3516
2018;04;12;9;9.6;57.6678;18.3516
2018;04;12;10;10.3;57.6678;18.3516
2018;04;12;11;10.5;57.6678;18.3516
2018;04;12;12;10.4;57.6678;18.3516
2018;04;12;13;10.5;57.6678;18.3516
2018;04;12;14;10.0;57.6678;18.3516
2018;04;12;15;9.4;57.6678;18.3516
2018;04;12;16;8.3;57.6678;18.3516
2018;04;12;17;7.2;57.6678;18.3516
2018;04;12;18;5.7;57.6678;18.3516
2018;04;12;19;4.7;57.6678;18.3516
2018;04;12;20;5.0;57.6678;18.3516
2018;04;12;21;4.4;57.6678;18.3516
2018;04;12;22;5.3;57.6678;18.3516
2018;04;12;23;5.1;57.6678;18.3516
2018;11;06;0;9.3;57.6678;18.3516
2018;11;06;1;9.1;57.6678;18.3516
2018;11;06;2;9.1;57.6678;18.3516
2018;11;06;3;9.1;57.6678;18.3516
2018;11;06;4;8.7;57.6678;18.3516
2018;11;06;5;8.4;57.6678;18.3516
2018;11;06;6;8.0;57.6678;18.3516
2018;11;06;7;8.3;57.6678;18.3516
2018;11;06;8;8.5;57.6678;18.3516
2018;11;06;9;8.7;57.6678;18.3516
2018;11;06;10;8.7;57.6678;18.3516
2018;11;06;11;8.9;57.6678;18.3516
2018;11;06;12;9.1;57.6678;18.3516
2018;11;06;13;9.3;57.6678;18.3516
2018;11;06;14;9.2;57.6678;18.3516
2018;11;06;15;9.2;57.6678;18.3516
2018;11;06;16;9.0;57.6678;18.3516
2018;11;06;17;8.4;57.6678;18.3516
2018;11;06;18;8.1;57.6678;18.3516
2018;11;06;19;8.3;57.6678;18.3516
2018;11;06;20;7.6;57.6678;18.3516
2018;11;06;21;7.0;57.6678;18.3516
2018;11;06;22;7.5;57.6678;18.3516
2018;11;06;23;7.4;57.6678;18.3516
2019;03;11;0;-0.8;57.6678;18.3516
2019;03;11;1;-1.6;57.6678;18.3516
2019;03;11;2;-1.7;57.6678;18.3516
2019;03;11;3;-1.7;57.6678;18.3516
2019;03;11;4;-1.8;57.6678;18.3516
2019;03;11;5;-2.0;57.6678;18.3516
2019;03;11;6;-2.1;57.6678;18.3516
2019;03;11;7;-2.0;57.6678;18.3516
2019;03;11;8;-2.1;57.6678;18.3516
2019;03;11;9;-2.0;57.6678;18.3516
2019;03;11;10;-2.2;57.6678;18.3516
2019;03;11;11;-1.7;57.6678;18.3516
2019;03;11;12;-0.8;57.6678;18.3516
2019;03;11;13;-1.0;57.6678;18.3516
2019;03;11;14;-0.6;57.6678;18.3516
2019;03;11;15;-0.5;57.6678;18.3516
2019;03;11;16;-0.3;57.6678;18.3516
2019;03;11;17;-0.4;57.6678;18.3516
2019;03;11;18;-0.1;57.6678;18.3516
2019;03;11;19;0.0;57.6678;18.3516
2019;03;11;20;-0.2;57.6678;18.3516
2019;03;11;21;-0.5;57.6678;18.3516
2019;03;11;22;-0.8;57.6678;18.3516
2019;03;11;23;-1.2;57.6678;18.3516
2019;04;12;0;-2.7;57.6678;18.3516
2019;04;12;1;-3.9;57.6678;18.3516
2019;04;12;2;-5.3;57.6678;18.3516
2019;04;12;3;-6.0;57.6678;18.3516
2019;04;12;4;-5.9;57.6678;18.3516
2019;04;12;5;-4.5;57.6678;18.3516
2019;04;12;6;-0.8;57.6678;18.3516
2019;04;12;7;0.9;57.6678;18.3516
2019;04;12;8;1.4;57.6678;18.3516
2019;04;12;9;1.9;57.6678;18.3516
2019;04;12;10;2.0;57.6678;18.3516
2019;04;12;11;1.8;57.6678;18.3516
2019;04;12;12;2.0;57.6678;18.3516
2019;04;12;13;2.1;57.6678;18.3516
2019;04;12;14;2.0;57.6678;18.3516
2019;04;12;15;2.1;57.6678;18.3516
2019;04;12;16;2.0;57.6678;18.3516
2019;04;12;17;1.7;57.6678;18.3516
2019;04;12;18;-0.2;57.6678;18.3516
2019;04;12;19;-1.9;57.6678;18.3516
2019;04;12;20;-2.6;57.6678;18.3516
2019;04;12;21;-2.9;57.6678;18.3516
2019;04;12;22;-4.1;57.6678;18.3516
2019;04;12;23;-6.0;57.6678;18.3516
2019;11;06;0;4.7;57.6678;18.3516
2019;11;06;1;4.6;57.6678;18.3516
2019;11;06;2;4.6;57.6678;18.3516
2019;11;06;3;4.7;57.6678;18.3516
2019;11;06;4;4.7;57.6678;18.3516
2019;11;06;5;4.8;57.6678;18.3516
2019;11;06;6;4.7;57.6678;18.3516
2019;11;06;7;4.7;57.6678;18.3516
2019;11;06;8;4.8;57.6678;18.3516
2019;11;06;9;4.5;57.6678;18.3516
2019;11;06;10;4.6;57.6678;18.3516
2019;11;06;11;4.4;57.6678;18.3516
2019;11;06;12;4.3;57.6678;18.3516
2019;11;06;13;3.9;57.6678;18.3516
2019;11;06;14;3.5;57.6678;18.3516
2019;11;06;15;3.5;57.6678;18.3516
2019;11;06;16;3.5;57.6678;18.3516
2019;11;06;17;3.6;57.6678;18.3516
2019;11;06;18;3.6;57.6678;18.3516
2019;11;06;19;3.7;57.6678;18.3516
2019;11;06;20;3.9;57.6678;18.3516
2019;11;06;21;4.2;57.6678;18.3516
2019;11;06;22;4.3;57.6678;18.3516
2019;11;06;23;4.0;57.6678;18.3516
2020;03;11;0;5.3;57.6678;18.3516
2020;03;11;1;5.6;57.6678;18.3516
2020;03;11;2;6.1;57.6678;18.3516
2020;03;11;3;5.7;57.6678;18.3516
2020;03;11;4;5.5;57.6678;18.3516
2020;03;11;5;5.5;57.6678;18.3516
2020;03;11;6;5.7;57.6678;18.3516
2020;03;11;7;5.6;57.6678;18.3516
2020;03;11;8;5.3;57.6678;18.3516
2020;03;11;9;5.9;57.6678;18.3516
2020;03;11;10;5.9;57.6678;18.3516
2020;03;11;11;5.9;57.6678;18.3516
2020;03;11;12;5.5;57.6678;18.3516
2020;03;11;13;5.5;57.6678;18.3516
2020;03;11;14;6.0;57.6678;18.3516
2020;03;11;15;6.7;57.6678;18.3516
2020;03;11;16;7.1;57.6678;18.3516
2020;03;11;17;6.3;57.6678;18.3516
2020;03;11;18;6.0;57.6678;18.3516
2020;03;11;19;5.8;57.6678;18.3516
2020;03;11;20;5.7;57.6678;18.3516
2020;03;11;21;5.1;57.6678;18.3516
2020;03;11;22;4.5;57.6678;18.3516
2020;03;11;23;4.9;57.6678;18.3516
2020;04;12;0;5.2;57.6678;18.3516
2020;04;12;1;4.6;57.6678;18.3516
2020;04;12;2;4.7;57.6678;18.3516
2020;04;12;3;4.8;57.6678;18.3516
2020;04;12;4;5.3;57.6678;18.3516
2020;04;12;5;5.7;57.6678;18.3516
2020;04;12;6;6.6;57.6678;18.3516
2020;04;12;7;7.0;57.6678;18.3516
2020;04;12;8;8.4;57.6678;18.3516
2020;04;12;9;9.6;57.6678;18.3516
2020;04;12;10;11.1;57.6678;18.3516
2020;04;12;11;11.6;57.6678;18.3516
2020;04;12;12;12.3;57.6678;18.3516
2020;04;12;13;12.2;57.6678;18.3516
2020;04;12;14;12.0;57.6678;18.3516
2020;04;12;15;11.1;57.6678;18.3516
2020;04;12;16;11.5;57.6678;18.3516
2020;04;12;17;11.6;57.6678;18.3516
2020;04;12;18;10.4;57.6678;18.3516
2020;04;12;19;8.1;57.6678;18.3516
2020;04;12;20;8.0;57.6678;18.3516
2020;04;12;21;7.4;57.6678;18.3516
2020;04;12;22;6.7;57.6678;18.3516
2020;04;12;23;6.4;57.6678;18.3516
2020;11;06;6;9.0;57.6678;18.3516
2020;11;06;10;11.9;57.6678;18.3516
2020;11;06;11;12.0;57.6678;18.3516
2020;11;06;12;12.4;57.6678;18.3516
2020;11;06;13;12.6;57.6678;18.3516
2020;11;06;14;12.6;57.6678;18.3516
2020;11;06;15;10.9;57.6678;18.3516
2020;11;06;16;9.4;57.6678;18.3516
2020;11;06;17;12.0;57.6678;18.3516
2020;11;06;18;12.1;57.6678;18.3516
2020;11;06;19;11.3;57.6678;18.3516
2020;11;06;20;11.0;57.6678;18.3516
2020;11;06;21;10.9;57.6678;18.3516
2020;11;06;22;8.5;57.6678;18.3516
2020;11;06;23;8.3;57.6678;18.3516
2021;03;11;0;-4.5;57.6678;18.3516
2021;03;11;1;-4.5;57.6678;18.3516
2021;03;11;2;-3.8;57.6678;18.3516
2021;03;11;3;-3.1;57.6678;18.3516
2021;03;11;4;-2.7;57.6678;18.3516
2021;03;11;5;-1.2;57.6678;18.3516
2021;03;11;6;0.1;57.6678;18.3516
2021;03;11;7;0.9;57.6678;18.3516
2021;03;11;8;1.6;57.6678;18.3516
2021;03;11;9;1.7;57.6678;18.3516
2021;03;11;10;2.0;57.6678;18.3516
2021;03;11;11;2.0;57.6678;18.3516
2021;03;11;12;2.2;57.6678;18.3516
2021;03;11;13;1.2;57.6678;18.3516
2021;03;11;14;0.3;57.6678;18.3516
2021;03;11;15;0.1;57.6678;18.3516
2021;03;11;16;0.0;57.6678;18.3516
2021;03;11;17;0.1;57.6678;18.3516
2021;03;11;18;-0.1;57.6678;18.3516
2021;03;11;19;0.0;57.6678;18.3516
2021;03;11;20;0.8;57.6678;18.3516
2021;03;11;21;1.1;57.6678;18.3516
2021;03;11;22;1.6;57.6678;18.3516
2021;03;11;23;1.9;57.6678;18.3516
2021;04;12;0;6.9;57.6678;18.3516
2021;04;12;1;6.8;57.6678;18.3516
2021;04;12;2;6.3;57.6678;18.3516
2021;04;12;3;6.0;57.6678;18.3516
2021;04;12;4;5.6;57.6678;18.3516
2021;04;12;5;6.9;57.6678;18.3516
2021;04;12;6;8.3;57.6678;18.3516
2021;04;12;7;8.7;57.6678;18.3516
2021;04;12;8;6.4;57.6678;18.3516
2021;04;12;9;4.9;57.6678;18.3516
2021;04;12;10;5.2;57.6678;18.3516
2021;04;12;11;5.5;57.6678;18.3516
2021;04;12;12;7.0;57.6678;18.3516
2021;04;12;13;6.1;57.6678;18.3516
2021;04;12;14;6.5;57.6678;18.3516
2021;04;12;15;6.5;57.6678;18.3516
2021;04;12;16;6.6;57.6678;18.3516
2021;04;12;17;6.4;57.6678;18.3516
2021;04;12;18;5.5;57.6678;18.3516
2021;04;12;19;4.8;57.6678;18.3516
2021;04;12;20;4.8;57.6678;18.3516
2021;04;12;21;4.5;57.6678;18.3516
2021;04;12;22;3.8;57.6678;18.3516
2021;04;12;23;3.3;57.6678;18.3516
2021;11;06;0;7.9;57.6678;18.3516
2021;11;06;1;7.6;57.6678;18.3516
2021;11;06;2;7.6;57.6678;18.3516
2021;11;06;3;7.9;57.6678;18.3516
2021;11;06;4;7.6;57.6678;18.3516
2021;11;06;5;8.1;57.6678;18.3516
2021;11;06;6;8.4;57.6678;18.3516
2021;11;06;9;9.5;57.6678;18.3516
2021;11;06;10;9.5;57.6678;18.3516
2021;11;06;11;9.9;57.6678;18.3516
2021;11;06;12;9.5;57.6678;18.3516
2021;11;06;13;9.1;57.6678;18.3516
2021;11;06;14;8.9;57.6678;18.3516
2021;11;06;15;7.4;57.6678;18.3516
2021;11;06;16;6.7;57.6678;18.3516
2021;11;06;17;5.4;57.6678;18.3516
2021;11;06;18;6.4;57.6678;18.3516
2021;11;06;19;6.8;57.6678;18.3516
2021;11;06;20;7.3;57.6678;18.3516
2021;11;06;21;7.4;57.6678;18.3516
2021;11;06;22;7.4;57.6678;18.3516
2021;11;06;23;7.6;57.6678;18.3516
2022;03;11;0;-2.9;57.6678;18.3516
2022;03;11;1;-4.5;57.6678;18.3516
2022;03;11;2;-2.6;57.6678;18.3516
2022;03;11;3;-2.5;57.6678;18.3516
2022;03;11;4;-1.6;57.6678;18.3516
2022;03;11;5;-4.4;57.6678;18.3516
2022;03;11;6;-3.6;57.6678;18.3516
2022;03;11;7;-0.1;57.6678;18.3516
2022;03;11;8;2.7;57.6678;18.3516
2022;03;11;9;2.9;57.6678;18.3516
2022;03;11;10;3.8;57.6678;18.3516
2022;03;11;11;4.2;57.6678;18.3516
2022;03;11;12;4.6;57.6678;18.3516
2022;03;11;13;4.6;57.6678;18.3516
2022;03;11;14;4.4;57.6678;18.3516
2022;03;11;15;4.0;57.6678;18.3516
2022;03;11;16;2.3;57.6678;18.3516
2022;03;11;17;0.6;57.6678;18.3516
2022;03;11;18;-0.6;57.6678;18.3516
2022;03;11;19;-0.3;57.6678;18.3516
2022;03;11;20;-0.8;57.6678;18.3516
2022;03;11;21;-1.3;57.6678;18.3516
2022;03;11;22;-2.0;57.6678;18.3516
2022;03;11;23;-1.2;57.6678;18.3516
2022;04;12;0;-2.0;57.6678;18.3516
2022;04;12;1;-3.0;57.6678;18.3516
2022;04;12;2;-3.2;57.6678;18.3516
2022;04;12;3;-3.6;57.6678;18.3516
2022;04;12;4;-3.7;57.6678;18.3516
2022;04;12;5;-1.4;57.6678;18.3516
2022;04;12;6;2.6;57.6678;18.3516
2022;04;12;7;5.0;57.6678;18.3516
2022;04;12;8;5.6;57.6678;18.3516
2022;04;12;9;5.7;57.6678;18.3516
2022;04;12;10;6.9;57.6678;18.3516
2022;04;12;11;6.4;57.6678;18.3516
2022;04;12;12;6.4;57.6678;18.3516
2022;04;12;13;7.4;57.6678;18.3516
2022;04;12;14;8.3;57.6678;18.3516
2022;04;12;15;8.3;57.6678;18.3516
2022;04;12;16;8.6;57.6678;18.3516
2022;04;12;17;6.6;57.6678;18.3516
2022;04;12;18;4.7;57.6678;18.3516
2022;04;12;19;2.7;57.6678;18.3516
2022;04;12;20;3.8;57.6678;18.3516
2022;04;12;21;3.3;57.6678;18.3516
2022;04;12;22;3.0;57.6678;18.3516
2022;04;12;23;1.3;57.6678;18.3516
2022;11;06;0;7.9;57.6678;18.3516
2022;11;06;1;6.4;57.6678;18.3516
2022;11;06;2;6.7;57.6678;18.3516
2022;11;06;3;5.9;57.6678;18.3516
2022;11;06;4;7.1;57.6678;18.3516
2022;11;06;5;7.4;57.6678;18.3516
2022;11;06;6;8.0;57.6678;18.3516
2022;11;06;7;8.7;57.6678;18.3516
2022;11;06;8;9.5;57.6678;18.3516
2022;11;06;9;10.2;57.6678;18.3516
2022;11;06;10;10.1;57.6678;18.3516
2022;11;06;11;10.4;57.6678;18.3516
2022;11;06;12;10.6;57.6678;18.3516
2022;11;06;13;10.3;57.6678;18.3516
2022;11;06;14;10.1;57.6678;18.3516
2022;11;06;15;10.5;57.6678;18.3516
2022;11;06;16;10.3;57.6678;18.3516
2022;11;06;17;10.1;57.6678;18.3516
2022;11;06;18;10.0;57.6678;18.3516
2022;11;06;19;9.9;57.6678;18.3516
2022;11;06;20;9.9;57.6678;18.3516
2022;11;06;21;10.2;57.6678;18.3516
2022;11;06;22;10.5;57.6678;18.3516
2022;11;06;23;10.6;57.6678;18.3516
2023;03;11;0;-2.6;57.6678;18.3516
2023;03;11;1;-2.7;57.6678;18.3516
2023;03;11;2;-2.6;57.6678;18.3516
2023;03;11;3;-2.6;57.6678;18.3516
2023;03;11;4;-2.4;57.6678;18.3516
2023;03;11;5;-2.3;57.6678;18.3516
2023;03;11;6;-1.7;57.6678;18.3516
2023;03;11;7;-1.2;57.6678;18.3516
2023;03;11;8;-0.5;57.6678;18.3516
2023;03;11;9;-0.2;57.6678;18.3516
2023;03;11;10;0.2;57.6678;18.3516
2023;03;11;11;-0.8;57.6678;18.3516
2023;03;11;12;-0.8;57.6678;18.3516
2023;03;11;13;-0.4;57.6678;18.3516
2023;03;11;14;-0.3;57.6678;18.3516
2023;03;11;15;-0.7;57.6678;18.3516
2023;03;11;16;-0.6;57.6678;18.3516
2023;03;11;17;-0.6;57.6678;18.3516
2023;03;11;18;-0.4;57.6678;18.3516
2023;03;11;19;-0.6;57.6678;18.3516
2023;03;11;20;-1.1;57.6678;18.3516
2023;03;11;21;-0.7;57.6678;18.3516
2023;03;11;22;-0.9;57.6678;18.3516
2023;03;11;23;-2.3;57.6678;18.3516
2023;04;12;0;5.6;57.6678;18.3516
2023;04;12;1;5.4;57.6678;18.3516
2023;04;12;2;4.9;57.6678;18.3516
2023;04;12;3;4.3;57.6678;18.3516
2023;04;12;4;3.8;57.6678;18.3516
2023;04;12;5;4.2;57.6678;18.3516
2023;04;12;6;6.2;57.6678;18.3516
2023;04;12;7;9.1;57.6678;18.3516
2023;04;12;8;11.0;57.6678;18.3516
2023;04;12;9;12.6;57.6678;18.3516
2023;04;12;10;7.9;57.6678;18.3516
2023;04;12;11;14.8;57.6678;18.3516
2023;04;12;12;14.8;57.6678;18.3516
2023;04;12;13;14.8;57.6678;18.3516
2023;04;12;14;14.0;57.6678;18.3516
2023;04;12;15;14.1;57.6678;18.3516
2023;04;12;16;13.3;57.6678;18.3516
2023;04;12;17;11.3;57.6678;18.3516
2023;04;12;18;8.6;57.6678;18.3516
2023;04;12;19;7.2;57.6678;18.3516
2023;04;12;20;8.7;57.6678;18.3516
2023;04;12;21;8.1;57.6678;18.3516
2023;04;12;22;8.3;57.6678;18.3516
2023;04;12;23;8.4;57.6678;18.3516
